solid Piston. STL generated by ONSHAPE BY PTC INC, 1.220. Units = meters
   facet normal 0 0 1
      outer loop
         vertex 0 -0.02 0.325
         vertex -0.0149121 -0.0216218 0.325
         vertex -0.0146493 -0.0232246 0.325
      endloop
   endfacet
   facet normal 0 0 1
      outer loop
         vertex -0.0146493 -0.0232246 0.325
         vertex -0.0142148 -0.0247895 0.325
         vertex 0 -0.02 0.325
      endloop
   endfacet
   facet normal 0 0 1
      outer loop
         vertex -0.0142148 -0.0247895 0.325
         vertex -0.0136136 -0.0262983 0.325
         vertex 0 -0.02 0.325
      endloop
   endfacet
   facet normal 0 0 1
      outer loop
         vertex -0.0136136 -0.0262983 0.325
         vertex -0.0128529 -0.0277333 0.325
         vertex 0 -0.02 0.325
      endloop
   endfacet
   facet normal 0 0 1
      outer loop
         vertex -0.0128529 -0.0277333 0.325
         vertex -0.0119414 -0.0290776 0.325
         vertex 0 -0.02 0.325
      endloop
   endfacet
   facet normal 0 0 1
      outer loop
         vertex -0.0119414 -0.0290776 0.325
         vertex -0.0108899 -0.0303155 0.325
         vertex 0 -0.02 0.325
      endloop
   endfacet
   facet normal 0 0 1
      outer loop
         vertex -0.0108899 -0.0303155 0.325
         vertex -0.00971079 -0.0314324 0.325
         vertex 0 -0.02 0.325
      endloop
   endfacet
   facet normal 0 0 1
      outer loop
         vertex -0.00971079 -0.0314324 0.325
         vertex -0.00841781 -0.0324153 0.325
         vertex 0 -0.02 0.325
      endloop
   endfacet
   facet normal 0 0 1
      outer loop
         vertex -0.00841781 -0.0324153 0.325
         vertex -0.00702613 -0.0332527 0.325
         vertex 0 -0.02 0.325
      endloop
   endfacet
   facet normal 0 0 1
      outer loop
         vertex -0.00702613 -0.0332527 0.325
         vertex -0.00555207 -0.0339347 0.325
         vertex 0 -0.02 0.325
      endloop
   endfacet
   facet normal 0 0 1
      outer loop
         vertex -0.00555207 -0.0339347 0.325
         vertex -0.00401293 -0.0344532 0.325
         vertex 0 -0.02 0.325
      endloop
   endfacet
   facet normal 0 0 1
      outer loop
         vertex -0.00401293 -0.0344532 0.325
         vertex -0.00242673 -0.0348024 0.325
         vertex 0 -0.02 0.325
      endloop
   endfacet
   facet normal 0 0 1
      outer loop
         vertex -0.00242673 -0.0348024 0.325
         vertex -0.000812084 -0.034978 0.325
         vertex 0 -0.02 0.325
      endloop
   endfacet
   facet normal 0 0 1
      outer loop
         vertex -0.000812084 -0.034978 0.325
         vertex 0.000812084 -0.034978 0.325
         vertex 0 -0.02 0.325
      endloop
   endfacet
   facet normal 0 0 1
      outer loop
         vertex 0.000812084 -0.034978 0.325
         vertex 0.00242673 -0.0348024 0.325
         vertex 0 -0.02 0.325
      endloop
   endfacet
   facet normal 0 0 1
      outer loop
         vertex 0.00242673 -0.0348024 0.325
         vertex 0.00401293 -0.0344532 0.325
         vertex 0 -0.02 0.325
      endloop
   endfacet
   facet normal 0 0 1
      outer loop
         vertex 0.00401293 -0.0344532 0.325
         vertex 0.00555207 -0.0339347 0.325
         vertex 0 -0.02 0.325
      endloop
   endfacet
   facet normal 0 0 1
      outer loop
         vertex 0.00555207 -0.0339347 0.325
         vertex 0.00702613 -0.0332527 0.325
         vertex 0 -0.02 0.325
      endloop
   endfacet
   facet normal 0 0 1
      outer loop
         vertex 0.00702613 -0.0332527 0.325
         vertex 0.00841781 -0.0324153 0.325
         vertex 0 -0.02 0.325
      endloop
   endfacet
   facet normal 0 0 1
      outer loop
         vertex 0.00841781 -0.0324153 0.325
         vertex 0.00971079 -0.0314324 0.325
         vertex 0 -0.02 0.325
      endloop
   endfacet
   facet normal 0 0 1
      outer loop
         vertex 0.00971079 -0.0314324 0.325
         vertex 0.0108899 -0.0303155 0.325
         vertex 0 -0.02 0.325
      endloop
   endfacet
   facet normal 0 0 1
      outer loop
         vertex 0.0108899 -0.0303155 0.325
         vertex 0.0119414 -0.0290776 0.325
         vertex 0 -0.02 0.325
      endloop
   endfacet
   facet normal 0 0 1
      outer loop
         vertex 0.0119414 -0.0290776 0.325
         vertex 0.0128529 -0.0277333 0.325
         vertex 0 -0.02 0.325
      endloop
   endfacet
   facet normal 0 0 1
      outer loop
         vertex 0.0128529 -0.0277333 0.325
         vertex 0.0136136 -0.0262983 0.325
         vertex 0 -0.02 0.325
      endloop
   endfacet
   facet normal 0 0 1
      outer loop
         vertex 0.0136136 -0.0262983 0.325
         vertex 0.0142148 -0.0247895 0.325
         vertex 0 -0.02 0.325
      endloop
   endfacet
   facet normal 0 0 1
      outer loop
         vertex 0.0142148 -0.0247895 0.325
         vertex 0.0146493 -0.0232246 0.325
         vertex 0 -0.02 0.325
      endloop
   endfacet
   facet normal 0 0 1
      outer loop
         vertex 0.0146493 -0.0232246 0.325
         vertex 0.0149121 -0.0216218 0.325
         vertex 0 -0.02 0.325
      endloop
   endfacet
   facet normal 0 0 1
      outer loop
         vertex 0.0149121 -0.0216218 0.325
         vertex 0.015 -0.02 0.325
         vertex 0 -0.02 0.325
      endloop
   endfacet
   facet normal 0 0 1
      outer loop
         vertex 0.015 -0.02 0.325
         vertex 0.0149121 -0.0183782 0.325
         vertex 0 -0.02 0.325
      endloop
   endfacet
   facet normal 0 0 1
      outer loop
         vertex 0.0149121 -0.0183782 0.325
         vertex 0.0146493 -0.0167754 0.325
         vertex 0 -0.02 0.325
      endloop
   endfacet
   facet normal 0 0 1
      outer loop
         vertex 0.0146493 -0.0167754 0.325
         vertex 0.0142148 -0.0152105 0.325
         vertex 0 -0.02 0.325
      endloop
   endfacet
   facet normal 0 0 1
      outer loop
         vertex 0.0142148 -0.0152105 0.325
         vertex 0.0136136 -0.0137017 0.325
         vertex 0 -0.02 0.325
      endloop
   endfacet
   facet normal 0 0 1
      outer loop
         vertex 0.0136136 -0.0137017 0.325
         vertex 0.0128529 -0.0122667 0.325
         vertex 0 -0.02 0.325
      endloop
   endfacet
   facet normal 0 0 1
      outer loop
         vertex 0.0128529 -0.0122667 0.325
         vertex 0.0119414 -0.0109224 0.325
         vertex 0 -0.02 0.325
      endloop
   endfacet
   facet normal 0 0 1
      outer loop
         vertex 0.0119414 -0.0109224 0.325
         vertex 0.0108899 -0.00968451 0.325
         vertex 0 -0.02 0.325
      endloop
   endfacet
   facet normal 0 0 1
      outer loop
         vertex 0.0108899 -0.00968451 0.325
         vertex 0.00971079 -0.00856757 0.325
         vertex 0 -0.02 0.325
      endloop
   endfacet
   facet normal 0 0 1
      outer loop
         vertex 0.00971079 -0.00856757 0.325
         vertex 0.00841781 -0.00758467 0.325
         vertex 0 -0.02 0.325
      endloop
   endfacet
   facet normal 0 0 1
      outer loop
         vertex 0.00841781 -0.00758467 0.325
         vertex 0.00702613 -0.00674732 0.325
         vertex 0 -0.02 0.325
      endloop
   endfacet
   facet normal 0 0 1
      outer loop
         vertex 0.00702613 -0.00674732 0.325
         vertex 0.00555207 -0.00606535 0.325
         vertex 0 -0.02 0.325
      endloop
   endfacet
   facet normal 0 0 1
      outer loop
         vertex 0.00555207 -0.00606535 0.325
         vertex 0.00401293 -0.00554675 0.325
         vertex 0 -0.02 0.325
      endloop
   endfacet
   facet normal 0 0 1
      outer loop
         vertex 0.00401293 -0.00554675 0.325
         vertex 0.00242673 -0.0051976 0.325
         vertex 0 -0.02 0.325
      endloop
   endfacet
   facet normal 0 0 1
      outer loop
         vertex 0.00242673 -0.0051976 0.325
         vertex 0.000812084 -0.005022 0.325
         vertex 0 -0.02 0.325
      endloop
   endfacet
   facet normal 0 0 1
      outer loop
         vertex 0.000812084 -0.005022 0.325
         vertex -0.000812084 -0.005022 0.325
         vertex 0 -0.02 0.325
      endloop
   endfacet
   facet normal 0 0 1
      outer loop
         vertex -0.000812084 -0.005022 0.325
         vertex -0.00242673 -0.0051976 0.325
         vertex 0 -0.02 0.325
      endloop
   endfacet
   facet normal 0 0 1
      outer loop
         vertex -0.00242673 -0.0051976 0.325
         vertex -0.00401293 -0.00554675 0.325
         vertex 0 -0.02 0.325
      endloop
   endfacet
   facet normal 0 0 1
      outer loop
         vertex -0.00401293 -0.00554675 0.325
         vertex -0.00555207 -0.00606535 0.325
         vertex 0 -0.02 0.325
      endloop
   endfacet
   facet normal 0 0 1
      outer loop
         vertex -0.00555207 -0.00606535 0.325
         vertex -0.00702613 -0.00674732 0.325
         vertex 0 -0.02 0.325
      endloop
   endfacet
   facet normal 0 0 1
      outer loop
         vertex -0.00702613 -0.00674732 0.325
         vertex -0.00841781 -0.00758467 0.325
         vertex 0 -0.02 0.325
      endloop
   endfacet
   facet normal 0 0 1
      outer loop
         vertex -0.00841781 -0.00758467 0.325
         vertex -0.00971079 -0.00856757 0.325
         vertex 0 -0.02 0.325
      endloop
   endfacet
   facet normal 0 0 1
      outer loop
         vertex -0.00971079 -0.00856757 0.325
         vertex -0.0108899 -0.00968451 0.325
         vertex 0 -0.02 0.325
      endloop
   endfacet
   facet normal 0 0 1
      outer loop
         vertex -0.0108899 -0.00968451 0.325
         vertex -0.0119414 -0.0109224 0.325
         vertex 0 -0.02 0.325
      endloop
   endfacet
   facet normal 0 0 1
      outer loop
         vertex -0.0119414 -0.0109224 0.325
         vertex -0.0128529 -0.0122667 0.325
         vertex 0 -0.02 0.325
      endloop
   endfacet
   facet normal 0 0 1
      outer loop
         vertex -0.0128529 -0.0122667 0.325
         vertex -0.0136136 -0.0137017 0.325
         vertex 0 -0.02 0.325
      endloop
   endfacet
   facet normal 0 0 1
      outer loop
         vertex -0.0136136 -0.0137017 0.325
         vertex -0.0142148 -0.0152105 0.325
         vertex 0 -0.02 0.325
      endloop
   endfacet
   facet normal 0 0 1
      outer loop
         vertex -0.0142148 -0.0152105 0.325
         vertex -0.0146493 -0.0167754 0.325
         vertex 0 -0.02 0.325
      endloop
   endfacet
   facet normal 0 0 1
      outer loop
         vertex -0.0146493 -0.0167754 0.325
         vertex -0.0149121 -0.0183782 0.325
         vertex 0 -0.02 0.325
      endloop
   endfacet
   facet normal 0 0 1
      outer loop
         vertex -0.0149121 -0.0183782 0.325
         vertex -0.015 -0.02 0.325
         vertex 0 -0.02 0.325
      endloop
   endfacet
   facet normal 0 0 1
      outer loop
         vertex -0.015 -0.02 0.325
         vertex -0.0149121 -0.0216218 0.325
         vertex 0 -0.02 0.325
      endloop
   endfacet
   facet normal 1 0 0
      outer loop
         vertex 0.015 -0.02 0.325
         vertex 0.015 -0.02 0.025
         vertex 0.0149121 -0.0183782 0.025
      endloop
   endfacet
   facet normal 0.994138 0.108119 0
      outer loop
         vertex 0.0149121 -0.0183782 0.325
         vertex 0.0149121 -0.0183782 0.025
         vertex 0.0146493 -0.0167754 0.025
      endloop
   endfacet
   facet normal 0.976621 0.21497 0
      outer loop
         vertex 0.0146493 -0.0167754 0.325
         vertex 0.0146493 -0.0167754 0.025
         vertex 0.0142148 -0.0152105 0.025
      endloop
   endfacet
   facet normal 0.947653 0.319302 0
      outer loop
         vertex 0.0142148 -0.0152105 0.325
         vertex 0.0142148 -0.0152105 0.025
         vertex 0.0136136 -0.0137017 0.025
      endloop
   endfacet
   facet normal 0.907575 0.419889 0
      outer loop
         vertex 0.0136136 -0.0137017 0.325
         vertex 0.0136136 -0.0137017 0.025
         vertex 0.0128529 -0.0122667 0.025
      endloop
   endfacet
   facet normal 0.856857 0.515554 0
      outer loop
         vertex 0.0128529 -0.0122667 0.325
         vertex 0.0128529 -0.0122667 0.025
         vertex 0.0119414 -0.0109224 0.025
      endloop
   endfacet
   facet normal 0.796093 0.605174 0
      outer loop
         vertex 0.0119414 -0.0109224 0.325
         vertex 0.0119414 -0.0109224 0.025
         vertex 0.0108899 -0.00968451 0.025
      endloop
   endfacet
   facet normal 0.725995 0.687699 0
      outer loop
         vertex 0.0108899 -0.00968451 0.325
         vertex 0.0108899 -0.00968451 0.025
         vertex 0.00971079 -0.00856757 0.025
      endloop
   endfacet
   facet normal 0.647386 0.762162 0
      outer loop
         vertex 0.00971079 -0.00856757 0.325
         vertex 0.00971079 -0.00856757 0.025
         vertex 0.00841781 -0.00758467 0.025
      endloop
   endfacet
   facet normal 0.561187 0.827689 0
      outer loop
         vertex 0.00841781 -0.00758467 0.325
         vertex 0.00841781 -0.00758467 0.025
         vertex 0.00702613 -0.00674732 0.025
      endloop
   endfacet
   facet normal 0.468408 0.883512 0
      outer loop
         vertex 0.00702613 -0.00674732 0.325
         vertex 0.00702613 -0.00674732 0.025
         vertex 0.00555207 -0.00606535 0.025
      endloop
   endfacet
   facet normal 0.370138 0.928977 0
      outer loop
         vertex 0.00555207 -0.00606535 0.325
         vertex 0.00555207 -0.00606535 0.025
         vertex 0.00401293 -0.00554675 0.025
      endloop
   endfacet
   facet normal 0.267528 0.96355 0
      outer loop
         vertex 0.00401293 -0.00554675 0.325
         vertex 0.00401293 -0.00554675 0.025
         vertex 0.00242673 -0.0051976 0.025
      endloop
   endfacet
   facet normal 0.161782 0.986827 0
      outer loop
         vertex 0.00242673 -0.0051976 0.325
         vertex 0.00242673 -0.0051976 0.025
         vertex 0.000812084 -0.005022 0.025
      endloop
   endfacet
   facet normal 0.0541389 0.998533 0
      outer loop
         vertex 0.000812084 -0.005022 0.325
         vertex 0.000812084 -0.005022 0.025
         vertex -0.000812084 -0.005022 0.025
      endloop
   endfacet
   facet normal -0.0541389 0.998533 0
      outer loop
         vertex -0.000812084 -0.005022 0.325
         vertex -0.000812084 -0.005022 0.025
         vertex -0.00242673 -0.0051976 0.025
      endloop
   endfacet
   facet normal -0.161782 0.986827 0
      outer loop
         vertex -0.00242673 -0.0051976 0.325
         vertex -0.00242673 -0.0051976 0.025
         vertex -0.00401293 -0.00554675 0.025
      endloop
   endfacet
   facet normal -0.267528 0.96355 0
      outer loop
         vertex -0.00401293 -0.00554675 0.325
         vertex -0.00401293 -0.00554675 0.025
         vertex -0.00555207 -0.00606535 0.025
      endloop
   endfacet
   facet normal -0.370138 0.928977 0
      outer loop
         vertex -0.00555207 -0.00606535 0.325
         vertex -0.00555207 -0.00606535 0.025
         vertex -0.00702613 -0.00674732 0.025
      endloop
   endfacet
   facet normal -0.468408 0.883512 0
      outer loop
         vertex -0.00702613 -0.00674732 0.325
         vertex -0.00702613 -0.00674732 0.025
         vertex -0.00841781 -0.00758467 0.025
      endloop
   endfacet
   facet normal -0.561187 0.827689 0
      outer loop
         vertex -0.00841781 -0.00758467 0.325
         vertex -0.00841781 -0.00758467 0.025
         vertex -0.00971079 -0.00856757 0.025
      endloop
   endfacet
   facet normal -0.647386 0.762162 0
      outer loop
         vertex -0.00971079 -0.00856757 0.325
         vertex -0.00971079 -0.00856757 0.025
         vertex -0.0108899 -0.00968451 0.025
      endloop
   endfacet
   facet normal -0.725995 0.687699 0
      outer loop
         vertex -0.0108899 -0.00968451 0.325
         vertex -0.0108899 -0.00968451 0.025
         vertex -0.0119414 -0.0109224 0.025
      endloop
   endfacet
   facet normal -0.796093 0.605174 0
      outer loop
         vertex -0.0119414 -0.0109224 0.325
         vertex -0.0119414 -0.0109224 0.025
         vertex -0.0128529 -0.0122667 0.025
      endloop
   endfacet
   facet normal -0.856857 0.515554 0
      outer loop
         vertex -0.0128529 -0.0122667 0.325
         vertex -0.0128529 -0.0122667 0.025
         vertex -0.0136136 -0.0137017 0.025
      endloop
   endfacet
   facet normal -0.907575 0.419889 0
      outer loop
         vertex -0.0136136 -0.0137017 0.325
         vertex -0.0136136 -0.0137017 0.025
         vertex -0.0142148 -0.0152105 0.025
      endloop
   endfacet
   facet normal -0.947653 0.319302 0
      outer loop
         vertex -0.0142148 -0.0152105 0.325
         vertex -0.0142148 -0.0152105 0.025
         vertex -0.0146493 -0.0167754 0.025
      endloop
   endfacet
   facet normal -0.976621 0.21497 0
      outer loop
         vertex -0.0146493 -0.0167754 0.325
         vertex -0.0146493 -0.0167754 0.025
         vertex -0.0149121 -0.0183782 0.025
      endloop
   endfacet
   facet normal -0.994138 0.108119 0
      outer loop
         vertex -0.0149121 -0.0183782 0.325
         vertex -0.0149121 -0.0183782 0.025
         vertex -0.015 -0.02 0.025
      endloop
   endfacet
   facet normal -1 1.22465e-16 0
      outer loop
         vertex -0.015 -0.02 0.325
         vertex -0.015 -0.02 0.025
         vertex -0.0149121 -0.0216218 0.025
      endloop
   endfacet
   facet normal -0.994138 -0.108119 0
      outer loop
         vertex -0.0149121 -0.0216218 0.325
         vertex -0.0149121 -0.0216218 0.025
         vertex -0.0146493 -0.0232246 0.025
      endloop
   endfacet
   facet normal -0.976621 -0.21497 0
      outer loop
         vertex -0.0146493 -0.0232246 0.325
         vertex -0.0146493 -0.0232246 0.025
         vertex -0.0142148 -0.0247895 0.025
      endloop
   endfacet
   facet normal -0.947653 -0.319302 0
      outer loop
         vertex -0.0142148 -0.0247895 0.325
         vertex -0.0142148 -0.0247895 0.025
         vertex -0.0136136 -0.0262983 0.025
      endloop
   endfacet
   facet normal -0.907575 -0.419889 0
      outer loop
         vertex -0.0136136 -0.0262983 0.325
         vertex -0.0136136 -0.0262983 0.025
         vertex -0.0128529 -0.0277333 0.025
      endloop
   endfacet
   facet normal -0.856857 -0.515554 0
      outer loop
         vertex -0.0128529 -0.0277333 0.325
         vertex -0.0128529 -0.0277333 0.025
         vertex -0.0119414 -0.0290776 0.025
      endloop
   endfacet
   facet normal -0.796093 -0.605174 0
      outer loop
         vertex -0.0119414 -0.0290776 0.325
         vertex -0.0119414 -0.0290776 0.025
         vertex -0.0108899 -0.0303155 0.025
      endloop
   endfacet
   facet normal -0.725995 -0.687699 0
      outer loop
         vertex -0.0108899 -0.0303155 0.325
         vertex -0.0108899 -0.0303155 0.025
         vertex -0.00971079 -0.0314324 0.025
      endloop
   endfacet
   facet normal -0.647386 -0.762162 0
      outer loop
         vertex -0.00971079 -0.0314324 0.325
         vertex -0.00971079 -0.0314324 0.025
         vertex -0.00841781 -0.0324153 0.025
      endloop
   endfacet
   facet normal -0.561187 -0.827689 0
      outer loop
         vertex -0.00841781 -0.0324153 0.325
         vertex -0.00841781 -0.0324153 0.025
         vertex -0.00702613 -0.0332527 0.025
      endloop
   endfacet
   facet normal -0.468408 -0.883512 0
      outer loop
         vertex -0.00702613 -0.0332527 0.325
         vertex -0.00702613 -0.0332527 0.025
         vertex -0.00555207 -0.0339347 0.025
      endloop
   endfacet
   facet normal -0.370138 -0.928977 0
      outer loop
         vertex -0.00555207 -0.0339347 0.325
         vertex -0.00555207 -0.0339347 0.025
         vertex -0.00401293 -0.0344532 0.025
      endloop
   endfacet
   facet normal -0.267528 -0.96355 0
      outer loop
         vertex -0.00401293 -0.0344532 0.325
         vertex -0.00401293 -0.0344532 0.025
         vertex -0.00242673 -0.0348024 0.025
      endloop
   endfacet
   facet normal -0.161782 -0.986827 0
      outer loop
         vertex -0.00242673 -0.0348024 0.325
         vertex -0.00242673 -0.0348024 0.025
         vertex -0.000812084 -0.034978 0.025
      endloop
   endfacet
   facet normal -0.0541389 -0.998533 0
      outer loop
         vertex -0.000812084 -0.034978 0.325
         vertex -0.000812084 -0.034978 0.025
         vertex 0.000812084 -0.034978 0.025
      endloop
   endfacet
   facet normal 0.0541389 -0.998533 0
      outer loop
         vertex 0.000812084 -0.034978 0.325
         vertex 0.000812084 -0.034978 0.025
         vertex 0.00242673 -0.0348024 0.025
      endloop
   endfacet
   facet normal 0.161782 -0.986827 0
      outer loop
         vertex 0.00242673 -0.0348024 0.325
         vertex 0.00242673 -0.0348024 0.025
         vertex 0.00401293 -0.0344532 0.025
      endloop
   endfacet
   facet normal 0.267528 -0.96355 0
      outer loop
         vertex 0.00401293 -0.0344532 0.325
         vertex 0.00401293 -0.0344532 0.025
         vertex 0.00555207 -0.0339347 0.025
      endloop
   endfacet
   facet normal 0.370138 -0.928977 0
      outer loop
         vertex 0.00555207 -0.0339347 0.325
         vertex 0.00555207 -0.0339347 0.025
         vertex 0.00702613 -0.0332527 0.025
      endloop
   endfacet
   facet normal 0.468408 -0.883512 0
      outer loop
         vertex 0.00702613 -0.0332527 0.325
         vertex 0.00702613 -0.0332527 0.025
         vertex 0.00841781 -0.0324153 0.025
      endloop
   endfacet
   facet normal 0.561187 -0.827689 0
      outer loop
         vertex 0.00841781 -0.0324153 0.325
         vertex 0.00841781 -0.0324153 0.025
         vertex 0.00971079 -0.0314324 0.025
      endloop
   endfacet
   facet normal 0.647386 -0.762162 0
      outer loop
         vertex 0.00971079 -0.0314324 0.325
         vertex 0.00971079 -0.0314324 0.025
         vertex 0.0108899 -0.0303155 0.025
      endloop
   endfacet
   facet normal 0.725995 -0.687699 0
      outer loop
         vertex 0.0108899 -0.0303155 0.325
         vertex 0.0108899 -0.0303155 0.025
         vertex 0.0119414 -0.0290776 0.025
      endloop
   endfacet
   facet normal 0.796093 -0.605174 0
      outer loop
         vertex 0.0119414 -0.0290776 0.325
         vertex 0.0119414 -0.0290776 0.025
         vertex 0.0128529 -0.0277333 0.025
      endloop
   endfacet
   facet normal 0.856857 -0.515554 0
      outer loop
         vertex 0.0128529 -0.0277333 0.325
         vertex 0.0128529 -0.0277333 0.025
         vertex 0.0136136 -0.0262983 0.025
      endloop
   endfacet
   facet normal 0.907575 -0.419889 0
      outer loop
         vertex 0.0136136 -0.0262983 0.325
         vertex 0.0136136 -0.0262983 0.025
         vertex 0.0142148 -0.0247895 0.025
      endloop
   endfacet
   facet normal 0.947653 -0.319302 0
      outer loop
         vertex 0.0142148 -0.0247895 0.325
         vertex 0.0142148 -0.0247895 0.025
         vertex 0.0146493 -0.0232246 0.025
      endloop
   endfacet
   facet normal 0.976621 -0.21497 0
      outer loop
         vertex 0.0146493 -0.0232246 0.325
         vertex 0.0146493 -0.0232246 0.025
         vertex 0.0149121 -0.0216218 0.025
      endloop
   endfacet
   facet normal 0.994138 -0.108119 0
      outer loop
         vertex 0.0149121 -0.0216218 0.325
         vertex 0.0149121 -0.0216218 0.025
         vertex 0.015 -0.02 0.025
      endloop
   endfacet
   facet normal 1 0 0
      outer loop
         vertex 0.015 -0.02 0.025
         vertex 0.015 -0.02 0.325
         vertex 0.0149121 -0.0216218 0.325
      endloop
   endfacet
   facet normal 0.994138 -0.108119 0
      outer loop
         vertex 0.0149121 -0.0216218 0.025
         vertex 0.0149121 -0.0216218 0.325
         vertex 0.0146493 -0.0232246 0.325
      endloop
   endfacet
   facet normal 0.976621 -0.21497 0
      outer loop
         vertex 0.0146493 -0.0232246 0.025
         vertex 0.0146493 -0.0232246 0.325
         vertex 0.0142148 -0.0247895 0.325
      endloop
   endfacet
   facet normal 0.947653 -0.319302 0
      outer loop
         vertex 0.0142148 -0.0247895 0.025
         vertex 0.0142148 -0.0247895 0.325
         vertex 0.0136136 -0.0262983 0.325
      endloop
   endfacet
   facet normal 0.907575 -0.419889 0
      outer loop
         vertex 0.0136136 -0.0262983 0.025
         vertex 0.0136136 -0.0262983 0.325
         vertex 0.0128529 -0.0277333 0.325
      endloop
   endfacet
   facet normal 0.856857 -0.515554 0
      outer loop
         vertex 0.0128529 -0.0277333 0.025
         vertex 0.0128529 -0.0277333 0.325
         vertex 0.0119414 -0.0290776 0.325
      endloop
   endfacet
   facet normal 0.796093 -0.605174 0
      outer loop
         vertex 0.0119414 -0.0290776 0.025
         vertex 0.0119414 -0.0290776 0.325
         vertex 0.0108899 -0.0303155 0.325
      endloop
   endfacet
   facet normal 0.725995 -0.687699 0
      outer loop
         vertex 0.0108899 -0.0303155 0.025
         vertex 0.0108899 -0.0303155 0.325
         vertex 0.00971079 -0.0314324 0.325
      endloop
   endfacet
   facet normal 0.647386 -0.762162 0
      outer loop
         vertex 0.00971079 -0.0314324 0.025
         vertex 0.00971079 -0.0314324 0.325
         vertex 0.00841781 -0.0324153 0.325
      endloop
   endfacet
   facet normal 0.561187 -0.827689 0
      outer loop
         vertex 0.00841781 -0.0324153 0.025
         vertex 0.00841781 -0.0324153 0.325
         vertex 0.00702613 -0.0332527 0.325
      endloop
   endfacet
   facet normal 0.468408 -0.883512 0
      outer loop
         vertex 0.00702613 -0.0332527 0.025
         vertex 0.00702613 -0.0332527 0.325
         vertex 0.00555207 -0.0339347 0.325
      endloop
   endfacet
   facet normal 0.370138 -0.928977 0
      outer loop
         vertex 0.00555207 -0.0339347 0.025
         vertex 0.00555207 -0.0339347 0.325
         vertex 0.00401293 -0.0344532 0.325
      endloop
   endfacet
   facet normal 0.267528 -0.96355 0
      outer loop
         vertex 0.00401293 -0.0344532 0.025
         vertex 0.00401293 -0.0344532 0.325
         vertex 0.00242673 -0.0348024 0.325
      endloop
   endfacet
   facet normal 0.161782 -0.986827 0
      outer loop
         vertex 0.00242673 -0.0348024 0.025
         vertex 0.00242673 -0.0348024 0.325
         vertex 0.000812084 -0.034978 0.325
      endloop
   endfacet
   facet normal 0.0541389 -0.998533 0
      outer loop
         vertex 0.000812084 -0.034978 0.025
         vertex 0.000812084 -0.034978 0.325
         vertex -0.000812084 -0.034978 0.325
      endloop
   endfacet
   facet normal -0.0541389 -0.998533 0
      outer loop
         vertex -0.000812084 -0.034978 0.025
         vertex -0.000812084 -0.034978 0.325
         vertex -0.00242673 -0.0348024 0.325
      endloop
   endfacet
   facet normal -0.161782 -0.986827 0
      outer loop
         vertex -0.00242673 -0.0348024 0.025
         vertex -0.00242673 -0.0348024 0.325
         vertex -0.00401293 -0.0344532 0.325
      endloop
   endfacet
   facet normal -0.267528 -0.96355 0
      outer loop
         vertex -0.00401293 -0.0344532 0.025
         vertex -0.00401293 -0.0344532 0.325
         vertex -0.00555207 -0.0339347 0.325
      endloop
   endfacet
   facet normal -0.370138 -0.928977 0
      outer loop
         vertex -0.00555207 -0.0339347 0.025
         vertex -0.00555207 -0.0339347 0.325
         vertex -0.00702613 -0.0332527 0.325
      endloop
   endfacet
   facet normal -0.468408 -0.883512 0
      outer loop
         vertex -0.00702613 -0.0332527 0.025
         vertex -0.00702613 -0.0332527 0.325
         vertex -0.00841781 -0.0324153 0.325
      endloop
   endfacet
   facet normal -0.561187 -0.827689 0
      outer loop
         vertex -0.00841781 -0.0324153 0.025
         vertex -0.00841781 -0.0324153 0.325
         vertex -0.00971079 -0.0314324 0.325
      endloop
   endfacet
   facet normal -0.647386 -0.762162 0
      outer loop
         vertex -0.00971079 -0.0314324 0.025
         vertex -0.00971079 -0.0314324 0.325
         vertex -0.0108899 -0.0303155 0.325
      endloop
   endfacet
   facet normal -0.725995 -0.687699 0
      outer loop
         vertex -0.0108899 -0.0303155 0.025
         vertex -0.0108899 -0.0303155 0.325
         vertex -0.0119414 -0.0290776 0.325
      endloop
   endfacet
   facet normal -0.796093 -0.605174 0
      outer loop
         vertex -0.0119414 -0.0290776 0.025
         vertex -0.0119414 -0.0290776 0.325
         vertex -0.0128529 -0.0277333 0.325
      endloop
   endfacet
   facet normal -0.856857 -0.515554 0
      outer loop
         vertex -0.0128529 -0.0277333 0.025
         vertex -0.0128529 -0.0277333 0.325
         vertex -0.0136136 -0.0262983 0.325
      endloop
   endfacet
   facet normal -0.907575 -0.419889 0
      outer loop
         vertex -0.0136136 -0.0262983 0.025
         vertex -0.0136136 -0.0262983 0.325
         vertex -0.0142148 -0.0247895 0.325
      endloop
   endfacet
   facet normal -0.947653 -0.319302 0
      outer loop
         vertex -0.0142148 -0.0247895 0.025
         vertex -0.0142148 -0.0247895 0.325
         vertex -0.0146493 -0.0232246 0.325
      endloop
   endfacet
   facet normal -0.976621 -0.21497 0
      outer loop
         vertex -0.0146493 -0.0232246 0.025
         vertex -0.0146493 -0.0232246 0.325
         vertex -0.0149121 -0.0216218 0.325
      endloop
   endfacet
   facet normal -0.994138 -0.108119 0
      outer loop
         vertex -0.0149121 -0.0216218 0.025
         vertex -0.0149121 -0.0216218 0.325
         vertex -0.015 -0.02 0.325
      endloop
   endfacet
   facet normal -1 1.22465e-16 0
      outer loop
         vertex -0.015 -0.02 0.025
         vertex -0.015 -0.02 0.325
         vertex -0.0149121 -0.0183782 0.325
      endloop
   endfacet
   facet normal -0.994138 0.108119 0
      outer loop
         vertex -0.0149121 -0.0183782 0.025
         vertex -0.0149121 -0.0183782 0.325
         vertex -0.0146493 -0.0167754 0.325
      endloop
   endfacet
   facet normal -0.976621 0.21497 0
      outer loop
         vertex -0.0146493 -0.0167754 0.025
         vertex -0.0146493 -0.0167754 0.325
         vertex -0.0142148 -0.0152105 0.325
      endloop
   endfacet
   facet normal -0.947653 0.319302 0
      outer loop
         vertex -0.0142148 -0.0152105 0.025
         vertex -0.0142148 -0.0152105 0.325
         vertex -0.0136136 -0.0137017 0.325
      endloop
   endfacet
   facet normal -0.907575 0.419889 0
      outer loop
         vertex -0.0136136 -0.0137017 0.025
         vertex -0.0136136 -0.0137017 0.325
         vertex -0.0128529 -0.0122667 0.325
      endloop
   endfacet
   facet normal -0.856857 0.515554 0
      outer loop
         vertex -0.0128529 -0.0122667 0.025
         vertex -0.0128529 -0.0122667 0.325
         vertex -0.0119414 -0.0109224 0.325
      endloop
   endfacet
   facet normal -0.796093 0.605174 0
      outer loop
         vertex -0.0119414 -0.0109224 0.025
         vertex -0.0119414 -0.0109224 0.325
         vertex -0.0108899 -0.00968451 0.325
      endloop
   endfacet
   facet normal -0.725995 0.687699 0
      outer loop
         vertex -0.0108899 -0.00968451 0.025
         vertex -0.0108899 -0.00968451 0.325
         vertex -0.00971079 -0.00856757 0.325
      endloop
   endfacet
   facet normal -0.647386 0.762162 0
      outer loop
         vertex -0.00971079 -0.00856757 0.025
         vertex -0.00971079 -0.00856757 0.325
         vertex -0.00841781 -0.00758467 0.325
      endloop
   endfacet
   facet normal -0.561187 0.827689 0
      outer loop
         vertex -0.00841781 -0.00758467 0.025
         vertex -0.00841781 -0.00758467 0.325
         vertex -0.00702613 -0.00674732 0.325
      endloop
   endfacet
   facet normal -0.468408 0.883512 0
      outer loop
         vertex -0.00702613 -0.00674732 0.025
         vertex -0.00702613 -0.00674732 0.325
         vertex -0.00555207 -0.00606535 0.325
      endloop
   endfacet
   facet normal -0.370138 0.928977 0
      outer loop
         vertex -0.00555207 -0.00606535 0.025
         vertex -0.00555207 -0.00606535 0.325
         vertex -0.00401293 -0.00554675 0.325
      endloop
   endfacet
   facet normal -0.267528 0.96355 0
      outer loop
         vertex -0.00401293 -0.00554675 0.025
         vertex -0.00401293 -0.00554675 0.325
         vertex -0.00242673 -0.0051976 0.325
      endloop
   endfacet
   facet normal -0.161782 0.986827 0
      outer loop
         vertex -0.00242673 -0.0051976 0.025
         vertex -0.00242673 -0.0051976 0.325
         vertex -0.000812084 -0.005022 0.325
      endloop
   endfacet
   facet normal -0.0541389 0.998533 0
      outer loop
         vertex -0.000812084 -0.005022 0.025
         vertex -0.000812084 -0.005022 0.325
         vertex 0.000812084 -0.005022 0.325
      endloop
   endfacet
   facet normal 0.0541389 0.998533 0
      outer loop
         vertex 0.000812084 -0.005022 0.025
         vertex 0.000812084 -0.005022 0.325
         vertex 0.00242673 -0.0051976 0.325
      endloop
   endfacet
   facet normal 0.161782 0.986827 0
      outer loop
         vertex 0.00242673 -0.0051976 0.025
         vertex 0.00242673 -0.0051976 0.325
         vertex 0.00401293 -0.00554675 0.325
      endloop
   endfacet
   facet normal 0.267528 0.96355 0
      outer loop
         vertex 0.00401293 -0.00554675 0.025
         vertex 0.00401293 -0.00554675 0.325
         vertex 0.00555207 -0.00606535 0.325
      endloop
   endfacet
   facet normal 0.370138 0.928977 0
      outer loop
         vertex 0.00555207 -0.00606535 0.025
         vertex 0.00555207 -0.00606535 0.325
         vertex 0.00702613 -0.00674732 0.325
      endloop
   endfacet
   facet normal 0.468408 0.883512 0
      outer loop
         vertex 0.00702613 -0.00674732 0.025
         vertex 0.00702613 -0.00674732 0.325
         vertex 0.00841781 -0.00758467 0.325
      endloop
   endfacet
   facet normal 0.561187 0.827689 0
      outer loop
         vertex 0.00841781 -0.00758467 0.025
         vertex 0.00841781 -0.00758467 0.325
         vertex 0.00971079 -0.00856757 0.325
      endloop
   endfacet
   facet normal 0.647386 0.762162 0
      outer loop
         vertex 0.00971079 -0.00856757 0.025
         vertex 0.00971079 -0.00856757 0.325
         vertex 0.0108899 -0.00968451 0.325
      endloop
   endfacet
   facet normal 0.725995 0.687699 0
      outer loop
         vertex 0.0108899 -0.00968451 0.025
         vertex 0.0108899 -0.00968451 0.325
         vertex 0.0119414 -0.0109224 0.325
      endloop
   endfacet
   facet normal 0.796093 0.605174 0
      outer loop
         vertex 0.0119414 -0.0109224 0.025
         vertex 0.0119414 -0.0109224 0.325
         vertex 0.0128529 -0.0122667 0.325
      endloop
   endfacet
   facet normal 0.856857 0.515554 0
      outer loop
         vertex 0.0128529 -0.0122667 0.025
         vertex 0.0128529 -0.0122667 0.325
         vertex 0.0136136 -0.0137017 0.325
      endloop
   endfacet
   facet normal 0.907575 0.419889 0
      outer loop
         vertex 0.0136136 -0.0137017 0.025
         vertex 0.0136136 -0.0137017 0.325
         vertex 0.0142148 -0.0152105 0.325
      endloop
   endfacet
   facet normal 0.947653 0.319302 0
      outer loop
         vertex 0.0142148 -0.0152105 0.025
         vertex 0.0142148 -0.0152105 0.325
         vertex 0.0146493 -0.0167754 0.325
      endloop
   endfacet
   facet normal 0.976621 0.21497 0
      outer loop
         vertex 0.0146493 -0.0167754 0.025
         vertex 0.0146493 -0.0167754 0.325
         vertex 0.0149121 -0.0183782 0.325
      endloop
   endfacet
   facet normal 0.994138 0.108119 0
      outer loop
         vertex 0.0149121 -0.0183782 0.025
         vertex 0.0149121 -0.0183782 0.325
         vertex 0.015 -0.02 0.325
      endloop
   endfacet
   facet normal 0 0 1
      outer loop
         vertex 0.085 -1.04095e-17 0.025
         vertex 0.0136136 -0.0137017 0.025
         vertex 0.0142148 -0.0152105 0.025
      endloop
   endfacet
   facet normal 0 0 1
      outer loop
         vertex 0.085 -1.04095e-17 0.025
         vertex 0.0128529 -0.0122667 0.025
         vertex 0.0136136 -0.0137017 0.025
      endloop
   endfacet
   facet normal 0 0 1
      outer loop
         vertex 0.085 -1.04095e-17 0.025
         vertex 0.0108899 -0.00968451 0.025
         vertex 0.0119414 -0.0109224 0.025
      endloop
   endfacet
   facet normal 0 0 1
      outer loop
         vertex -0.085 6.93889e-18 0.025
         vertex -0.00841781 -0.00758467 0.025
         vertex -0.00702613 -0.00674732 0.025
      endloop
   endfacet
   facet normal 0 0 1
      outer loop
         vertex -0.085 -0.04 0.025
         vertex -0.0149121 -0.0216218 0.025
         vertex -0.015 -0.02 0.025
      endloop
   endfacet
   facet normal 0 0 1
      outer loop
         vertex 0.085 -1.04095e-17 0.025
         vertex 0.0146493 -0.0167754 0.025
         vertex 0.0149121 -0.0183782 0.025
      endloop
   endfacet
   facet normal 0 0 1
      outer loop
         vertex 0.0119414 -0.0109224 0.025
         vertex 0.0128529 -0.0122667 0.025
         vertex 0.085 -1.04095e-17 0.025
      endloop
   endfacet
   facet normal 0 0 1
      outer loop
         vertex 0.085 -1.04095e-17 0.025
         vertex 0.00841781 -0.00758467 0.025
         vertex 0.00971079 -0.00856757 0.025
      endloop
   endfacet
   facet normal 0 0 1
      outer loop
         vertex -0.085 6.93889e-18 0.025
         vertex -0.00971079 -0.00856757 0.025
         vertex -0.00841781 -0.00758467 0.025
      endloop
   endfacet
   facet normal 0 0 1
      outer loop
         vertex -0.085 -0.04 0.025
         vertex -0.0146493 -0.0232246 0.025
         vertex -0.0149121 -0.0216218 0.025
      endloop
   endfacet
   facet normal 0 0 1
      outer loop
         vertex 0.0142148 -0.0152105 0.025
         vertex 0.0146493 -0.0167754 0.025
         vertex 0.085 -1.04095e-17 0.025
      endloop
   endfacet
   facet normal 0 0 1
      outer loop
         vertex 0.085 -1.04095e-17 0.025
         vertex 0.00702613 -0.00674732 0.025
         vertex 0.00841781 -0.00758467 0.025
      endloop
   endfacet
   facet normal 0 0 1
      outer loop
         vertex 0.085 -1.04095e-17 0.025
         vertex 0.00401293 -0.00554675 0.025
         vertex 0.00555207 -0.00606535 0.025
      endloop
   endfacet
   facet normal 0 0 1
      outer loop
         vertex -0.085 6.93889e-18 0.025
         vertex -0.0108899 -0.00968451 0.025
         vertex -0.00971079 -0.00856757 0.025
      endloop
   endfacet
   facet normal 0 0 1
      outer loop
         vertex -0.085 -0.04 0.025
         vertex -0.0142148 -0.0247895 0.025
         vertex -0.0146493 -0.0232246 0.025
      endloop
   endfacet
   facet normal 0 0 1
      outer loop
         vertex -0.085 -0.04 0.025
         vertex -0.0128529 -0.0277333 0.025
         vertex -0.0136136 -0.0262983 0.025
      endloop
   endfacet
   facet normal 0 0 1
      outer loop
         vertex 0.00971079 -0.00856757 0.025
         vertex 0.0108899 -0.00968451 0.025
         vertex 0.085 -1.04095e-17 0.025
      endloop
   endfacet
   facet normal 0 0 1
      outer loop
         vertex 0.085 -1.04095e-17 0.025
         vertex 0.00242673 -0.0051976 0.025
         vertex 0.00401293 -0.00554675 0.025
      endloop
   endfacet
   facet normal 0 0 1
      outer loop
         vertex 0.085 -1.04095e-17 0.025
         vertex -0.000812084 -0.005022 0.025
         vertex 0.000812084 -0.005022 0.025
      endloop
   endfacet
   facet normal 0 0 1
      outer loop
         vertex -0.085 6.93889e-18 0.025
         vertex -0.00242673 -0.0051976 0.025
         vertex -0.000812084 -0.005022 0.025
      endloop
   endfacet
   facet normal 0 0 1
      outer loop
         vertex -0.085 6.93889e-18 0.025
         vertex -0.00555207 -0.00606535 0.025
         vertex -0.00401293 -0.00554675 0.025
      endloop
   endfacet
   facet normal 0 0 1
      outer loop
         vertex -0.085 6.93889e-18 0.025
         vertex -0.0119414 -0.0109224 0.025
         vertex -0.0108899 -0.00968451 0.025
      endloop
   endfacet
   facet normal 0 0 1
      outer loop
         vertex -0.085 6.93889e-18 0.025
         vertex -0.0136136 -0.0137017 0.025
         vertex -0.0128529 -0.0122667 0.025
      endloop
   endfacet
   facet normal 0 0 1
      outer loop
         vertex -0.085 6.93889e-18 0.025
         vertex -0.0146493 -0.0167754 0.025
         vertex -0.0142148 -0.0152105 0.025
      endloop
   endfacet
   facet normal 0 0 1
      outer loop
         vertex -0.0136136 -0.0262983 0.025
         vertex -0.0142148 -0.0247895 0.025
         vertex -0.085 -0.04 0.025
      endloop
   endfacet
   facet normal 0 0 1
      outer loop
         vertex -0.085 -0.04 0.025
         vertex -0.0108899 -0.0303155 0.025
         vertex -0.0119414 -0.0290776 0.025
      endloop
   endfacet
   facet normal 0 0 1
      outer loop
         vertex -0.085 -0.04 0.025
         vertex -0.00702613 -0.0332527 0.025
         vertex -0.00841781 -0.0324153 0.025
      endloop
   endfacet
   facet normal 0 0 1
      outer loop
         vertex 0.00555207 -0.00606535 0.025
         vertex 0.00702613 -0.00674732 0.025
         vertex 0.085 -1.04095e-17 0.025
      endloop
   endfacet
   facet normal 0 0 1
      outer loop
         vertex -0.000812084 -0.005022 0.025
         vertex 0.085 -1.04095e-17 0.025
         vertex -0.085 6.93889e-18 0.025
      endloop
   endfacet
   facet normal 0 0 1
      outer loop
         vertex -0.00702613 -0.00674732 0.025
         vertex -0.00555207 -0.00606535 0.025
         vertex -0.085 6.93889e-18 0.025
      endloop
   endfacet
   facet normal 0 0 1
      outer loop
         vertex -0.0142148 -0.0152105 0.025
         vertex -0.0136136 -0.0137017 0.025
         vertex -0.085 6.93889e-18 0.025
      endloop
   endfacet
   facet normal 0 0 1
      outer loop
         vertex -0.0119414 -0.0290776 0.025
         vertex -0.0128529 -0.0277333 0.025
         vertex -0.085 -0.04 0.025
      endloop
   endfacet
   facet normal 0 0 1
      outer loop
         vertex -0.00841781 -0.0324153 0.025
         vertex -0.00971079 -0.0314324 0.025
         vertex -0.085 -0.04 0.025
      endloop
   endfacet
   facet normal 0 0 1
      outer loop
         vertex 0.000812084 -0.005022 0.025
         vertex 0.00242673 -0.0051976 0.025
         vertex 0.085 -1.04095e-17 0.025
      endloop
   endfacet
   facet normal 0 0 1
      outer loop
         vertex -0.0128529 -0.0122667 0.025
         vertex -0.0119414 -0.0109224 0.025
         vertex -0.085 6.93889e-18 0.025
      endloop
   endfacet
   facet normal 0 0 1
      outer loop
         vertex -0.085 6.93889e-18 0.025
         vertex -0.015 -0.02 0.025
         vertex -0.0149121 -0.0183782 0.025
      endloop
   endfacet
   facet normal 0 0 1
      outer loop
         vertex -0.00971079 -0.0314324 0.025
         vertex -0.0108899 -0.0303155 0.025
         vertex -0.085 -0.04 0.025
      endloop
   endfacet
   facet normal 0 0 1
      outer loop
         vertex 0.085 -0.04 0.025
         vertex 0.00242673 -0.0348024 0.025
         vertex 0.000812084 -0.034978 0.025
      endloop
   endfacet
   facet normal 0 0 1
      outer loop
         vertex 0.085 -0.04 0.025
         vertex 0.0136136 -0.0262983 0.025
         vertex 0.0128529 -0.0277333 0.025
      endloop
   endfacet
   facet normal 0 0 1
      outer loop
         vertex 0.085 -0.04 0.025
         vertex 0.0146493 -0.0232246 0.025
         vertex 0.0142148 -0.0247895 0.025
      endloop
   endfacet
   facet normal 0 0 1
      outer loop
         vertex -0.00401293 -0.00554675 0.025
         vertex -0.00242673 -0.0051976 0.025
         vertex -0.085 6.93889e-18 0.025
      endloop
   endfacet
   facet normal 0 0 1
      outer loop
         vertex -0.015 -0.02 0.025
         vertex -0.085 6.93889e-18 0.025
         vertex -0.085 -0.04 0.025
      endloop
   endfacet
   facet normal 0 0 1
      outer loop
         vertex -0.085 -0.04 0.025
         vertex -0.000812084 -0.034978 0.025
         vertex -0.00242673 -0.0348024 0.025
      endloop
   endfacet
   facet normal 0 0 1
      outer loop
         vertex 0.000812084 -0.034978 0.025
         vertex -0.085 -0.04 0.025
         vertex 0.085 -0.04 0.025
      endloop
   endfacet
   facet normal 0 0 1
      outer loop
         vertex 0.085 -0.04 0.025
         vertex 0.00555207 -0.0339347 0.025
         vertex 0.00401293 -0.0344532 0.025
      endloop
   endfacet
   facet normal 0 0 1
      outer loop
         vertex 0.085 -0.04 0.025
         vertex 0.00841781 -0.0324153 0.025
         vertex 0.00702613 -0.0332527 0.025
      endloop
   endfacet
   facet normal 0 0 1
      outer loop
         vertex 0.0142148 -0.0247895 0.025
         vertex 0.0136136 -0.0262983 0.025
         vertex 0.085 -0.04 0.025
      endloop
   endfacet
   facet normal 0 0 1
      outer loop
         vertex -0.0149121 -0.0183782 0.025
         vertex -0.0146493 -0.0167754 0.025
         vertex -0.085 6.93889e-18 0.025
      endloop
   endfacet
   facet normal 0 0 1
      outer loop
         vertex -0.085 -0.04 0.025
         vertex -0.00401293 -0.0344532 0.025
         vertex -0.00555207 -0.0339347 0.025
      endloop
   endfacet
   facet normal 0 0 1
      outer loop
         vertex 0.000812084 -0.034978 0.025
         vertex -0.000812084 -0.034978 0.025
         vertex -0.085 -0.04 0.025
      endloop
   endfacet
   facet normal 0 0 1
      outer loop
         vertex 0.00702613 -0.0332527 0.025
         vertex 0.00555207 -0.0339347 0.025
         vertex 0.085 -0.04 0.025
      endloop
   endfacet
   facet normal 0 0 1
      outer loop
         vertex 0.085 -0.04 0.025
         vertex 0.0108899 -0.0303155 0.025
         vertex 0.00971079 -0.0314324 0.025
      endloop
   endfacet
   facet normal 0 0 1
      outer loop
         vertex 0.0128529 -0.0277333 0.025
         vertex 0.0119414 -0.0290776 0.025
         vertex 0.085 -0.04 0.025
      endloop
   endfacet
   facet normal 0 0 1
      outer loop
         vertex 0.085 -0.04 0.025
         vertex 0.085 -1.04095e-17 0.025
         vertex 0.015 -0.02 0.025
      endloop
   endfacet
   facet normal 0 0 1
      outer loop
         vertex -0.00555207 -0.0339347 0.025
         vertex -0.00702613 -0.0332527 0.025
         vertex -0.085 -0.04 0.025
      endloop
   endfacet
   facet normal 0 0 1
      outer loop
         vertex 0.00401293 -0.0344532 0.025
         vertex 0.00242673 -0.0348024 0.025
         vertex 0.085 -0.04 0.025
      endloop
   endfacet
   facet normal 0 0 1
      outer loop
         vertex 0.0119414 -0.0290776 0.025
         vertex 0.0108899 -0.0303155 0.025
         vertex 0.085 -0.04 0.025
      endloop
   endfacet
   facet normal 0 0 1
      outer loop
         vertex 0.015 -0.02 0.025
         vertex 0.0149121 -0.0216218 0.025
         vertex 0.085 -0.04 0.025
      endloop
   endfacet
   facet normal 0 0 1
      outer loop
         vertex -0.00242673 -0.0348024 0.025
         vertex -0.00401293 -0.0344532 0.025
         vertex -0.085 -0.04 0.025
      endloop
   endfacet
   facet normal 0 0 1
      outer loop
         vertex 0.0149121 -0.0216218 0.025
         vertex 0.0146493 -0.0232246 0.025
         vertex 0.085 -0.04 0.025
      endloop
   endfacet
   facet normal 0 0 1
      outer loop
         vertex 0.00971079 -0.0314324 0.025
         vertex 0.00841781 -0.0324153 0.025
         vertex 0.085 -0.04 0.025
      endloop
   endfacet
   facet normal 0 0 1
      outer loop
         vertex 0.0149121 -0.0183782 0.025
         vertex 0.015 -0.02 0.025
         vertex 0.085 -1.04095e-17 0.025
      endloop
   endfacet
   facet normal 1 0 0
      outer loop
         vertex 0.085 -1.04095e-17 2.08167e-17
         vertex 0.085 -1.04095e-17 0.025
         vertex 0.085 -0.04 0.025
      endloop
   endfacet
   facet normal 1 0 0
      outer loop
         vertex 0.085 -0.04 0.025
         vertex 0.085 -0.04 2.08167e-17
         vertex 0.085 -1.04095e-17 2.08167e-17
      endloop
   endfacet
   facet normal -1.22451e-16 -1 0
      outer loop
         vertex 0.085 -0.04 2.08167e-17
         vertex 0.085 -0.04 0.025
         vertex -0.085 -0.04 0.025
      endloop
   endfacet
   facet normal -1.22451e-16 -1 0
      outer loop
         vertex -0.085 -0.04 0.025
         vertex -0.085 -0.04 2.08167e-17
         vertex 0.085 -0.04 2.08167e-17
      endloop
   endfacet
   facet normal -1 0 0
      outer loop
         vertex -0.085 -0.04 2.08167e-17
         vertex -0.085 -0.04 0.025
         vertex -0.085 6.93889e-18 0.025
      endloop
   endfacet
   facet normal -1 0 0
      outer loop
         vertex -0.085 6.93889e-18 0.025
         vertex -0.085 6.93889e-18 2.08167e-17
         vertex -0.085 -0.04 2.08167e-17
      endloop
   endfacet
   facet normal 1.22465e-16 1 0
      outer loop
         vertex -0.085 6.93889e-18 2.08167e-17
         vertex -0.085 6.93889e-18 0.025
         vertex 0.085 -1.04095e-17 0.025
      endloop
   endfacet
   facet normal 1.22465e-16 1 0
      outer loop
         vertex 0.085 -1.04095e-17 0.025
         vertex 0.085 -1.04095e-17 2.08167e-17
         vertex -0.085 6.93889e-18 2.08167e-17
      endloop
   endfacet
   facet normal 0 0 -1
      outer loop
         vertex -0.085 6.93889e-18 2.08167e-17
         vertex 0.085 -1.04095e-17 2.08167e-17
         vertex 0.05 -0.005 2.08167e-17
      endloop
   endfacet
   facet normal 0 0 -1
      outer loop
         vertex 0.085 -1.04095e-17 2.08167e-17
         vertex 0.085 -0.04 2.08167e-17
         vertex 0.05 -0.035 2.08167e-17
      endloop
   endfacet
   facet normal 0 0 -1
      outer loop
         vertex 0.085 -0.04 2.08167e-17
         vertex -0.085 -0.04 2.08167e-17
         vertex -0.05 -0.035 2.08167e-17
      endloop
   endfacet
   facet normal 0 0 -1
      outer loop
         vertex -0.085 -0.04 2.08167e-17
         vertex -0.085 6.93889e-18 2.08167e-17
         vertex -0.05 -0.005 2.08167e-17
      endloop
   endfacet
   facet normal 0 0 -1
      outer loop
         vertex 0.05 -0.035 2.08167e-17
         vertex 0.05 -0.005 2.08167e-17
         vertex 0.085 -1.04095e-17 2.08167e-17
      endloop
   endfacet
   facet normal 0 0 -1
      outer loop
         vertex -0.05 -0.005 2.08167e-17
         vertex -0.05 -0.035 2.08167e-17
         vertex -0.085 -0.04 2.08167e-17
      endloop
   endfacet
   facet normal 0 0 -1
      outer loop
         vertex -0.05 -0.035 2.08167e-17
         vertex 0.05 -0.035 2.08167e-17
         vertex 0.085 -0.04 2.08167e-17
      endloop
   endfacet
   facet normal 0 0 -1
      outer loop
         vertex 0.05 -0.005 2.08167e-17
         vertex -0.05 -0.005 2.08167e-17
         vertex -0.085 6.93889e-18 2.08167e-17
      endloop
   endfacet
   facet normal 1 0 0
      outer loop
         vertex 0.05 -0.005 -0.1
         vertex 0.05 -0.005 2.08167e-17
         vertex 0.05 -0.035 2.08167e-17
      endloop
   endfacet
   facet normal 1 0 0
      outer loop
         vertex 0.05 -0.035 2.08167e-17
         vertex 0.05 -0.035 -0.1
         vertex 0.05 -0.005 -0.1
      endloop
   endfacet
   facet normal -1.38778e-16 -1 0
      outer loop
         vertex 0.05 -0.035 -0.1
         vertex 0.05 -0.035 2.08167e-17
         vertex -0.05 -0.035 2.08167e-17
      endloop
   endfacet
   facet normal -1.38778e-16 -1 0
      outer loop
         vertex -0.05 -0.035 2.08167e-17
         vertex -0.05 -0.035 -0.1
         vertex 0.05 -0.035 -0.1
      endloop
   endfacet
   facet normal -1 0 0
      outer loop
         vertex -0.05 -0.035 -0.1
         vertex -0.05 -0.035 2.08167e-17
         vertex -0.05 -0.005 2.08167e-17
      endloop
   endfacet
   facet normal -1 0 0
      outer loop
         vertex -0.05 -0.005 2.08167e-17
         vertex -0.05 -0.005 -0.1
         vertex -0.05 -0.035 -0.1
      endloop
   endfacet
   facet normal 1.21431e-16 1 0
      outer loop
         vertex -0.05 -0.005 -0.1
         vertex -0.05 -0.005 2.08167e-17
         vertex 0.05 -0.005 2.08167e-17
      endloop
   endfacet
   facet normal 1.21431e-16 1 0
      outer loop
         vertex 0.05 -0.005 2.08167e-17
         vertex 0.05 -0.005 -0.1
         vertex -0.05 -0.005 -0.1
      endloop
   endfacet
   facet normal 0 0 -1
      outer loop
         vertex 0.0240523 -0.0196807 -0.1
         vertex 0.000976621 -0.019785 -0.1
         vertex 0.000947653 -0.0196807 -0.1
      endloop
   endfacet
   facet normal 0 0 -1
      outer loop
         vertex 0.000947653 -0.0196807 -0.1
         vertex 0.000907575 -0.0195801 -0.1
         vertex 0.0240523 -0.0196807 -0.1
      endloop
   endfacet
   facet normal 0 0 -1
      outer loop
         vertex 0.0240523 -0.0196807 -0.1
         vertex 0.001 -0.02 -0.1
         vertex 0.000994138 -0.0198919 -0.1
      endloop
   endfacet
   facet normal 0 0 -1
      outer loop
         vertex 0.0240523 -0.0196807 -0.1
         vertex 0.000856857 -0.0194844 -0.1
         vertex 0.000796093 -0.0193948 -0.1
      endloop
   endfacet
   facet normal 0 0 -1
      outer loop
         vertex 0.000994138 -0.0198919 -0.1
         vertex 0.000976621 -0.019785 -0.1
         vertex 0.0240523 -0.0196807 -0.1
      endloop
   endfacet
   facet normal 0 0 -1
      outer loop
         vertex 0.0240523 -0.0196807 -0.1
         vertex 0.000976621 -0.020215 -0.1
         vertex 0.000994138 -0.0201081 -0.1
      endloop
   endfacet
   facet normal 0 0 -1
      outer loop
         vertex 0.0240523 -0.0196807 -0.1
         vertex 0.000907575 -0.0204199 -0.1
         vertex 0.000947653 -0.0203193 -0.1
      endloop
   endfacet
   facet normal 0 0 -1
      outer loop
         vertex 0.0240523 -0.0196807 -0.1
         vertex 0.000468408 -0.0191165 -0.1
         vertex 0.000370138 -0.019071 -0.1
      endloop
   endfacet
   facet normal 0 0 -1
      outer loop
         vertex 0.000907575 -0.0195801 -0.1
         vertex 0.000856857 -0.0194844 -0.1
         vertex 0.0240523 -0.0196807 -0.1
      endloop
   endfacet
   facet normal 0 0 -1
      outer loop
         vertex 0.000947653 -0.0203193 -0.1
         vertex 0.000976621 -0.020215 -0.1
         vertex 0.0240523 -0.0196807 -0.1
      endloop
   endfacet
   facet normal 0 0 -1
      outer loop
         vertex 0.0240523 -0.0196807 -0.1
         vertex 0.000725995 -0.0206877 -0.1
         vertex 0.000796093 -0.0206052 -0.1
      endloop
   endfacet
   facet normal 0 0 -1
      outer loop
         vertex 0.0240523 -0.0196807 -0.1
         vertex 0.000561187 -0.0191723 -0.1
         vertex 0.000468408 -0.0191165 -0.1
      endloop
   endfacet
   facet normal 0 0 -1
      outer loop
         vertex 0.0240523 -0.0196807 -0.1
         vertex 0.000725995 -0.0193123 -0.1
         vertex 0.000647386 -0.0192378 -0.1
      endloop
   endfacet
   facet normal 0 0 -1
      outer loop
         vertex 0.000994138 -0.0201081 -0.1
         vertex 0.001 -0.02 -0.1
         vertex 0.0240523 -0.0196807 -0.1
      endloop
   endfacet
   facet normal 0 0 -1
      outer loop
         vertex 0.000796093 -0.0206052 -0.1
         vertex 0.000856857 -0.0205156 -0.1
         vertex 0.0240523 -0.0196807 -0.1
      endloop
   endfacet
   facet normal 0 0 -1
      outer loop
         vertex 0.000647386 -0.0192378 -0.1
         vertex 0.000561187 -0.0191723 -0.1
         vertex 0.0240523 -0.0196807 -0.1
      endloop
   endfacet
   facet normal 0 0 -1
      outer loop
         vertex 0.000856857 -0.0205156 -0.1
         vertex 0.000907575 -0.0204199 -0.1
         vertex 0.0240523 -0.0196807 -0.1
      endloop
   endfacet
   facet normal 0 0 -1
      outer loop
         vertex 0.0240523 -0.0196807 -0.1
         vertex 0.000267528 -0.0209635 -0.1
         vertex 0.000370138 -0.020929 -0.1
      endloop
   endfacet
   facet normal 0 0 -1
      outer loop
         vertex -0.05 -0.035 -0.1
         vertex -0.000947653 -0.0203193 -0.1
         vertex -0.000907575 -0.0204199 -0.1
      endloop
   endfacet
   facet normal 0 0 -1
      outer loop
         vertex -0.05 -0.005 -0.1
         vertex -0.0249459 -0.0190015 -0.1
         vertex -0.0250541 -0.0190015 -0.1
      endloop
   endfacet
   facet normal 0 0 -1
      outer loop
         vertex -0.05 -0.005 -0.1
         vertex 5.41389e-05 -0.0190015 -0.1
         vertex -5.41389e-05 -0.0190015 -0.1
      endloop
   endfacet
   facet normal 0 0 -1
      outer loop
         vertex 0.000796093 -0.0193948 -0.1
         vertex 0.000725995 -0.0193123 -0.1
         vertex 0.0240523 -0.0196807 -0.1
      endloop
   endfacet
   facet normal 0 0 -1
      outer loop
         vertex 0.0240523 -0.0196807 -0.1
         vertex 0.000561187 -0.0208277 -0.1
         vertex 0.000647386 -0.0207622 -0.1
      endloop
   endfacet
   facet normal 0 0 -1
      outer loop
         vertex 0.000370138 -0.020929 -0.1
         vertex 0.000468408 -0.0208835 -0.1
         vertex 0.0240523 -0.0196807 -0.1
      endloop
   endfacet
   facet normal 0 0 -1
      outer loop
         vertex -0.05 -0.035 -0.1
         vertex -0.000976621 -0.020215 -0.1
         vertex -0.000947653 -0.0203193 -0.1
      endloop
   endfacet
   facet normal 0 0 -1
      outer loop
         vertex -0.05 -0.005 -0.1
         vertex -0.0248382 -0.0190132 -0.1
         vertex -0.0249459 -0.0190015 -0.1
      endloop
   endfacet
   facet normal 0 0 -1
      outer loop
         vertex -5.41389e-05 -0.0190015 -0.1
         vertex -0.0247325 -0.0190365 -0.1
         vertex -0.05 -0.005 -0.1
      endloop
   endfacet
   facet normal 0 0 -1
      outer loop
         vertex -0.05 -0.005 -0.1
         vertex 0.0240523 -0.0196807 -0.1
         vertex 0.000161782 -0.0190132 -0.1
      endloop
   endfacet
   facet normal 0 0 -1
      outer loop
         vertex 0.000647386 -0.0207622 -0.1
         vertex 0.000725995 -0.0206877 -0.1
         vertex 0.0240523 -0.0196807 -0.1
      endloop
   endfacet
   facet normal 0 0 -1
      outer loop
         vertex 0.0240523 -0.0196807 -0.1
         vertex 0.000161782 -0.0209868 -0.1
         vertex 0.000267528 -0.0209635 -0.1
      endloop
   endfacet
   facet normal 0 0 -1
      outer loop
         vertex -0.05 -0.035 -0.1
         vertex -0.000725995 -0.0206877 -0.1
         vertex -0.000647386 -0.0207622 -0.1
      endloop
   endfacet
   facet normal 0 0 -1
      outer loop
         vertex -0.000907575 -0.0204199 -0.1
         vertex -0.000856857 -0.0205156 -0.1
         vertex -0.05 -0.035 -0.1
      endloop
   endfacet
   facet normal 0 0 -1
      outer loop
         vertex -0.000994138 -0.0201081 -0.1
         vertex -0.05 -0.035 -0.1
         vertex -0.0249459 -0.0209985 -0.1
      endloop
   endfacet
   facet normal 0 0 -1
      outer loop
         vertex -0.0250541 -0.0190015 -0.1
         vertex -0.0251618 -0.0190132 -0.1
         vertex -0.05 -0.005 -0.1
      endloop
   endfacet
   facet normal 0 0 -1
      outer loop
         vertex 0.000161782 -0.0190132 -0.1
         vertex 5.41389e-05 -0.0190015 -0.1
         vertex -0.05 -0.005 -0.1
      endloop
   endfacet
   facet normal 0 0 -1
      outer loop
         vertex 0.000468408 -0.0208835 -0.1
         vertex 0.000561187 -0.0208277 -0.1
         vertex 0.0240523 -0.0196807 -0.1
      endloop
   endfacet
   facet normal 0 0 -1
      outer loop
         vertex -0.05 -0.035 -0.1
         vertex -0.000468408 -0.0208835 -0.1
         vertex -0.000370138 -0.020929 -0.1
      endloop
   endfacet
   facet normal 0 0 -1
      outer loop
         vertex -0.000647386 -0.0207622 -0.1
         vertex -0.000561187 -0.0208277 -0.1
         vertex -0.05 -0.035 -0.1
      endloop
   endfacet
   facet normal 0 0 -1
      outer loop
         vertex -0.000856857 -0.0205156 -0.1
         vertex -0.000796093 -0.0206052 -0.1
         vertex -0.05 -0.035 -0.1
      endloop
   endfacet
   facet normal 0 0 -1
      outer loop
         vertex -0.0249459 -0.0209985 -0.1
         vertex -0.001 -0.02 -0.1
         vertex -0.000994138 -0.0201081 -0.1
      endloop
   endfacet
   facet normal 0 0 -1
      outer loop
         vertex -0.0247325 -0.0190365 -0.1
         vertex -0.0248382 -0.0190132 -0.1
         vertex -0.05 -0.005 -0.1
      endloop
   endfacet
   facet normal 0 0 -1
      outer loop
         vertex 0.000370138 -0.019071 -0.1
         vertex 0.000267528 -0.0190365 -0.1
         vertex 0.0240523 -0.0196807 -0.1
      endloop
   endfacet
   facet normal 0 0 -1
      outer loop
         vertex 5.41389e-05 -0.0209985 -0.1
         vertex 0.0240234 -0.019785 -0.1
         vertex 0.0240059 -0.0198919 -0.1
      endloop
   endfacet
   facet normal 0 0 -1
      outer loop
         vertex 0.0240234 -0.019785 -0.1
         vertex 5.41389e-05 -0.0209985 -0.1
         vertex 0.000161782 -0.0209868 -0.1
      endloop
   endfacet
   facet normal 0 0 -1
      outer loop
         vertex -0.05 -0.035 -0.1
         vertex -5.41389e-05 -0.0209985 -0.1
         vertex 5.41389e-05 -0.0209985 -0.1
      endloop
   endfacet
   facet normal 0 0 -1
      outer loop
         vertex -0.000561187 -0.0208277 -0.1
         vertex -0.000468408 -0.0208835 -0.1
         vertex -0.05 -0.035 -0.1
      endloop
   endfacet
   facet normal 0 0 -1
      outer loop
         vertex -0.000994138 -0.0201081 -0.1
         vertex -0.000976621 -0.020215 -0.1
         vertex -0.05 -0.035 -0.1
      endloop
   endfacet
   facet normal 0 0 -1
      outer loop
         vertex -0.05 -0.035 -0.1
         vertex -0.0251618 -0.0209868 -0.1
         vertex -0.0250541 -0.0209985 -0.1
      endloop
   endfacet
   facet normal 0 0 -1
      outer loop
         vertex -0.05 -0.005 -0.1
         vertex -0.0252675 -0.0190365 -0.1
         vertex -0.0253701 -0.019071 -0.1
      endloop
   endfacet
   facet normal 0 0 -1
      outer loop
         vertex 0.000267528 -0.0190365 -0.1
         vertex 0.000161782 -0.0190132 -0.1
         vertex 0.0240523 -0.0196807 -0.1
      endloop
   endfacet
   facet normal 0 0 -1
      outer loop
         vertex 0.000161782 -0.0209868 -0.1
         vertex 0.0240523 -0.0196807 -0.1
         vertex 0.0240234 -0.019785 -0.1
      endloop
   endfacet
   facet normal 0 0 -1
      outer loop
         vertex -0.05 -0.005 -0.1
         vertex 0.024274 -0.0193123 -0.1
         vertex 0.0242039 -0.0193948 -0.1
      endloop
   endfacet
   facet normal 0 0 -1
      outer loop
         vertex 0.05 -0.035 -0.1
         vertex 0.0249459 -0.0209985 -0.1
         vertex 0.0250541 -0.0209985 -0.1
      endloop
   endfacet
   facet normal 0 0 -1
      outer loop
         vertex 5.41389e-05 -0.0209985 -0.1
         vertex 0.024 -0.02 -0.1
         vertex 0.0240059 -0.0201081 -0.1
      endloop
   endfacet
   facet normal 0 0 -1
      outer loop
         vertex -0.05 -0.035 -0.1
         vertex -0.000161782 -0.0209868 -0.1
         vertex -5.41389e-05 -0.0209985 -0.1
      endloop
   endfacet
   facet normal 0 0 -1
      outer loop
         vertex -0.000796093 -0.0206052 -0.1
         vertex -0.000725995 -0.0206877 -0.1
         vertex -0.05 -0.035 -0.1
      endloop
   endfacet
   facet normal 0 0 -1
      outer loop
         vertex -0.05 -0.035 -0.1
         vertex -0.0252675 -0.0209635 -0.1
         vertex -0.0251618 -0.0209868 -0.1
      endloop
   endfacet
   facet normal 0 0 -1
      outer loop
         vertex -0.05 -0.005 -0.1
         vertex -0.0258569 -0.0194844 -0.1
         vertex -0.0259076 -0.0195801 -0.1
      endloop
   endfacet
   facet normal 0 0 -1
      outer loop
         vertex -0.05 -0.005 -0.1
         vertex -0.025726 -0.0193123 -0.1
         vertex -0.0257961 -0.0193948 -0.1
      endloop
   endfacet
   facet normal 0 0 -1
      outer loop
         vertex -0.0253701 -0.019071 -0.1
         vertex -0.0254684 -0.0191165 -0.1
         vertex -0.05 -0.005 -0.1
      endloop
   endfacet
   facet normal 0 0 -1
      outer loop
         vertex 0.0240059 -0.0198919 -0.1
         vertex 0.024 -0.02 -0.1
         vertex 5.41389e-05 -0.0209985 -0.1
      endloop
   endfacet
   facet normal 0 0 -1
      outer loop
         vertex -5.41389e-05 -0.0190015 -0.1
         vertex -0.0245316 -0.0191165 -0.1
         vertex -0.0246299 -0.019071 -0.1
      endloop
   endfacet
   facet normal 0 0 -1
      outer loop
         vertex 0.0242039 -0.0193948 -0.1
         vertex 0.0241431 -0.0194844 -0.1
         vertex -0.05 -0.005 -0.1
      endloop
   endfacet
   facet normal 0 0 -1
      outer loop
         vertex -0.05 -0.005 -0.1
         vertex 0.0244388 -0.0191723 -0.1
         vertex 0.0243526 -0.0192378 -0.1
      endloop
   endfacet
   facet normal 0 0 -1
      outer loop
         vertex -0.05 -0.005 -0.1
         vertex 0.0250541 -0.0190015 -0.1
         vertex 0.0249459 -0.0190015 -0.1
      endloop
   endfacet
   facet normal 0 0 -1
      outer loop
         vertex 0.05 -0.035 -0.1
         vertex 0.0248382 -0.0209868 -0.1
         vertex 0.0249459 -0.0209985 -0.1
      endloop
   endfacet
   facet normal 0 0 -1
      outer loop
         vertex 5.41389e-05 -0.0209985 -0.1
         vertex 0.0240234 -0.020215 -0.1
         vertex -0.05 -0.035 -0.1
      endloop
   endfacet
   facet normal 0 0 -1
      outer loop
         vertex -0.0250541 -0.0209985 -0.1
         vertex -0.0249459 -0.0209985 -0.1
         vertex -0.05 -0.035 -0.1
      endloop
   endfacet
   facet normal 0 0 -1
      outer loop
         vertex -0.05 -0.005 -0.1
         vertex -0.0259477 -0.0196807 -0.1
         vertex -0.0259766 -0.019785 -0.1
      endloop
   endfacet
   facet normal 0 0 -1
      outer loop
         vertex -0.0257961 -0.0193948 -0.1
         vertex -0.0258569 -0.0194844 -0.1
         vertex -0.05 -0.005 -0.1
      endloop
   endfacet
   facet normal 0 0 -1
      outer loop
         vertex -0.05 -0.005 -0.1
         vertex -0.0255612 -0.0191723 -0.1
         vertex -0.0256474 -0.0192378 -0.1
      endloop
   endfacet
   facet normal 0 0 -1
      outer loop
         vertex -0.0251618 -0.0190132 -0.1
         vertex -0.0252675 -0.0190365 -0.1
         vertex -0.05 -0.005 -0.1
      endloop
   endfacet
   facet normal 0 0 -1
      outer loop
         vertex -5.41389e-05 -0.0190015 -0.1
         vertex -0.0244388 -0.0191723 -0.1
         vertex -0.0245316 -0.0191165 -0.1
      endloop
   endfacet
   facet normal 0 0 -1
      outer loop
         vertex 0.0243526 -0.0192378 -0.1
         vertex 0.024274 -0.0193123 -0.1
         vertex -0.05 -0.005 -0.1
      endloop
   endfacet
   facet normal 0 0 -1
      outer loop
         vertex -5.41389e-05 -0.0190015 -0.1
         vertex -0.0241431 -0.0194844 -0.1
         vertex -0.0242039 -0.0193948 -0.1
      endloop
   endfacet
   facet normal 0 0 -1
      outer loop
         vertex -5.41389e-05 -0.0190015 -0.1
         vertex -0.0240523 -0.0196807 -0.1
         vertex -0.0240924 -0.0195801 -0.1
      endloop
   endfacet
   facet normal 0 0 -1
      outer loop
         vertex -5.41389e-05 -0.0190015 -0.1
         vertex -0.024 -0.02 -0.1
         vertex -0.0240059 -0.0198919 -0.1
      endloop
   endfacet
   facet normal 0 0 -1
      outer loop
         vertex -0.05 -0.005 -0.1
         vertex 0.0251618 -0.0190132 -0.1
         vertex 0.0250541 -0.0190015 -0.1
      endloop
   endfacet
   facet normal 0 0 -1
      outer loop
         vertex 0.05 -0.035 -0.1
         vertex 0.0258569 -0.0205156 -0.1
         vertex 0.0259076 -0.0204199 -0.1
      endloop
   endfacet
   facet normal 0 0 -1
      outer loop
         vertex 0.05 -0.035 -0.1
         vertex 0.025726 -0.0206877 -0.1
         vertex 0.0257961 -0.0206052 -0.1
      endloop
   endfacet
   facet normal 0 0 -1
      outer loop
         vertex 0.05 -0.035 -0.1
         vertex 0.0252675 -0.0209635 -0.1
         vertex 0.0253701 -0.020929 -0.1
      endloop
   endfacet
   facet normal 0 0 -1
      outer loop
         vertex 0.05 -0.035 -0.1
         vertex 0.0247325 -0.0209635 -0.1
         vertex 0.0248382 -0.0209868 -0.1
      endloop
   endfacet
   facet normal 0 0 -1
      outer loop
         vertex -0.05 -0.035 -0.1
         vertex 0.0241431 -0.0205156 -0.1
         vertex 0.0242039 -0.0206052 -0.1
      endloop
   endfacet
   facet normal 0 0 -1
      outer loop
         vertex -0.05 -0.035 -0.1
         vertex 0.0240523 -0.0203193 -0.1
         vertex 0.0240924 -0.0204199 -0.1
      endloop
   endfacet
   facet normal 0 0 -1
      outer loop
         vertex 0.0240059 -0.0201081 -0.1
         vertex 0.0240234 -0.020215 -0.1
         vertex 5.41389e-05 -0.0209985 -0.1
      endloop
   endfacet
   facet normal 0 0 -1
      outer loop
         vertex -0.000370138 -0.020929 -0.1
         vertex -0.000267528 -0.0209635 -0.1
         vertex -0.05 -0.035 -0.1
      endloop
   endfacet
   facet normal 0 0 -1
      outer loop
         vertex -0.0240523 -0.0203193 -0.1
         vertex -0.000947653 -0.0196807 -0.1
         vertex -0.000976621 -0.019785 -0.1
      endloop
   endfacet
   facet normal 0 0 -1
      outer loop
         vertex -0.0240523 -0.0203193 -0.1
         vertex -0.000856857 -0.0194844 -0.1
         vertex -0.000907575 -0.0195801 -0.1
      endloop
   endfacet
   facet normal 0 0 -1
      outer loop
         vertex -0.0240523 -0.0203193 -0.1
         vertex -0.000725995 -0.0193123 -0.1
         vertex -0.000796093 -0.0193948 -0.1
      endloop
   endfacet
   facet normal 0 0 -1
      outer loop
         vertex -0.0259766 -0.019785 -0.1
         vertex -0.0259941 -0.0198919 -0.1
         vertex -0.05 -0.005 -0.1
      endloop
   endfacet
   facet normal 0 0 -1
      outer loop
         vertex -0.0256474 -0.0192378 -0.1
         vertex -0.025726 -0.0193123 -0.1
         vertex -0.05 -0.005 -0.1
      endloop
   endfacet
   facet normal 0 0 -1
      outer loop
         vertex -0.0246299 -0.019071 -0.1
         vertex -0.0247325 -0.0190365 -0.1
         vertex -5.41389e-05 -0.0190015 -0.1
      endloop
   endfacet
   facet normal 0 0 -1
      outer loop
         vertex 0.0241431 -0.0194844 -0.1
         vertex 0.0240924 -0.0195801 -0.1
         vertex -0.05 -0.005 -0.1
      endloop
   endfacet
   facet normal 0 0 -1
      outer loop
         vertex -0.0240924 -0.0195801 -0.1
         vertex -0.0241431 -0.0194844 -0.1
         vertex -5.41389e-05 -0.0190015 -0.1
      endloop
   endfacet
   facet normal 0 0 -1
      outer loop
         vertex -0.0240059 -0.0198919 -0.1
         vertex -0.0240234 -0.019785 -0.1
         vertex -5.41389e-05 -0.0190015 -0.1
      endloop
   endfacet
   facet normal 0 0 -1
      outer loop
         vertex -0.05 -0.005 -0.1
         vertex 0.0247325 -0.0190365 -0.1
         vertex 0.0246299 -0.019071 -0.1
      endloop
   endfacet
   facet normal 0 0 -1
      outer loop
         vertex 0.0249459 -0.0190015 -0.1
         vertex 0.0248382 -0.0190132 -0.1
         vertex -0.05 -0.005 -0.1
      endloop
   endfacet
   facet normal 0 0 -1
      outer loop
         vertex 0.05 -0.005 -0.1
         vertex 0.0252675 -0.0190365 -0.1
         vertex 0.0251618 -0.0190132 -0.1
      endloop
   endfacet
   facet normal 0 0 -1
      outer loop
         vertex 0.05 -0.005 -0.1
         vertex 0.05 -0.035 -0.1
         vertex 0.026 -0.02 -0.1
      endloop
   endfacet
   facet normal 0 0 -1
      outer loop
         vertex 0.05 -0.035 -0.1
         vertex 0.0259477 -0.0203193 -0.1
         vertex 0.0259766 -0.020215 -0.1
      endloop
   endfacet
   facet normal 0 0 -1
      outer loop
         vertex 0.0257961 -0.0206052 -0.1
         vertex 0.0258569 -0.0205156 -0.1
         vertex 0.05 -0.035 -0.1
      endloop
   endfacet
   facet normal 0 0 -1
      outer loop
         vertex 0.05 -0.035 -0.1
         vertex 0.0255612 -0.0208277 -0.1
         vertex 0.0256474 -0.0207622 -0.1
      endloop
   endfacet
   facet normal 0 0 -1
      outer loop
         vertex 0.0253701 -0.020929 -0.1
         vertex 0.0254684 -0.0208835 -0.1
         vertex 0.05 -0.035 -0.1
      endloop
   endfacet
   facet normal 0 0 -1
      outer loop
         vertex 0.0250541 -0.0209985 -0.1
         vertex 0.0251618 -0.0209868 -0.1
         vertex 0.05 -0.035 -0.1
      endloop
   endfacet
   facet normal 0 0 -1
      outer loop
         vertex 0.05 -0.035 -0.1
         vertex 0.0245316 -0.0208835 -0.1
         vertex 0.0246299 -0.020929 -0.1
      endloop
   endfacet
   facet normal 0 0 -1
      outer loop
         vertex -0.05 -0.035 -0.1
         vertex 0.0244388 -0.0208277 -0.1
         vertex 0.0245316 -0.0208835 -0.1
      endloop
   endfacet
   facet normal 0 0 -1
      outer loop
         vertex 0.0240924 -0.0204199 -0.1
         vertex 0.0241431 -0.0205156 -0.1
         vertex -0.05 -0.035 -0.1
      endloop
   endfacet
   facet normal 0 0 -1
      outer loop
         vertex -0.000267528 -0.0209635 -0.1
         vertex -0.000161782 -0.0209868 -0.1
         vertex -0.05 -0.035 -0.1
      endloop
   endfacet
   facet normal 0 0 -1
      outer loop
         vertex -0.05 -0.035 -0.1
         vertex -0.05 -0.005 -0.1
         vertex -0.026 -0.02 -0.1
      endloop
   endfacet
   facet normal 0 0 -1
      outer loop
         vertex -0.000976621 -0.019785 -0.1
         vertex -0.000994138 -0.0198919 -0.1
         vertex -0.0240523 -0.0203193 -0.1
      endloop
   endfacet
   facet normal 0 0 -1
      outer loop
         vertex -0.000796093 -0.0193948 -0.1
         vertex -0.000856857 -0.0194844 -0.1
         vertex -0.0240523 -0.0203193 -0.1
      endloop
   endfacet
   facet normal 0 0 -1
      outer loop
         vertex -0.0240523 -0.0203193 -0.1
         vertex -0.000267528 -0.0190365 -0.1
         vertex -0.000370138 -0.019071 -0.1
      endloop
   endfacet
   facet normal 0 0 -1
      outer loop
         vertex -0.0259076 -0.0195801 -0.1
         vertex -0.0259477 -0.0196807 -0.1
         vertex -0.05 -0.005 -0.1
      endloop
   endfacet
   facet normal 0 0 -1
      outer loop
         vertex 0.0240924 -0.0195801 -0.1
         vertex 0.0240523 -0.0196807 -0.1
         vertex -0.05 -0.005 -0.1
      endloop
   endfacet
   facet normal 0 0 -1
      outer loop
         vertex -5.41389e-05 -0.0190015 -0.1
         vertex -0.024274 -0.0193123 -0.1
         vertex -0.0243526 -0.0192378 -0.1
      endloop
   endfacet
   facet normal 0 0 -1
      outer loop
         vertex -0.0240234 -0.019785 -0.1
         vertex -0.0240523 -0.0196807 -0.1
         vertex -5.41389e-05 -0.0190015 -0.1
      endloop
   endfacet
   facet normal 0 0 -1
      outer loop
         vertex 0.0246299 -0.019071 -0.1
         vertex 0.0245316 -0.0191165 -0.1
         vertex -0.05 -0.005 -0.1
      endloop
   endfacet
   facet normal 0 0 -1
      outer loop
         vertex 0.0251618 -0.0190132 -0.1
         vertex -0.05 -0.005 -0.1
         vertex 0.05 -0.005 -0.1
      endloop
   endfacet
   facet normal 0 0 -1
      outer loop
         vertex 0.05 -0.005 -0.1
         vertex 0.0255612 -0.0191723 -0.1
         vertex 0.0254684 -0.0191165 -0.1
      endloop
   endfacet
   facet normal 0 0 -1
      outer loop
         vertex 0.05 -0.005 -0.1
         vertex 0.0258569 -0.0194844 -0.1
         vertex 0.0257961 -0.0193948 -0.1
      endloop
   endfacet
   facet normal 0 0 -1
      outer loop
         vertex 0.05 -0.005 -0.1
         vertex 0.0259477 -0.0196807 -0.1
         vertex 0.0259076 -0.0195801 -0.1
      endloop
   endfacet
   facet normal 0 0 -1
      outer loop
         vertex 0.026 -0.02 -0.1
         vertex 0.0259941 -0.0198919 -0.1
         vertex 0.05 -0.005 -0.1
      endloop
   endfacet
   facet normal 0 0 -1
      outer loop
         vertex 0.0259766 -0.020215 -0.1
         vertex 0.0259941 -0.0201081 -0.1
         vertex 0.05 -0.035 -0.1
      endloop
   endfacet
   facet normal 0 0 -1
      outer loop
         vertex 0.0256474 -0.0207622 -0.1
         vertex 0.025726 -0.0206877 -0.1
         vertex 0.05 -0.035 -0.1
      endloop
   endfacet
   facet normal 0 0 -1
      outer loop
         vertex 0.0251618 -0.0209868 -0.1
         vertex 0.0252675 -0.0209635 -0.1
         vertex 0.05 -0.035 -0.1
      endloop
   endfacet
   facet normal 0 0 -1
      outer loop
         vertex 0.0245316 -0.0208835 -0.1
         vertex 0.05 -0.035 -0.1
         vertex -0.05 -0.035 -0.1
      endloop
   endfacet
   facet normal 0 0 -1
      outer loop
         vertex -0.05 -0.035 -0.1
         vertex 0.024274 -0.0206877 -0.1
         vertex 0.0243526 -0.0207622 -0.1
      endloop
   endfacet
   facet normal 0 0 -1
      outer loop
         vertex 0.0240234 -0.020215 -0.1
         vertex 0.0240523 -0.0203193 -0.1
         vertex -0.05 -0.035 -0.1
      endloop
   endfacet
   facet normal 0 0 -1
      outer loop
         vertex -0.05 -0.035 -0.1
         vertex -0.0255612 -0.0208277 -0.1
         vertex -0.0254684 -0.0208835 -0.1
      endloop
   endfacet
   facet normal 0 0 -1
      outer loop
         vertex -0.05 -0.035 -0.1
         vertex -0.0258569 -0.0205156 -0.1
         vertex -0.0257961 -0.0206052 -0.1
      endloop
   endfacet
   facet normal 0 0 -1
      outer loop
         vertex -0.05 -0.035 -0.1
         vertex -0.0259477 -0.0203193 -0.1
         vertex -0.0259076 -0.0204199 -0.1
      endloop
   endfacet
   facet normal 0 0 -1
      outer loop
         vertex -0.026 -0.02 -0.1
         vertex -0.0259941 -0.0201081 -0.1
         vertex -0.05 -0.035 -0.1
      endloop
   endfacet
   facet normal 0 0 -1
      outer loop
         vertex -0.000907575 -0.0195801 -0.1
         vertex -0.000947653 -0.0196807 -0.1
         vertex -0.0240523 -0.0203193 -0.1
      endloop
   endfacet
   facet normal 0 0 -1
      outer loop
         vertex -0.0240523 -0.0203193 -0.1
         vertex -0.000561187 -0.0191723 -0.1
         vertex -0.000647386 -0.0192378 -0.1
      endloop
   endfacet
   facet normal 0 0 -1
      outer loop
         vertex -0.000370138 -0.019071 -0.1
         vertex -0.000468408 -0.0191165 -0.1
         vertex -0.0240523 -0.0203193 -0.1
      endloop
   endfacet
   facet normal 0 0 -1
      outer loop
         vertex -0.0254684 -0.0191165 -0.1
         vertex -0.0255612 -0.0191723 -0.1
         vertex -0.05 -0.005 -0.1
      endloop
   endfacet
   facet normal 0 0 -1
      outer loop
         vertex -0.0242039 -0.0193948 -0.1
         vertex -0.024274 -0.0193123 -0.1
         vertex -5.41389e-05 -0.0190015 -0.1
      endloop
   endfacet
   facet normal 0 0 -1
      outer loop
         vertex 0.0248382 -0.0190132 -0.1
         vertex 0.0247325 -0.0190365 -0.1
         vertex -0.05 -0.005 -0.1
      endloop
   endfacet
   facet normal 0 0 -1
      outer loop
         vertex 0.0254684 -0.0191165 -0.1
         vertex 0.0253701 -0.019071 -0.1
         vertex 0.05 -0.005 -0.1
      endloop
   endfacet
   facet normal 0 0 -1
      outer loop
         vertex 0.0259076 -0.0195801 -0.1
         vertex 0.0258569 -0.0194844 -0.1
         vertex 0.05 -0.005 -0.1
      endloop
   endfacet
   facet normal 0 0 -1
      outer loop
         vertex 0.0259941 -0.0198919 -0.1
         vertex 0.0259766 -0.019785 -0.1
         vertex 0.05 -0.005 -0.1
      endloop
   endfacet
   facet normal 0 0 -1
      outer loop
         vertex 0.0259076 -0.0204199 -0.1
         vertex 0.0259477 -0.0203193 -0.1
         vertex 0.05 -0.035 -0.1
      endloop
   endfacet
   facet normal 0 0 -1
      outer loop
         vertex 0.0246299 -0.020929 -0.1
         vertex 0.0247325 -0.0209635 -0.1
         vertex 0.05 -0.035 -0.1
      endloop
   endfacet
   facet normal 0 0 -1
      outer loop
         vertex 0.0242039 -0.0206052 -0.1
         vertex 0.024274 -0.0206877 -0.1
         vertex -0.05 -0.035 -0.1
      endloop
   endfacet
   facet normal 0 0 -1
      outer loop
         vertex -0.0254684 -0.0208835 -0.1
         vertex -0.0253701 -0.020929 -0.1
         vertex -0.05 -0.035 -0.1
      endloop
   endfacet
   facet normal 0 0 -1
      outer loop
         vertex -0.0259076 -0.0204199 -0.1
         vertex -0.0258569 -0.0205156 -0.1
         vertex -0.05 -0.035 -0.1
      endloop
   endfacet
   facet normal 0 0 -1
      outer loop
         vertex -0.0259941 -0.0201081 -0.1
         vertex -0.0259766 -0.020215 -0.1
         vertex -0.05 -0.035 -0.1
      endloop
   endfacet
   facet normal 0 0 -1
      outer loop
         vertex -0.000647386 -0.0192378 -0.1
         vertex -0.000725995 -0.0193123 -0.1
         vertex -0.0240523 -0.0203193 -0.1
      endloop
   endfacet
   facet normal 0 0 -1
      outer loop
         vertex -0.0240523 -0.0203193 -0.1
         vertex -0.000161782 -0.0190132 -0.1
         vertex -0.000267528 -0.0190365 -0.1
      endloop
   endfacet
   facet normal 0 0 -1
      outer loop
         vertex -5.41389e-05 -0.0190015 -0.1
         vertex -0.0240234 -0.020215 -0.1
         vertex -0.0240059 -0.0201081 -0.1
      endloop
   endfacet
   facet normal 0 0 -1
      outer loop
         vertex -0.0240234 -0.020215 -0.1
         vertex -5.41389e-05 -0.0190015 -0.1
         vertex -0.000161782 -0.0190132 -0.1
      endloop
   endfacet
   facet normal 0 0 -1
      outer loop
         vertex -0.001 -0.02 -0.1
         vertex -0.0241431 -0.0205156 -0.1
         vertex -0.0240924 -0.0204199 -0.1
      endloop
   endfacet
   facet normal 0 0 -1
      outer loop
         vertex -0.001 -0.02 -0.1
         vertex -0.024274 -0.0206877 -0.1
         vertex -0.0242039 -0.0206052 -0.1
      endloop
   endfacet
   facet normal 0 0 -1
      outer loop
         vertex -0.0243526 -0.0192378 -0.1
         vertex -0.0244388 -0.0191723 -0.1
         vertex -5.41389e-05 -0.0190015 -0.1
      endloop
   endfacet
   facet normal 0 0 -1
      outer loop
         vertex 0.0253701 -0.019071 -0.1
         vertex 0.0252675 -0.0190365 -0.1
         vertex 0.05 -0.005 -0.1
      endloop
   endfacet
   facet normal 0 0 -1
      outer loop
         vertex 0.05 -0.005 -0.1
         vertex 0.025726 -0.0193123 -0.1
         vertex 0.0256474 -0.0192378 -0.1
      endloop
   endfacet
   facet normal 0 0 -1
      outer loop
         vertex 0.0259766 -0.019785 -0.1
         vertex 0.0259477 -0.0196807 -0.1
         vertex 0.05 -0.005 -0.1
      endloop
   endfacet
   facet normal 0 0 -1
      outer loop
         vertex 0.0254684 -0.0208835 -0.1
         vertex 0.0255612 -0.0208277 -0.1
         vertex 0.05 -0.035 -0.1
      endloop
   endfacet
   facet normal 0 0 -1
      outer loop
         vertex -0.0253701 -0.020929 -0.1
         vertex -0.0252675 -0.0209635 -0.1
         vertex -0.05 -0.035 -0.1
      endloop
   endfacet
   facet normal 0 0 -1
      outer loop
         vertex -0.05 -0.035 -0.1
         vertex -0.025726 -0.0206877 -0.1
         vertex -0.0256474 -0.0207622 -0.1
      endloop
   endfacet
   facet normal 0 0 -1
      outer loop
         vertex -0.0259766 -0.020215 -0.1
         vertex -0.0259477 -0.0203193 -0.1
         vertex -0.05 -0.035 -0.1
      endloop
   endfacet
   facet normal 0 0 -1
      outer loop
         vertex -0.000468408 -0.0191165 -0.1
         vertex -0.000561187 -0.0191723 -0.1
         vertex -0.0240523 -0.0203193 -0.1
      endloop
   endfacet
   facet normal 0 0 -1
      outer loop
         vertex -0.000161782 -0.0190132 -0.1
         vertex -0.0240523 -0.0203193 -0.1
         vertex -0.0240234 -0.020215 -0.1
      endloop
   endfacet
   facet normal 0 0 -1
      outer loop
         vertex -0.0242039 -0.0206052 -0.1
         vertex -0.0241431 -0.0205156 -0.1
         vertex -0.001 -0.02 -0.1
      endloop
   endfacet
   facet normal 0 0 -1
      outer loop
         vertex -0.001 -0.02 -0.1
         vertex -0.0244388 -0.0208277 -0.1
         vertex -0.0243526 -0.0207622 -0.1
      endloop
   endfacet
   facet normal 0 0 -1
      outer loop
         vertex -0.001 -0.02 -0.1
         vertex -0.0247325 -0.0209635 -0.1
         vertex -0.0246299 -0.020929 -0.1
      endloop
   endfacet
   facet normal 0 0 -1
      outer loop
         vertex 0.0245316 -0.0191165 -0.1
         vertex 0.0244388 -0.0191723 -0.1
         vertex -0.05 -0.005 -0.1
      endloop
   endfacet
   facet normal 0 0 -1
      outer loop
         vertex 0.0257961 -0.0193948 -0.1
         vertex 0.025726 -0.0193123 -0.1
         vertex 0.05 -0.005 -0.1
      endloop
   endfacet
   facet normal 0 0 -1
      outer loop
         vertex 0.0243526 -0.0207622 -0.1
         vertex 0.0244388 -0.0208277 -0.1
         vertex -0.05 -0.035 -0.1
      endloop
   endfacet
   facet normal 0 0 -1
      outer loop
         vertex -0.0257961 -0.0206052 -0.1
         vertex -0.025726 -0.0206877 -0.1
         vertex -0.05 -0.035 -0.1
      endloop
   endfacet
   facet normal 0 0 -1
      outer loop
         vertex -0.0240059 -0.0201081 -0.1
         vertex -0.024 -0.02 -0.1
         vertex -5.41389e-05 -0.0190015 -0.1
      endloop
   endfacet
   facet normal 0 0 -1
      outer loop
         vertex -0.0243526 -0.0207622 -0.1
         vertex -0.024274 -0.0206877 -0.1
         vertex -0.001 -0.02 -0.1
      endloop
   endfacet
   facet normal 0 0 -1
      outer loop
         vertex -0.0246299 -0.020929 -0.1
         vertex -0.0245316 -0.0208835 -0.1
         vertex -0.001 -0.02 -0.1
      endloop
   endfacet
   facet normal 0 0 -1
      outer loop
         vertex -0.001 -0.02 -0.1
         vertex -0.0249459 -0.0209985 -0.1
         vertex -0.0248382 -0.0209868 -0.1
      endloop
   endfacet
   facet normal 0 0 -1
      outer loop
         vertex 0.0256474 -0.0192378 -0.1
         vertex 0.0255612 -0.0191723 -0.1
         vertex 0.05 -0.005 -0.1
      endloop
   endfacet
   facet normal 0 0 -1
      outer loop
         vertex -0.0256474 -0.0207622 -0.1
         vertex -0.0255612 -0.0208277 -0.1
         vertex -0.05 -0.035 -0.1
      endloop
   endfacet
   facet normal 0 0 -1
      outer loop
         vertex -0.0240924 -0.0204199 -0.1
         vertex -0.0240523 -0.0203193 -0.1
         vertex -0.001 -0.02 -0.1
      endloop
   endfacet
   facet normal 0 0 -1
      outer loop
         vertex -0.0248382 -0.0209868 -0.1
         vertex -0.0247325 -0.0209635 -0.1
         vertex -0.001 -0.02 -0.1
      endloop
   endfacet
   facet normal 0 0 -1
      outer loop
         vertex 0.0259941 -0.0201081 -0.1
         vertex 0.026 -0.02 -0.1
         vertex 0.05 -0.035 -0.1
      endloop
   endfacet
   facet normal 0 0 -1
      outer loop
         vertex -0.0245316 -0.0208835 -0.1
         vertex -0.0244388 -0.0208277 -0.1
         vertex -0.001 -0.02 -0.1
      endloop
   endfacet
   facet normal 0 0 -1
      outer loop
         vertex -0.000994138 -0.0198919 -0.1
         vertex -0.001 -0.02 -0.1
         vertex -0.0240523 -0.0203193 -0.1
      endloop
   endfacet
   facet normal 0 0 -1
      outer loop
         vertex -0.0259941 -0.0198919 -0.1
         vertex -0.026 -0.02 -0.1
         vertex -0.05 -0.005 -0.1
      endloop
   endfacet
   facet normal 1 0 0
      outer loop
         vertex 0.001 -0.02 -0.1
         vertex 0.001 -0.02 -0.175
         vertex 0.000994138 -0.0198919 -0.175
      endloop
   endfacet
   facet normal 0.994138 0.108119 0
      outer loop
         vertex 0.000994138 -0.0198919 -0.1
         vertex 0.000994138 -0.0198919 -0.175
         vertex 0.000976621 -0.019785 -0.175
      endloop
   endfacet
   facet normal 0.976621 0.21497 0
      outer loop
         vertex 0.000976621 -0.019785 -0.1
         vertex 0.000976621 -0.019785 -0.175
         vertex 0.000947653 -0.0196807 -0.175
      endloop
   endfacet
   facet normal 0.947653 0.319302 0
      outer loop
         vertex 0.000947653 -0.0196807 -0.1
         vertex 0.000947653 -0.0196807 -0.175
         vertex 0.000907575 -0.0195801 -0.175
      endloop
   endfacet
   facet normal 0.907575 0.419889 0
      outer loop
         vertex 0.000907575 -0.0195801 -0.1
         vertex 0.000907575 -0.0195801 -0.175
         vertex 0.000856857 -0.0194844 -0.175
      endloop
   endfacet
   facet normal 0.856857 0.515554 0
      outer loop
         vertex 0.000856857 -0.0194844 -0.1
         vertex 0.000856857 -0.0194844 -0.175
         vertex 0.000796093 -0.0193948 -0.175
      endloop
   endfacet
   facet normal 0.796093 0.605174 0
      outer loop
         vertex 0.000796093 -0.0193948 -0.1
         vertex 0.000796093 -0.0193948 -0.175
         vertex 0.000725995 -0.0193123 -0.175
      endloop
   endfacet
   facet normal 0.725995 0.687699 0
      outer loop
         vertex 0.000725995 -0.0193123 -0.1
         vertex 0.000725995 -0.0193123 -0.175
         vertex 0.000647386 -0.0192378 -0.175
      endloop
   endfacet
   facet normal 0.647386 0.762162 0
      outer loop
         vertex 0.000647386 -0.0192378 -0.1
         vertex 0.000647386 -0.0192378 -0.175
         vertex 0.000561187 -0.0191723 -0.175
      endloop
   endfacet
   facet normal 0.561187 0.827689 0
      outer loop
         vertex 0.000561187 -0.0191723 -0.1
         vertex 0.000561187 -0.0191723 -0.175
         vertex 0.000468408 -0.0191165 -0.175
      endloop
   endfacet
   facet normal 0.468408 0.883512 0
      outer loop
         vertex 0.000468408 -0.0191165 -0.1
         vertex 0.000468408 -0.0191165 -0.175
         vertex 0.000370138 -0.019071 -0.175
      endloop
   endfacet
   facet normal 0.370138 0.928977 0
      outer loop
         vertex 0.000370138 -0.019071 -0.1
         vertex 0.000370138 -0.019071 -0.175
         vertex 0.000267528 -0.0190365 -0.175
      endloop
   endfacet
   facet normal 0.267528 0.96355 0
      outer loop
         vertex 0.000267528 -0.0190365 -0.1
         vertex 0.000267528 -0.0190365 -0.175
         vertex 0.000161782 -0.0190132 -0.175
      endloop
   endfacet
   facet normal 0.161782 0.986827 0
      outer loop
         vertex 0.000161782 -0.0190132 -0.1
         vertex 0.000161782 -0.0190132 -0.175
         vertex 5.41389e-05 -0.0190015 -0.175
      endloop
   endfacet
   facet normal 0.0541389 0.998533 0
      outer loop
         vertex 5.41389e-05 -0.0190015 -0.1
         vertex 5.41389e-05 -0.0190015 -0.175
         vertex -5.41389e-05 -0.0190015 -0.175
      endloop
   endfacet
   facet normal -0.0541389 0.998533 0
      outer loop
         vertex -5.41389e-05 -0.0190015 -0.1
         vertex -5.41389e-05 -0.0190015 -0.175
         vertex -0.000161782 -0.0190132 -0.175
      endloop
   endfacet
   facet normal -0.161782 0.986827 0
      outer loop
         vertex -0.000161782 -0.0190132 -0.1
         vertex -0.000161782 -0.0190132 -0.175
         vertex -0.000267528 -0.0190365 -0.175
      endloop
   endfacet
   facet normal -0.267528 0.96355 0
      outer loop
         vertex -0.000267528 -0.0190365 -0.1
         vertex -0.000267528 -0.0190365 -0.175
         vertex -0.000370138 -0.019071 -0.175
      endloop
   endfacet
   facet normal -0.370138 0.928977 0
      outer loop
         vertex -0.000370138 -0.019071 -0.1
         vertex -0.000370138 -0.019071 -0.175
         vertex -0.000468408 -0.0191165 -0.175
      endloop
   endfacet
   facet normal -0.468408 0.883512 0
      outer loop
         vertex -0.000468408 -0.0191165 -0.1
         vertex -0.000468408 -0.0191165 -0.175
         vertex -0.000561187 -0.0191723 -0.175
      endloop
   endfacet
   facet normal -0.561187 0.827689 0
      outer loop
         vertex -0.000561187 -0.0191723 -0.1
         vertex -0.000561187 -0.0191723 -0.175
         vertex -0.000647386 -0.0192378 -0.175
      endloop
   endfacet
   facet normal -0.647386 0.762162 0
      outer loop
         vertex -0.000647386 -0.0192378 -0.1
         vertex -0.000647386 -0.0192378 -0.175
         vertex -0.000725995 -0.0193123 -0.175
      endloop
   endfacet
   facet normal -0.725995 0.687699 0
      outer loop
         vertex -0.000725995 -0.0193123 -0.1
         vertex -0.000725995 -0.0193123 -0.175
         vertex -0.000796093 -0.0193948 -0.175
      endloop
   endfacet
   facet normal -0.796093 0.605174 0
      outer loop
         vertex -0.000796093 -0.0193948 -0.1
         vertex -0.000796093 -0.0193948 -0.175
         vertex -0.000856857 -0.0194844 -0.175
      endloop
   endfacet
   facet normal -0.856857 0.515554 0
      outer loop
         vertex -0.000856857 -0.0194844 -0.1
         vertex -0.000856857 -0.0194844 -0.175
         vertex -0.000907575 -0.0195801 -0.175
      endloop
   endfacet
   facet normal -0.907575 0.419889 0
      outer loop
         vertex -0.000907575 -0.0195801 -0.1
         vertex -0.000907575 -0.0195801 -0.175
         vertex -0.000947653 -0.0196807 -0.175
      endloop
   endfacet
   facet normal -0.947653 0.319302 0
      outer loop
         vertex -0.000947653 -0.0196807 -0.1
         vertex -0.000947653 -0.0196807 -0.175
         vertex -0.000976621 -0.019785 -0.175
      endloop
   endfacet
   facet normal -0.976621 0.21497 0
      outer loop
         vertex -0.000976621 -0.019785 -0.1
         vertex -0.000976621 -0.019785 -0.175
         vertex -0.000994138 -0.0198919 -0.175
      endloop
   endfacet
   facet normal -0.994138 0.108119 0
      outer loop
         vertex -0.000994138 -0.0198919 -0.1
         vertex -0.000994138 -0.0198919 -0.175
         vertex -0.001 -0.02 -0.175
      endloop
   endfacet
   facet normal -1 1.22465e-16 0
      outer loop
         vertex -0.001 -0.02 -0.1
         vertex -0.001 -0.02 -0.175
         vertex -0.000994138 -0.0201081 -0.175
      endloop
   endfacet
   facet normal -0.994138 -0.108119 0
      outer loop
         vertex -0.000994138 -0.0201081 -0.1
         vertex -0.000994138 -0.0201081 -0.175
         vertex -0.000976621 -0.020215 -0.175
      endloop
   endfacet
   facet normal -0.976621 -0.21497 0
      outer loop
         vertex -0.000976621 -0.020215 -0.1
         vertex -0.000976621 -0.020215 -0.175
         vertex -0.000947653 -0.0203193 -0.175
      endloop
   endfacet
   facet normal -0.947653 -0.319302 0
      outer loop
         vertex -0.000947653 -0.0203193 -0.1
         vertex -0.000947653 -0.0203193 -0.175
         vertex -0.000907575 -0.0204199 -0.175
      endloop
   endfacet
   facet normal -0.907575 -0.419889 0
      outer loop
         vertex -0.000907575 -0.0204199 -0.1
         vertex -0.000907575 -0.0204199 -0.175
         vertex -0.000856857 -0.0205156 -0.175
      endloop
   endfacet
   facet normal -0.856857 -0.515554 0
      outer loop
         vertex -0.000856857 -0.0205156 -0.1
         vertex -0.000856857 -0.0205156 -0.175
         vertex -0.000796093 -0.0206052 -0.175
      endloop
   endfacet
   facet normal -0.796093 -0.605174 0
      outer loop
         vertex -0.000796093 -0.0206052 -0.1
         vertex -0.000796093 -0.0206052 -0.175
         vertex -0.000725995 -0.0206877 -0.175
      endloop
   endfacet
   facet normal -0.725995 -0.687699 0
      outer loop
         vertex -0.000725995 -0.0206877 -0.1
         vertex -0.000725995 -0.0206877 -0.175
         vertex -0.000647386 -0.0207622 -0.175
      endloop
   endfacet
   facet normal -0.647386 -0.762162 0
      outer loop
         vertex -0.000647386 -0.0207622 -0.1
         vertex -0.000647386 -0.0207622 -0.175
         vertex -0.000561187 -0.0208277 -0.175
      endloop
   endfacet
   facet normal -0.561187 -0.827689 0
      outer loop
         vertex -0.000561187 -0.0208277 -0.1
         vertex -0.000561187 -0.0208277 -0.175
         vertex -0.000468408 -0.0208835 -0.175
      endloop
   endfacet
   facet normal -0.468408 -0.883512 0
      outer loop
         vertex -0.000468408 -0.0208835 -0.1
         vertex -0.000468408 -0.0208835 -0.175
         vertex -0.000370138 -0.020929 -0.175
      endloop
   endfacet
   facet normal -0.370138 -0.928977 0
      outer loop
         vertex -0.000370138 -0.020929 -0.1
         vertex -0.000370138 -0.020929 -0.175
         vertex -0.000267528 -0.0209635 -0.175
      endloop
   endfacet
   facet normal -0.267528 -0.96355 0
      outer loop
         vertex -0.000267528 -0.0209635 -0.1
         vertex -0.000267528 -0.0209635 -0.175
         vertex -0.000161782 -0.0209868 -0.175
      endloop
   endfacet
   facet normal -0.161782 -0.986827 0
      outer loop
         vertex -0.000161782 -0.0209868 -0.1
         vertex -0.000161782 -0.0209868 -0.175
         vertex -5.41389e-05 -0.0209985 -0.175
      endloop
   endfacet
   facet normal -0.0541389 -0.998533 0
      outer loop
         vertex -5.41389e-05 -0.0209985 -0.1
         vertex -5.41389e-05 -0.0209985 -0.175
         vertex 5.41389e-05 -0.0209985 -0.175
      endloop
   endfacet
   facet normal 0.0541389 -0.998533 0
      outer loop
         vertex 5.41389e-05 -0.0209985 -0.1
         vertex 5.41389e-05 -0.0209985 -0.175
         vertex 0.000161782 -0.0209868 -0.175
      endloop
   endfacet
   facet normal 0.161782 -0.986827 0
      outer loop
         vertex 0.000161782 -0.0209868 -0.1
         vertex 0.000161782 -0.0209868 -0.175
         vertex 0.000267528 -0.0209635 -0.175
      endloop
   endfacet
   facet normal 0.267528 -0.96355 0
      outer loop
         vertex 0.000267528 -0.0209635 -0.1
         vertex 0.000267528 -0.0209635 -0.175
         vertex 0.000370138 -0.020929 -0.175
      endloop
   endfacet
   facet normal 0.370138 -0.928977 0
      outer loop
         vertex 0.000370138 -0.020929 -0.1
         vertex 0.000370138 -0.020929 -0.175
         vertex 0.000468408 -0.0208835 -0.175
      endloop
   endfacet
   facet normal 0.468408 -0.883512 0
      outer loop
         vertex 0.000468408 -0.0208835 -0.1
         vertex 0.000468408 -0.0208835 -0.175
         vertex 0.000561187 -0.0208277 -0.175
      endloop
   endfacet
   facet normal 0.561187 -0.827689 0
      outer loop
         vertex 0.000561187 -0.0208277 -0.1
         vertex 0.000561187 -0.0208277 -0.175
         vertex 0.000647386 -0.0207622 -0.175
      endloop
   endfacet
   facet normal 0.647386 -0.762162 0
      outer loop
         vertex 0.000647386 -0.0207622 -0.1
         vertex 0.000647386 -0.0207622 -0.175
         vertex 0.000725995 -0.0206877 -0.175
      endloop
   endfacet
   facet normal 0.725995 -0.687699 0
      outer loop
         vertex 0.000725995 -0.0206877 -0.1
         vertex 0.000725995 -0.0206877 -0.175
         vertex 0.000796093 -0.0206052 -0.175
      endloop
   endfacet
   facet normal 0.796093 -0.605174 0
      outer loop
         vertex 0.000796093 -0.0206052 -0.1
         vertex 0.000796093 -0.0206052 -0.175
         vertex 0.000856857 -0.0205156 -0.175
      endloop
   endfacet
   facet normal 0.856857 -0.515554 0
      outer loop
         vertex 0.000856857 -0.0205156 -0.1
         vertex 0.000856857 -0.0205156 -0.175
         vertex 0.000907575 -0.0204199 -0.175
      endloop
   endfacet
   facet normal 0.907575 -0.419889 0
      outer loop
         vertex 0.000907575 -0.0204199 -0.1
         vertex 0.000907575 -0.0204199 -0.175
         vertex 0.000947653 -0.0203193 -0.175
      endloop
   endfacet
   facet normal 0.947653 -0.319302 0
      outer loop
         vertex 0.000947653 -0.0203193 -0.1
         vertex 0.000947653 -0.0203193 -0.175
         vertex 0.000976621 -0.020215 -0.175
      endloop
   endfacet
   facet normal 0.976621 -0.21497 0
      outer loop
         vertex 0.000976621 -0.020215 -0.1
         vertex 0.000976621 -0.020215 -0.175
         vertex 0.000994138 -0.0201081 -0.175
      endloop
   endfacet
   facet normal 0.994138 -0.108119 0
      outer loop
         vertex 0.000994138 -0.0201081 -0.1
         vertex 0.000994138 -0.0201081 -0.175
         vertex 0.001 -0.02 -0.175
      endloop
   endfacet
   facet normal 1 0 0
      outer loop
         vertex 0.001 -0.02 -0.175
         vertex 0.001 -0.02 -0.1
         vertex 0.000994138 -0.0201081 -0.1
      endloop
   endfacet
   facet normal 0.994138 -0.108119 0
      outer loop
         vertex 0.000994138 -0.0201081 -0.175
         vertex 0.000994138 -0.0201081 -0.1
         vertex 0.000976621 -0.020215 -0.1
      endloop
   endfacet
   facet normal 0.976621 -0.21497 0
      outer loop
         vertex 0.000976621 -0.020215 -0.175
         vertex 0.000976621 -0.020215 -0.1
         vertex 0.000947653 -0.0203193 -0.1
      endloop
   endfacet
   facet normal 0.947653 -0.319302 0
      outer loop
         vertex 0.000947653 -0.0203193 -0.175
         vertex 0.000947653 -0.0203193 -0.1
         vertex 0.000907575 -0.0204199 -0.1
      endloop
   endfacet
   facet normal 0.907575 -0.419889 0
      outer loop
         vertex 0.000907575 -0.0204199 -0.175
         vertex 0.000907575 -0.0204199 -0.1
         vertex 0.000856857 -0.0205156 -0.1
      endloop
   endfacet
   facet normal 0.856857 -0.515554 0
      outer loop
         vertex 0.000856857 -0.0205156 -0.175
         vertex 0.000856857 -0.0205156 -0.1
         vertex 0.000796093 -0.0206052 -0.1
      endloop
   endfacet
   facet normal 0.796093 -0.605174 0
      outer loop
         vertex 0.000796093 -0.0206052 -0.175
         vertex 0.000796093 -0.0206052 -0.1
         vertex 0.000725995 -0.0206877 -0.1
      endloop
   endfacet
   facet normal 0.725995 -0.687699 0
      outer loop
         vertex 0.000725995 -0.0206877 -0.175
         vertex 0.000725995 -0.0206877 -0.1
         vertex 0.000647386 -0.0207622 -0.1
      endloop
   endfacet
   facet normal 0.647386 -0.762162 0
      outer loop
         vertex 0.000647386 -0.0207622 -0.175
         vertex 0.000647386 -0.0207622 -0.1
         vertex 0.000561187 -0.0208277 -0.1
      endloop
   endfacet
   facet normal 0.561187 -0.827689 0
      outer loop
         vertex 0.000561187 -0.0208277 -0.175
         vertex 0.000561187 -0.0208277 -0.1
         vertex 0.000468408 -0.0208835 -0.1
      endloop
   endfacet
   facet normal 0.468408 -0.883512 0
      outer loop
         vertex 0.000468408 -0.0208835 -0.175
         vertex 0.000468408 -0.0208835 -0.1
         vertex 0.000370138 -0.020929 -0.1
      endloop
   endfacet
   facet normal 0.370138 -0.928977 0
      outer loop
         vertex 0.000370138 -0.020929 -0.175
         vertex 0.000370138 -0.020929 -0.1
         vertex 0.000267528 -0.0209635 -0.1
      endloop
   endfacet
   facet normal 0.267528 -0.96355 0
      outer loop
         vertex 0.000267528 -0.0209635 -0.175
         vertex 0.000267528 -0.0209635 -0.1
         vertex 0.000161782 -0.0209868 -0.1
      endloop
   endfacet
   facet normal 0.161782 -0.986827 0
      outer loop
         vertex 0.000161782 -0.0209868 -0.175
         vertex 0.000161782 -0.0209868 -0.1
         vertex 5.41389e-05 -0.0209985 -0.1
      endloop
   endfacet
   facet normal 0.0541389 -0.998533 0
      outer loop
         vertex 5.41389e-05 -0.0209985 -0.175
         vertex 5.41389e-05 -0.0209985 -0.1
         vertex -5.41389e-05 -0.0209985 -0.1
      endloop
   endfacet
   facet normal -0.0541389 -0.998533 0
      outer loop
         vertex -5.41389e-05 -0.0209985 -0.175
         vertex -5.41389e-05 -0.0209985 -0.1
         vertex -0.000161782 -0.0209868 -0.1
      endloop
   endfacet
   facet normal -0.161782 -0.986827 0
      outer loop
         vertex -0.000161782 -0.0209868 -0.175
         vertex -0.000161782 -0.0209868 -0.1
         vertex -0.000267528 -0.0209635 -0.1
      endloop
   endfacet
   facet normal -0.267528 -0.96355 0
      outer loop
         vertex -0.000267528 -0.0209635 -0.175
         vertex -0.000267528 -0.0209635 -0.1
         vertex -0.000370138 -0.020929 -0.1
      endloop
   endfacet
   facet normal -0.370138 -0.928977 0
      outer loop
         vertex -0.000370138 -0.020929 -0.175
         vertex -0.000370138 -0.020929 -0.1
         vertex -0.000468408 -0.0208835 -0.1
      endloop
   endfacet
   facet normal -0.468408 -0.883512 0
      outer loop
         vertex -0.000468408 -0.0208835 -0.175
         vertex -0.000468408 -0.0208835 -0.1
         vertex -0.000561187 -0.0208277 -0.1
      endloop
   endfacet
   facet normal -0.561187 -0.827689 0
      outer loop
         vertex -0.000561187 -0.0208277 -0.175
         vertex -0.000561187 -0.0208277 -0.1
         vertex -0.000647386 -0.0207622 -0.1
      endloop
   endfacet
   facet normal -0.647386 -0.762162 0
      outer loop
         vertex -0.000647386 -0.0207622 -0.175
         vertex -0.000647386 -0.0207622 -0.1
         vertex -0.000725995 -0.0206877 -0.1
      endloop
   endfacet
   facet normal -0.725995 -0.687699 0
      outer loop
         vertex -0.000725995 -0.0206877 -0.175
         vertex -0.000725995 -0.0206877 -0.1
         vertex -0.000796093 -0.0206052 -0.1
      endloop
   endfacet
   facet normal -0.796093 -0.605174 0
      outer loop
         vertex -0.000796093 -0.0206052 -0.175
         vertex -0.000796093 -0.0206052 -0.1
         vertex -0.000856857 -0.0205156 -0.1
      endloop
   endfacet
   facet normal -0.856857 -0.515554 0
      outer loop
         vertex -0.000856857 -0.0205156 -0.175
         vertex -0.000856857 -0.0205156 -0.1
         vertex -0.000907575 -0.0204199 -0.1
      endloop
   endfacet
   facet normal -0.907575 -0.419889 0
      outer loop
         vertex -0.000907575 -0.0204199 -0.175
         vertex -0.000907575 -0.0204199 -0.1
         vertex -0.000947653 -0.0203193 -0.1
      endloop
   endfacet
   facet normal -0.947653 -0.319302 0
      outer loop
         vertex -0.000947653 -0.0203193 -0.175
         vertex -0.000947653 -0.0203193 -0.1
         vertex -0.000976621 -0.020215 -0.1
      endloop
   endfacet
   facet normal -0.976621 -0.21497 0
      outer loop
         vertex -0.000976621 -0.020215 -0.175
         vertex -0.000976621 -0.020215 -0.1
         vertex -0.000994138 -0.0201081 -0.1
      endloop
   endfacet
   facet normal -0.994138 -0.108119 0
      outer loop
         vertex -0.000994138 -0.0201081 -0.175
         vertex -0.000994138 -0.0201081 -0.1
         vertex -0.001 -0.02 -0.1
      endloop
   endfacet
   facet normal -1 1.22465e-16 0
      outer loop
         vertex -0.001 -0.02 -0.175
         vertex -0.001 -0.02 -0.1
         vertex -0.000994138 -0.0198919 -0.1
      endloop
   endfacet
   facet normal -0.994138 0.108119 0
      outer loop
         vertex -0.000994138 -0.0198919 -0.175
         vertex -0.000994138 -0.0198919 -0.1
         vertex -0.000976621 -0.019785 -0.1
      endloop
   endfacet
   facet normal -0.976621 0.21497 0
      outer loop
         vertex -0.000976621 -0.019785 -0.175
         vertex -0.000976621 -0.019785 -0.1
         vertex -0.000947653 -0.0196807 -0.1
      endloop
   endfacet
   facet normal -0.947653 0.319302 0
      outer loop
         vertex -0.000947653 -0.0196807 -0.175
         vertex -0.000947653 -0.0196807 -0.1
         vertex -0.000907575 -0.0195801 -0.1
      endloop
   endfacet
   facet normal -0.907575 0.419889 0
      outer loop
         vertex -0.000907575 -0.0195801 -0.175
         vertex -0.000907575 -0.0195801 -0.1
         vertex -0.000856857 -0.0194844 -0.1
      endloop
   endfacet
   facet normal -0.856857 0.515554 0
      outer loop
         vertex -0.000856857 -0.0194844 -0.175
         vertex -0.000856857 -0.0194844 -0.1
         vertex -0.000796093 -0.0193948 -0.1
      endloop
   endfacet
   facet normal -0.796093 0.605174 0
      outer loop
         vertex -0.000796093 -0.0193948 -0.175
         vertex -0.000796093 -0.0193948 -0.1
         vertex -0.000725995 -0.0193123 -0.1
      endloop
   endfacet
   facet normal -0.725995 0.687699 0
      outer loop
         vertex -0.000725995 -0.0193123 -0.175
         vertex -0.000725995 -0.0193123 -0.1
         vertex -0.000647386 -0.0192378 -0.1
      endloop
   endfacet
   facet normal -0.647386 0.762162 0
      outer loop
         vertex -0.000647386 -0.0192378 -0.175
         vertex -0.000647386 -0.0192378 -0.1
         vertex -0.000561187 -0.0191723 -0.1
      endloop
   endfacet
   facet normal -0.561187 0.827689 0
      outer loop
         vertex -0.000561187 -0.0191723 -0.175
         vertex -0.000561187 -0.0191723 -0.1
         vertex -0.000468408 -0.0191165 -0.1
      endloop
   endfacet
   facet normal -0.468408 0.883512 0
      outer loop
         vertex -0.000468408 -0.0191165 -0.175
         vertex -0.000468408 -0.0191165 -0.1
         vertex -0.000370138 -0.019071 -0.1
      endloop
   endfacet
   facet normal -0.370138 0.928977 0
      outer loop
         vertex -0.000370138 -0.019071 -0.175
         vertex -0.000370138 -0.019071 -0.1
         vertex -0.000267528 -0.0190365 -0.1
      endloop
   endfacet
   facet normal -0.267528 0.96355 0
      outer loop
         vertex -0.000267528 -0.0190365 -0.175
         vertex -0.000267528 -0.0190365 -0.1
         vertex -0.000161782 -0.0190132 -0.1
      endloop
   endfacet
   facet normal -0.161782 0.986827 0
      outer loop
         vertex -0.000161782 -0.0190132 -0.175
         vertex -0.000161782 -0.0190132 -0.1
         vertex -5.41389e-05 -0.0190015 -0.1
      endloop
   endfacet
   facet normal -0.0541389 0.998533 0
      outer loop
         vertex -5.41389e-05 -0.0190015 -0.175
         vertex -5.41389e-05 -0.0190015 -0.1
         vertex 5.41389e-05 -0.0190015 -0.1
      endloop
   endfacet
   facet normal 0.0541389 0.998533 0
      outer loop
         vertex 5.41389e-05 -0.0190015 -0.175
         vertex 5.41389e-05 -0.0190015 -0.1
         vertex 0.000161782 -0.0190132 -0.1
      endloop
   endfacet
   facet normal 0.161782 0.986827 0
      outer loop
         vertex 0.000161782 -0.0190132 -0.175
         vertex 0.000161782 -0.0190132 -0.1
         vertex 0.000267528 -0.0190365 -0.1
      endloop
   endfacet
   facet normal 0.267528 0.96355 0
      outer loop
         vertex 0.000267528 -0.0190365 -0.175
         vertex 0.000267528 -0.0190365 -0.1
         vertex 0.000370138 -0.019071 -0.1
      endloop
   endfacet
   facet normal 0.370138 0.928977 0
      outer loop
         vertex 0.000370138 -0.019071 -0.175
         vertex 0.000370138 -0.019071 -0.1
         vertex 0.000468408 -0.0191165 -0.1
      endloop
   endfacet
   facet normal 0.468408 0.883512 0
      outer loop
         vertex 0.000468408 -0.0191165 -0.175
         vertex 0.000468408 -0.0191165 -0.1
         vertex 0.000561187 -0.0191723 -0.1
      endloop
   endfacet
   facet normal 0.561187 0.827689 0
      outer loop
         vertex 0.000561187 -0.0191723 -0.175
         vertex 0.000561187 -0.0191723 -0.1
         vertex 0.000647386 -0.0192378 -0.1
      endloop
   endfacet
   facet normal 0.647386 0.762162 0
      outer loop
         vertex 0.000647386 -0.0192378 -0.175
         vertex 0.000647386 -0.0192378 -0.1
         vertex 0.000725995 -0.0193123 -0.1
      endloop
   endfacet
   facet normal 0.725995 0.687699 0
      outer loop
         vertex 0.000725995 -0.0193123 -0.175
         vertex 0.000725995 -0.0193123 -0.1
         vertex 0.000796093 -0.0193948 -0.1
      endloop
   endfacet
   facet normal 0.796093 0.605174 0
      outer loop
         vertex 0.000796093 -0.0193948 -0.175
         vertex 0.000796093 -0.0193948 -0.1
         vertex 0.000856857 -0.0194844 -0.1
      endloop
   endfacet
   facet normal 0.856857 0.515554 0
      outer loop
         vertex 0.000856857 -0.0194844 -0.175
         vertex 0.000856857 -0.0194844 -0.1
         vertex 0.000907575 -0.0195801 -0.1
      endloop
   endfacet
   facet normal 0.907575 0.419889 0
      outer loop
         vertex 0.000907575 -0.0195801 -0.175
         vertex 0.000907575 -0.0195801 -0.1
         vertex 0.000947653 -0.0196807 -0.1
      endloop
   endfacet
   facet normal 0.947653 0.319302 0
      outer loop
         vertex 0.000947653 -0.0196807 -0.175
         vertex 0.000947653 -0.0196807 -0.1
         vertex 0.000976621 -0.019785 -0.1
      endloop
   endfacet
   facet normal 0.976621 0.21497 0
      outer loop
         vertex 0.000976621 -0.019785 -0.175
         vertex 0.000976621 -0.019785 -0.1
         vertex 0.000994138 -0.0198919 -0.1
      endloop
   endfacet
   facet normal 0.994138 0.108119 0
      outer loop
         vertex 0.000994138 -0.0198919 -0.175
         vertex 0.000994138 -0.0198919 -0.1
         vertex 0.001 -0.02 -0.1
      endloop
   endfacet
   facet normal 0 0 -1
      outer loop
         vertex 8.26946e-19 -0.02 -0.175
         vertex -0.000994138 -0.0198919 -0.175
         vertex -0.000976621 -0.019785 -0.175
      endloop
   endfacet
   facet normal 0 0 -1
      outer loop
         vertex -0.000976621 -0.019785 -0.175
         vertex -0.000947653 -0.0196807 -0.175
         vertex 8.26946e-19 -0.02 -0.175
      endloop
   endfacet
   facet normal 0 0 -1
      outer loop
         vertex -0.000947653 -0.0196807 -0.175
         vertex -0.000907575 -0.0195801 -0.175
         vertex 8.26946e-19 -0.02 -0.175
      endloop
   endfacet
   facet normal 0 0 -1
      outer loop
         vertex -0.000907575 -0.0195801 -0.175
         vertex -0.000856857 -0.0194844 -0.175
         vertex 8.26946e-19 -0.02 -0.175
      endloop
   endfacet
   facet normal 0 0 -1
      outer loop
         vertex -0.000856857 -0.0194844 -0.175
         vertex -0.000796093 -0.0193948 -0.175
         vertex 8.26946e-19 -0.02 -0.175
      endloop
   endfacet
   facet normal 0 0 -1
      outer loop
         vertex -0.000796093 -0.0193948 -0.175
         vertex -0.000725995 -0.0193123 -0.175
         vertex 8.26946e-19 -0.02 -0.175
      endloop
   endfacet
   facet normal 0 0 -1
      outer loop
         vertex -0.000725995 -0.0193123 -0.175
         vertex -0.000647386 -0.0192378 -0.175
         vertex 8.26946e-19 -0.02 -0.175
      endloop
   endfacet
   facet normal 0 0 -1
      outer loop
         vertex -0.000647386 -0.0192378 -0.175
         vertex -0.000561187 -0.0191723 -0.175
         vertex 8.26946e-19 -0.02 -0.175
      endloop
   endfacet
   facet normal 0 0 -1
      outer loop
         vertex -0.000561187 -0.0191723 -0.175
         vertex -0.000468408 -0.0191165 -0.175
         vertex 8.26946e-19 -0.02 -0.175
      endloop
   endfacet
   facet normal 0 0 -1
      outer loop
         vertex -0.000468408 -0.0191165 -0.175
         vertex -0.000370138 -0.019071 -0.175
         vertex 8.26946e-19 -0.02 -0.175
      endloop
   endfacet
   facet normal 0 0 -1
      outer loop
         vertex -0.000370138 -0.019071 -0.175
         vertex -0.000267528 -0.0190365 -0.175
         vertex 8.26946e-19 -0.02 -0.175
      endloop
   endfacet
   facet normal 0 0 -1
      outer loop
         vertex -0.000267528 -0.0190365 -0.175
         vertex -0.000161782 -0.0190132 -0.175
         vertex 8.26946e-19 -0.02 -0.175
      endloop
   endfacet
   facet normal 0 0 -1
      outer loop
         vertex -0.000161782 -0.0190132 -0.175
         vertex -5.41389e-05 -0.0190015 -0.175
         vertex 8.26946e-19 -0.02 -0.175
      endloop
   endfacet
   facet normal 0 0 -1
      outer loop
         vertex -5.41389e-05 -0.0190015 -0.175
         vertex 5.41389e-05 -0.0190015 -0.175
         vertex 8.26946e-19 -0.02 -0.175
      endloop
   endfacet
   facet normal 0 0 -1
      outer loop
         vertex 5.41389e-05 -0.0190015 -0.175
         vertex 0.000161782 -0.0190132 -0.175
         vertex 8.26946e-19 -0.02 -0.175
      endloop
   endfacet
   facet normal 0 0 -1
      outer loop
         vertex 0.000161782 -0.0190132 -0.175
         vertex 0.000267528 -0.0190365 -0.175
         vertex 8.26946e-19 -0.02 -0.175
      endloop
   endfacet
   facet normal 0 0 -1
      outer loop
         vertex 0.000267528 -0.0190365 -0.175
         vertex 0.000370138 -0.019071 -0.175
         vertex 8.26946e-19 -0.02 -0.175
      endloop
   endfacet
   facet normal 0 0 -1
      outer loop
         vertex 0.000370138 -0.019071 -0.175
         vertex 0.000468408 -0.0191165 -0.175
         vertex 8.26946e-19 -0.02 -0.175
      endloop
   endfacet
   facet normal 0 0 -1
      outer loop
         vertex 0.000468408 -0.0191165 -0.175
         vertex 0.000561187 -0.0191723 -0.175
         vertex 8.26946e-19 -0.02 -0.175
      endloop
   endfacet
   facet normal 0 0 -1
      outer loop
         vertex 0.000561187 -0.0191723 -0.175
         vertex 0.000647386 -0.0192378 -0.175
         vertex 8.26946e-19 -0.02 -0.175
      endloop
   endfacet
   facet normal 0 0 -1
      outer loop
         vertex 0.000647386 -0.0192378 -0.175
         vertex 0.000725995 -0.0193123 -0.175
         vertex 8.26946e-19 -0.02 -0.175
      endloop
   endfacet
   facet normal 0 0 -1
      outer loop
         vertex 0.000725995 -0.0193123 -0.175
         vertex 0.000796093 -0.0193948 -0.175
         vertex 8.26946e-19 -0.02 -0.175
      endloop
   endfacet
   facet normal 0 0 -1
      outer loop
         vertex 0.000796093 -0.0193948 -0.175
         vertex 0.000856857 -0.0194844 -0.175
         vertex 8.26946e-19 -0.02 -0.175
      endloop
   endfacet
   facet normal 0 0 -1
      outer loop
         vertex 0.000856857 -0.0194844 -0.175
         vertex 0.000907575 -0.0195801 -0.175
         vertex 8.26946e-19 -0.02 -0.175
      endloop
   endfacet
   facet normal 0 0 -1
      outer loop
         vertex 0.000907575 -0.0195801 -0.175
         vertex 0.000947653 -0.0196807 -0.175
         vertex 8.26946e-19 -0.02 -0.175
      endloop
   endfacet
   facet normal 0 0 -1
      outer loop
         vertex 0.000947653 -0.0196807 -0.175
         vertex 0.000976621 -0.019785 -0.175
         vertex 8.26946e-19 -0.02 -0.175
      endloop
   endfacet
   facet normal 0 0 -1
      outer loop
         vertex 0.000976621 -0.019785 -0.175
         vertex 0.000994138 -0.0198919 -0.175
         vertex 8.26946e-19 -0.02 -0.175
      endloop
   endfacet
   facet normal 0 0 -1
      outer loop
         vertex 0.000994138 -0.0198919 -0.175
         vertex 0.001 -0.02 -0.175
         vertex 8.26946e-19 -0.02 -0.175
      endloop
   endfacet
   facet normal 0 0 -1
      outer loop
         vertex 0.001 -0.02 -0.175
         vertex 0.000994138 -0.0201081 -0.175
         vertex 8.26946e-19 -0.02 -0.175
      endloop
   endfacet
   facet normal 0 0 -1
      outer loop
         vertex 0.000994138 -0.0201081 -0.175
         vertex 0.000976621 -0.020215 -0.175
         vertex 8.26946e-19 -0.02 -0.175
      endloop
   endfacet
   facet normal 0 0 -1
      outer loop
         vertex 0.000976621 -0.020215 -0.175
         vertex 0.000947653 -0.0203193 -0.175
         vertex 8.26946e-19 -0.02 -0.175
      endloop
   endfacet
   facet normal 0 0 -1
      outer loop
         vertex 0.000947653 -0.0203193 -0.175
         vertex 0.000907575 -0.0204199 -0.175
         vertex 8.26946e-19 -0.02 -0.175
      endloop
   endfacet
   facet normal 0 0 -1
      outer loop
         vertex 0.000907575 -0.0204199 -0.175
         vertex 0.000856857 -0.0205156 -0.175
         vertex 8.26946e-19 -0.02 -0.175
      endloop
   endfacet
   facet normal 0 0 -1
      outer loop
         vertex 0.000856857 -0.0205156 -0.175
         vertex 0.000796093 -0.0206052 -0.175
         vertex 8.26946e-19 -0.02 -0.175
      endloop
   endfacet
   facet normal 0 0 -1
      outer loop
         vertex 0.000796093 -0.0206052 -0.175
         vertex 0.000725995 -0.0206877 -0.175
         vertex 8.26946e-19 -0.02 -0.175
      endloop
   endfacet
   facet normal 0 0 -1
      outer loop
         vertex 0.000725995 -0.0206877 -0.175
         vertex 0.000647386 -0.0207622 -0.175
         vertex 8.26946e-19 -0.02 -0.175
      endloop
   endfacet
   facet normal 0 0 -1
      outer loop
         vertex 0.000647386 -0.0207622 -0.175
         vertex 0.000561187 -0.0208277 -0.175
         vertex 8.26946e-19 -0.02 -0.175
      endloop
   endfacet
   facet normal 0 0 -1
      outer loop
         vertex 0.000561187 -0.0208277 -0.175
         vertex 0.000468408 -0.0208835 -0.175
         vertex 8.26946e-19 -0.02 -0.175
      endloop
   endfacet
   facet normal 0 0 -1
      outer loop
         vertex 0.000468408 -0.0208835 -0.175
         vertex 0.000370138 -0.020929 -0.175
         vertex 8.26946e-19 -0.02 -0.175
      endloop
   endfacet
   facet normal 0 0 -1
      outer loop
         vertex 0.000370138 -0.020929 -0.175
         vertex 0.000267528 -0.0209635 -0.175
         vertex 8.26946e-19 -0.02 -0.175
      endloop
   endfacet
   facet normal 0 0 -1
      outer loop
         vertex 0.000267528 -0.0209635 -0.175
         vertex 0.000161782 -0.0209868 -0.175
         vertex 8.26946e-19 -0.02 -0.175
      endloop
   endfacet
   facet normal 0 0 -1
      outer loop
         vertex 0.000161782 -0.0209868 -0.175
         vertex 5.41389e-05 -0.0209985 -0.175
         vertex 8.26946e-19 -0.02 -0.175
      endloop
   endfacet
   facet normal 0 0 -1
      outer loop
         vertex 5.41389e-05 -0.0209985 -0.175
         vertex -5.41389e-05 -0.0209985 -0.175
         vertex 8.26946e-19 -0.02 -0.175
      endloop
   endfacet
   facet normal 0 0 -1
      outer loop
         vertex -5.41389e-05 -0.0209985 -0.175
         vertex -0.000161782 -0.0209868 -0.175
         vertex 8.26946e-19 -0.02 -0.175
      endloop
   endfacet
   facet normal 0 0 -1
      outer loop
         vertex -0.000161782 -0.0209868 -0.175
         vertex -0.000267528 -0.0209635 -0.175
         vertex 8.26946e-19 -0.02 -0.175
      endloop
   endfacet
   facet normal 0 0 -1
      outer loop
         vertex -0.000267528 -0.0209635 -0.175
         vertex -0.000370138 -0.020929 -0.175
         vertex 8.26946e-19 -0.02 -0.175
      endloop
   endfacet
   facet normal 0 0 -1
      outer loop
         vertex -0.000370138 -0.020929 -0.175
         vertex -0.000468408 -0.0208835 -0.175
         vertex 8.26946e-19 -0.02 -0.175
      endloop
   endfacet
   facet normal 0 0 -1
      outer loop
         vertex -0.000468408 -0.0208835 -0.175
         vertex -0.000561187 -0.0208277 -0.175
         vertex 8.26946e-19 -0.02 -0.175
      endloop
   endfacet
   facet normal 0 0 -1
      outer loop
         vertex -0.000561187 -0.0208277 -0.175
         vertex -0.000647386 -0.0207622 -0.175
         vertex 8.26946e-19 -0.02 -0.175
      endloop
   endfacet
   facet normal 0 0 -1
      outer loop
         vertex -0.000647386 -0.0207622 -0.175
         vertex -0.000725995 -0.0206877 -0.175
         vertex 8.26946e-19 -0.02 -0.175
      endloop
   endfacet
   facet normal 0 0 -1
      outer loop
         vertex -0.000725995 -0.0206877 -0.175
         vertex -0.000796093 -0.0206052 -0.175
         vertex 8.26946e-19 -0.02 -0.175
      endloop
   endfacet
   facet normal 0 0 -1
      outer loop
         vertex -0.000796093 -0.0206052 -0.175
         vertex -0.000856857 -0.0205156 -0.175
         vertex 8.26946e-19 -0.02 -0.175
      endloop
   endfacet
   facet normal 0 0 -1
      outer loop
         vertex -0.000856857 -0.0205156 -0.175
         vertex -0.000907575 -0.0204199 -0.175
         vertex 8.26946e-19 -0.02 -0.175
      endloop
   endfacet
   facet normal 0 0 -1
      outer loop
         vertex -0.000907575 -0.0204199 -0.175
         vertex -0.000947653 -0.0203193 -0.175
         vertex 8.26946e-19 -0.02 -0.175
      endloop
   endfacet
   facet normal 0 0 -1
      outer loop
         vertex -0.000947653 -0.0203193 -0.175
         vertex -0.000976621 -0.020215 -0.175
         vertex 8.26946e-19 -0.02 -0.175
      endloop
   endfacet
   facet normal 0 0 -1
      outer loop
         vertex -0.000976621 -0.020215 -0.175
         vertex -0.000994138 -0.0201081 -0.175
         vertex 8.26946e-19 -0.02 -0.175
      endloop
   endfacet
   facet normal 0 0 -1
      outer loop
         vertex -0.000994138 -0.0201081 -0.175
         vertex -0.001 -0.02 -0.175
         vertex 8.26946e-19 -0.02 -0.175
      endloop
   endfacet
   facet normal 0 0 -1
      outer loop
         vertex -0.001 -0.02 -0.175
         vertex -0.000994138 -0.0198919 -0.175
         vertex 8.26946e-19 -0.02 -0.175
      endloop
   endfacet
   facet normal 1 0 0
      outer loop
         vertex 0.026 -0.02 -0.1
         vertex 0.026 -0.02 -0.175
         vertex 0.0259941 -0.0198919 -0.175
      endloop
   endfacet
   facet normal 0.994138 0.108119 0
      outer loop
         vertex 0.0259941 -0.0198919 -0.1
         vertex 0.0259941 -0.0198919 -0.175
         vertex 0.0259766 -0.019785 -0.175
      endloop
   endfacet
   facet normal 0.976621 0.21497 0
      outer loop
         vertex 0.0259766 -0.019785 -0.1
         vertex 0.0259766 -0.019785 -0.175
         vertex 0.0259477 -0.0196807 -0.175
      endloop
   endfacet
   facet normal 0.947653 0.319302 0
      outer loop
         vertex 0.0259477 -0.0196807 -0.1
         vertex 0.0259477 -0.0196807 -0.175
         vertex 0.0259076 -0.0195801 -0.175
      endloop
   endfacet
   facet normal 0.907575 0.419889 0
      outer loop
         vertex 0.0259076 -0.0195801 -0.1
         vertex 0.0259076 -0.0195801 -0.175
         vertex 0.0258569 -0.0194844 -0.175
      endloop
   endfacet
   facet normal 0.856857 0.515554 0
      outer loop
         vertex 0.0258569 -0.0194844 -0.1
         vertex 0.0258569 -0.0194844 -0.175
         vertex 0.0257961 -0.0193948 -0.175
      endloop
   endfacet
   facet normal 0.796093 0.605174 0
      outer loop
         vertex 0.0257961 -0.0193948 -0.1
         vertex 0.0257961 -0.0193948 -0.175
         vertex 0.025726 -0.0193123 -0.175
      endloop
   endfacet
   facet normal 0.725995 0.687699 0
      outer loop
         vertex 0.025726 -0.0193123 -0.1
         vertex 0.025726 -0.0193123 -0.175
         vertex 0.0256474 -0.0192378 -0.175
      endloop
   endfacet
   facet normal 0.647386 0.762162 0
      outer loop
         vertex 0.0256474 -0.0192378 -0.1
         vertex 0.0256474 -0.0192378 -0.175
         vertex 0.0255612 -0.0191723 -0.175
      endloop
   endfacet
   facet normal 0.561187 0.827689 0
      outer loop
         vertex 0.0255612 -0.0191723 -0.1
         vertex 0.0255612 -0.0191723 -0.175
         vertex 0.0254684 -0.0191165 -0.175
      endloop
   endfacet
   facet normal 0.468408 0.883512 0
      outer loop
         vertex 0.0254684 -0.0191165 -0.1
         vertex 0.0254684 -0.0191165 -0.175
         vertex 0.0253701 -0.019071 -0.175
      endloop
   endfacet
   facet normal 0.370138 0.928977 0
      outer loop
         vertex 0.0253701 -0.019071 -0.1
         vertex 0.0253701 -0.019071 -0.175
         vertex 0.0252675 -0.0190365 -0.175
      endloop
   endfacet
   facet normal 0.267528 0.96355 0
      outer loop
         vertex 0.0252675 -0.0190365 -0.1
         vertex 0.0252675 -0.0190365 -0.175
         vertex 0.0251618 -0.0190132 -0.175
      endloop
   endfacet
   facet normal 0.161782 0.986827 0
      outer loop
         vertex 0.0251618 -0.0190132 -0.1
         vertex 0.0251618 -0.0190132 -0.175
         vertex 0.0250541 -0.0190015 -0.175
      endloop
   endfacet
   facet normal 0.0541389 0.998533 0
      outer loop
         vertex 0.0250541 -0.0190015 -0.1
         vertex 0.0250541 -0.0190015 -0.175
         vertex 0.0249459 -0.0190015 -0.175
      endloop
   endfacet
   facet normal -0.0541389 0.998533 0
      outer loop
         vertex 0.0249459 -0.0190015 -0.1
         vertex 0.0249459 -0.0190015 -0.175
         vertex 0.0248382 -0.0190132 -0.175
      endloop
   endfacet
   facet normal -0.161782 0.986827 0
      outer loop
         vertex 0.0248382 -0.0190132 -0.1
         vertex 0.0248382 -0.0190132 -0.175
         vertex 0.0247325 -0.0190365 -0.175
      endloop
   endfacet
   facet normal -0.267528 0.96355 0
      outer loop
         vertex 0.0247325 -0.0190365 -0.1
         vertex 0.0247325 -0.0190365 -0.175
         vertex 0.0246299 -0.019071 -0.175
      endloop
   endfacet
   facet normal -0.370138 0.928977 0
      outer loop
         vertex 0.0246299 -0.019071 -0.1
         vertex 0.0246299 -0.019071 -0.175
         vertex 0.0245316 -0.0191165 -0.175
      endloop
   endfacet
   facet normal -0.468408 0.883512 0
      outer loop
         vertex 0.0245316 -0.0191165 -0.1
         vertex 0.0245316 -0.0191165 -0.175
         vertex 0.0244388 -0.0191723 -0.175
      endloop
   endfacet
   facet normal -0.561187 0.827689 0
      outer loop
         vertex 0.0244388 -0.0191723 -0.1
         vertex 0.0244388 -0.0191723 -0.175
         vertex 0.0243526 -0.0192378 -0.175
      endloop
   endfacet
   facet normal -0.647386 0.762162 0
      outer loop
         vertex 0.0243526 -0.0192378 -0.1
         vertex 0.0243526 -0.0192378 -0.175
         vertex 0.024274 -0.0193123 -0.175
      endloop
   endfacet
   facet normal -0.725995 0.687699 0
      outer loop
         vertex 0.024274 -0.0193123 -0.1
         vertex 0.024274 -0.0193123 -0.175
         vertex 0.0242039 -0.0193948 -0.175
      endloop
   endfacet
   facet normal -0.796093 0.605174 0
      outer loop
         vertex 0.0242039 -0.0193948 -0.1
         vertex 0.0242039 -0.0193948 -0.175
         vertex 0.0241431 -0.0194844 -0.175
      endloop
   endfacet
   facet normal -0.856857 0.515554 0
      outer loop
         vertex 0.0241431 -0.0194844 -0.1
         vertex 0.0241431 -0.0194844 -0.175
         vertex 0.0240924 -0.0195801 -0.175
      endloop
   endfacet
   facet normal -0.907575 0.419889 0
      outer loop
         vertex 0.0240924 -0.0195801 -0.1
         vertex 0.0240924 -0.0195801 -0.175
         vertex 0.0240523 -0.0196807 -0.175
      endloop
   endfacet
   facet normal -0.947653 0.319302 0
      outer loop
         vertex 0.0240523 -0.0196807 -0.1
         vertex 0.0240523 -0.0196807 -0.175
         vertex 0.0240234 -0.019785 -0.175
      endloop
   endfacet
   facet normal -0.976621 0.21497 0
      outer loop
         vertex 0.0240234 -0.019785 -0.1
         vertex 0.0240234 -0.019785 -0.175
         vertex 0.0240059 -0.0198919 -0.175
      endloop
   endfacet
   facet normal -0.994138 0.108119 0
      outer loop
         vertex 0.0240059 -0.0198919 -0.1
         vertex 0.0240059 -0.0198919 -0.175
         vertex 0.024 -0.02 -0.175
      endloop
   endfacet
   facet normal -1 1.22465e-16 0
      outer loop
         vertex 0.024 -0.02 -0.1
         vertex 0.024 -0.02 -0.175
         vertex 0.0240059 -0.0201081 -0.175
      endloop
   endfacet
   facet normal -0.994138 -0.108119 0
      outer loop
         vertex 0.0240059 -0.0201081 -0.1
         vertex 0.0240059 -0.0201081 -0.175
         vertex 0.0240234 -0.020215 -0.175
      endloop
   endfacet
   facet normal -0.976621 -0.21497 0
      outer loop
         vertex 0.0240234 -0.020215 -0.1
         vertex 0.0240234 -0.020215 -0.175
         vertex 0.0240523 -0.0203193 -0.175
      endloop
   endfacet
   facet normal -0.947653 -0.319302 0
      outer loop
         vertex 0.0240523 -0.0203193 -0.1
         vertex 0.0240523 -0.0203193 -0.175
         vertex 0.0240924 -0.0204199 -0.175
      endloop
   endfacet
   facet normal -0.907575 -0.419889 0
      outer loop
         vertex 0.0240924 -0.0204199 -0.1
         vertex 0.0240924 -0.0204199 -0.175
         vertex 0.0241431 -0.0205156 -0.175
      endloop
   endfacet
   facet normal -0.856857 -0.515554 0
      outer loop
         vertex 0.0241431 -0.0205156 -0.1
         vertex 0.0241431 -0.0205156 -0.175
         vertex 0.0242039 -0.0206052 -0.175
      endloop
   endfacet
   facet normal -0.796093 -0.605174 0
      outer loop
         vertex 0.0242039 -0.0206052 -0.1
         vertex 0.0242039 -0.0206052 -0.175
         vertex 0.024274 -0.0206877 -0.175
      endloop
   endfacet
   facet normal -0.725995 -0.687699 0
      outer loop
         vertex 0.024274 -0.0206877 -0.1
         vertex 0.024274 -0.0206877 -0.175
         vertex 0.0243526 -0.0207622 -0.175
      endloop
   endfacet
   facet normal -0.647386 -0.762162 0
      outer loop
         vertex 0.0243526 -0.0207622 -0.1
         vertex 0.0243526 -0.0207622 -0.175
         vertex 0.0244388 -0.0208277 -0.175
      endloop
   endfacet
   facet normal -0.561187 -0.827689 0
      outer loop
         vertex 0.0244388 -0.0208277 -0.1
         vertex 0.0244388 -0.0208277 -0.175
         vertex 0.0245316 -0.0208835 -0.175
      endloop
   endfacet
   facet normal -0.468408 -0.883512 0
      outer loop
         vertex 0.0245316 -0.0208835 -0.1
         vertex 0.0245316 -0.0208835 -0.175
         vertex 0.0246299 -0.020929 -0.175
      endloop
   endfacet
   facet normal -0.370138 -0.928977 0
      outer loop
         vertex 0.0246299 -0.020929 -0.1
         vertex 0.0246299 -0.020929 -0.175
         vertex 0.0247325 -0.0209635 -0.175
      endloop
   endfacet
   facet normal -0.267528 -0.96355 0
      outer loop
         vertex 0.0247325 -0.0209635 -0.1
         vertex 0.0247325 -0.0209635 -0.175
         vertex 0.0248382 -0.0209868 -0.175
      endloop
   endfacet
   facet normal -0.161782 -0.986827 0
      outer loop
         vertex 0.0248382 -0.0209868 -0.1
         vertex 0.0248382 -0.0209868 -0.175
         vertex 0.0249459 -0.0209985 -0.175
      endloop
   endfacet
   facet normal -0.0541389 -0.998533 0
      outer loop
         vertex 0.0249459 -0.0209985 -0.1
         vertex 0.0249459 -0.0209985 -0.175
         vertex 0.0250541 -0.0209985 -0.175
      endloop
   endfacet
   facet normal 0.0541389 -0.998533 0
      outer loop
         vertex 0.0250541 -0.0209985 -0.1
         vertex 0.0250541 -0.0209985 -0.175
         vertex 0.0251618 -0.0209868 -0.175
      endloop
   endfacet
   facet normal 0.161782 -0.986827 0
      outer loop
         vertex 0.0251618 -0.0209868 -0.1
         vertex 0.0251618 -0.0209868 -0.175
         vertex 0.0252675 -0.0209635 -0.175
      endloop
   endfacet
   facet normal 0.267528 -0.96355 0
      outer loop
         vertex 0.0252675 -0.0209635 -0.1
         vertex 0.0252675 -0.0209635 -0.175
         vertex 0.0253701 -0.020929 -0.175
      endloop
   endfacet
   facet normal 0.370138 -0.928977 0
      outer loop
         vertex 0.0253701 -0.020929 -0.1
         vertex 0.0253701 -0.020929 -0.175
         vertex 0.0254684 -0.0208835 -0.175
      endloop
   endfacet
   facet normal 0.468408 -0.883512 0
      outer loop
         vertex 0.0254684 -0.0208835 -0.1
         vertex 0.0254684 -0.0208835 -0.175
         vertex 0.0255612 -0.0208277 -0.175
      endloop
   endfacet
   facet normal 0.561187 -0.827689 0
      outer loop
         vertex 0.0255612 -0.0208277 -0.1
         vertex 0.0255612 -0.0208277 -0.175
         vertex 0.0256474 -0.0207622 -0.175
      endloop
   endfacet
   facet normal 0.647386 -0.762162 0
      outer loop
         vertex 0.0256474 -0.0207622 -0.1
         vertex 0.0256474 -0.0207622 -0.175
         vertex 0.025726 -0.0206877 -0.175
      endloop
   endfacet
   facet normal 0.725995 -0.687699 0
      outer loop
         vertex 0.025726 -0.0206877 -0.1
         vertex 0.025726 -0.0206877 -0.175
         vertex 0.0257961 -0.0206052 -0.175
      endloop
   endfacet
   facet normal 0.796093 -0.605174 0
      outer loop
         vertex 0.0257961 -0.0206052 -0.1
         vertex 0.0257961 -0.0206052 -0.175
         vertex 0.0258569 -0.0205156 -0.175
      endloop
   endfacet
   facet normal 0.856857 -0.515554 0
      outer loop
         vertex 0.0258569 -0.0205156 -0.1
         vertex 0.0258569 -0.0205156 -0.175
         vertex 0.0259076 -0.0204199 -0.175
      endloop
   endfacet
   facet normal 0.907575 -0.419889 0
      outer loop
         vertex 0.0259076 -0.0204199 -0.1
         vertex 0.0259076 -0.0204199 -0.175
         vertex 0.0259477 -0.0203193 -0.175
      endloop
   endfacet
   facet normal 0.947653 -0.319302 0
      outer loop
         vertex 0.0259477 -0.0203193 -0.1
         vertex 0.0259477 -0.0203193 -0.175
         vertex 0.0259766 -0.020215 -0.175
      endloop
   endfacet
   facet normal 0.976621 -0.21497 0
      outer loop
         vertex 0.0259766 -0.020215 -0.1
         vertex 0.0259766 -0.020215 -0.175
         vertex 0.0259941 -0.0201081 -0.175
      endloop
   endfacet
   facet normal 0.994138 -0.108119 0
      outer loop
         vertex 0.0259941 -0.0201081 -0.1
         vertex 0.0259941 -0.0201081 -0.175
         vertex 0.026 -0.02 -0.175
      endloop
   endfacet
   facet normal 1 0 0
      outer loop
         vertex 0.026 -0.02 -0.175
         vertex 0.026 -0.02 -0.1
         vertex 0.0259941 -0.0201081 -0.1
      endloop
   endfacet
   facet normal 0.994138 -0.108119 0
      outer loop
         vertex 0.0259941 -0.0201081 -0.175
         vertex 0.0259941 -0.0201081 -0.1
         vertex 0.0259766 -0.020215 -0.1
      endloop
   endfacet
   facet normal 0.976621 -0.21497 0
      outer loop
         vertex 0.0259766 -0.020215 -0.175
         vertex 0.0259766 -0.020215 -0.1
         vertex 0.0259477 -0.0203193 -0.1
      endloop
   endfacet
   facet normal 0.947653 -0.319302 0
      outer loop
         vertex 0.0259477 -0.0203193 -0.175
         vertex 0.0259477 -0.0203193 -0.1
         vertex 0.0259076 -0.0204199 -0.1
      endloop
   endfacet
   facet normal 0.907575 -0.419889 0
      outer loop
         vertex 0.0259076 -0.0204199 -0.175
         vertex 0.0259076 -0.0204199 -0.1
         vertex 0.0258569 -0.0205156 -0.1
      endloop
   endfacet
   facet normal 0.856857 -0.515554 0
      outer loop
         vertex 0.0258569 -0.0205156 -0.175
         vertex 0.0258569 -0.0205156 -0.1
         vertex 0.0257961 -0.0206052 -0.1
      endloop
   endfacet
   facet normal 0.796093 -0.605174 0
      outer loop
         vertex 0.0257961 -0.0206052 -0.175
         vertex 0.0257961 -0.0206052 -0.1
         vertex 0.025726 -0.0206877 -0.1
      endloop
   endfacet
   facet normal 0.725995 -0.687699 0
      outer loop
         vertex 0.025726 -0.0206877 -0.175
         vertex 0.025726 -0.0206877 -0.1
         vertex 0.0256474 -0.0207622 -0.1
      endloop
   endfacet
   facet normal 0.647386 -0.762162 0
      outer loop
         vertex 0.0256474 -0.0207622 -0.175
         vertex 0.0256474 -0.0207622 -0.1
         vertex 0.0255612 -0.0208277 -0.1
      endloop
   endfacet
   facet normal 0.561187 -0.827689 0
      outer loop
         vertex 0.0255612 -0.0208277 -0.175
         vertex 0.0255612 -0.0208277 -0.1
         vertex 0.0254684 -0.0208835 -0.1
      endloop
   endfacet
   facet normal 0.468408 -0.883512 0
      outer loop
         vertex 0.0254684 -0.0208835 -0.175
         vertex 0.0254684 -0.0208835 -0.1
         vertex 0.0253701 -0.020929 -0.1
      endloop
   endfacet
   facet normal 0.370138 -0.928977 0
      outer loop
         vertex 0.0253701 -0.020929 -0.175
         vertex 0.0253701 -0.020929 -0.1
         vertex 0.0252675 -0.0209635 -0.1
      endloop
   endfacet
   facet normal 0.267528 -0.96355 0
      outer loop
         vertex 0.0252675 -0.0209635 -0.175
         vertex 0.0252675 -0.0209635 -0.1
         vertex 0.0251618 -0.0209868 -0.1
      endloop
   endfacet
   facet normal 0.161782 -0.986827 0
      outer loop
         vertex 0.0251618 -0.0209868 -0.175
         vertex 0.0251618 -0.0209868 -0.1
         vertex 0.0250541 -0.0209985 -0.1
      endloop
   endfacet
   facet normal 0.0541389 -0.998533 0
      outer loop
         vertex 0.0250541 -0.0209985 -0.175
         vertex 0.0250541 -0.0209985 -0.1
         vertex 0.0249459 -0.0209985 -0.1
      endloop
   endfacet
   facet normal -0.0541389 -0.998533 0
      outer loop
         vertex 0.0249459 -0.0209985 -0.175
         vertex 0.0249459 -0.0209985 -0.1
         vertex 0.0248382 -0.0209868 -0.1
      endloop
   endfacet
   facet normal -0.161782 -0.986827 0
      outer loop
         vertex 0.0248382 -0.0209868 -0.175
         vertex 0.0248382 -0.0209868 -0.1
         vertex 0.0247325 -0.0209635 -0.1
      endloop
   endfacet
   facet normal -0.267528 -0.96355 0
      outer loop
         vertex 0.0247325 -0.0209635 -0.175
         vertex 0.0247325 -0.0209635 -0.1
         vertex 0.0246299 -0.020929 -0.1
      endloop
   endfacet
   facet normal -0.370138 -0.928977 0
      outer loop
         vertex 0.0246299 -0.020929 -0.175
         vertex 0.0246299 -0.020929 -0.1
         vertex 0.0245316 -0.0208835 -0.1
      endloop
   endfacet
   facet normal -0.468408 -0.883512 0
      outer loop
         vertex 0.0245316 -0.0208835 -0.175
         vertex 0.0245316 -0.0208835 -0.1
         vertex 0.0244388 -0.0208277 -0.1
      endloop
   endfacet
   facet normal -0.561187 -0.827689 0
      outer loop
         vertex 0.0244388 -0.0208277 -0.175
         vertex 0.0244388 -0.0208277 -0.1
         vertex 0.0243526 -0.0207622 -0.1
      endloop
   endfacet
   facet normal -0.647386 -0.762162 0
      outer loop
         vertex 0.0243526 -0.0207622 -0.175
         vertex 0.0243526 -0.0207622 -0.1
         vertex 0.024274 -0.0206877 -0.1
      endloop
   endfacet
   facet normal -0.725995 -0.687699 0
      outer loop
         vertex 0.024274 -0.0206877 -0.175
         vertex 0.024274 -0.0206877 -0.1
         vertex 0.0242039 -0.0206052 -0.1
      endloop
   endfacet
   facet normal -0.796093 -0.605174 0
      outer loop
         vertex 0.0242039 -0.0206052 -0.175
         vertex 0.0242039 -0.0206052 -0.1
         vertex 0.0241431 -0.0205156 -0.1
      endloop
   endfacet
   facet normal -0.856857 -0.515554 0
      outer loop
         vertex 0.0241431 -0.0205156 -0.175
         vertex 0.0241431 -0.0205156 -0.1
         vertex 0.0240924 -0.0204199 -0.1
      endloop
   endfacet
   facet normal -0.907575 -0.419889 0
      outer loop
         vertex 0.0240924 -0.0204199 -0.175
         vertex 0.0240924 -0.0204199 -0.1
         vertex 0.0240523 -0.0203193 -0.1
      endloop
   endfacet
   facet normal -0.947653 -0.319302 0
      outer loop
         vertex 0.0240523 -0.0203193 -0.175
         vertex 0.0240523 -0.0203193 -0.1
         vertex 0.0240234 -0.020215 -0.1
      endloop
   endfacet
   facet normal -0.976621 -0.21497 0
      outer loop
         vertex 0.0240234 -0.020215 -0.175
         vertex 0.0240234 -0.020215 -0.1
         vertex 0.0240059 -0.0201081 -0.1
      endloop
   endfacet
   facet normal -0.994138 -0.108119 0
      outer loop
         vertex 0.0240059 -0.0201081 -0.175
         vertex 0.0240059 -0.0201081 -0.1
         vertex 0.024 -0.02 -0.1
      endloop
   endfacet
   facet normal -1 1.22465e-16 0
      outer loop
         vertex 0.024 -0.02 -0.175
         vertex 0.024 -0.02 -0.1
         vertex 0.0240059 -0.0198919 -0.1
      endloop
   endfacet
   facet normal -0.994138 0.108119 0
      outer loop
         vertex 0.0240059 -0.0198919 -0.175
         vertex 0.0240059 -0.0198919 -0.1
         vertex 0.0240234 -0.019785 -0.1
      endloop
   endfacet
   facet normal -0.976621 0.21497 0
      outer loop
         vertex 0.0240234 -0.019785 -0.175
         vertex 0.0240234 -0.019785 -0.1
         vertex 0.0240523 -0.0196807 -0.1
      endloop
   endfacet
   facet normal -0.947653 0.319302 0
      outer loop
         vertex 0.0240523 -0.0196807 -0.175
         vertex 0.0240523 -0.0196807 -0.1
         vertex 0.0240924 -0.0195801 -0.1
      endloop
   endfacet
   facet normal -0.907575 0.419889 0
      outer loop
         vertex 0.0240924 -0.0195801 -0.175
         vertex 0.0240924 -0.0195801 -0.1
         vertex 0.0241431 -0.0194844 -0.1
      endloop
   endfacet
   facet normal -0.856857 0.515554 0
      outer loop
         vertex 0.0241431 -0.0194844 -0.175
         vertex 0.0241431 -0.0194844 -0.1
         vertex 0.0242039 -0.0193948 -0.1
      endloop
   endfacet
   facet normal -0.796093 0.605174 0
      outer loop
         vertex 0.0242039 -0.0193948 -0.175
         vertex 0.0242039 -0.0193948 -0.1
         vertex 0.024274 -0.0193123 -0.1
      endloop
   endfacet
   facet normal -0.725995 0.687699 0
      outer loop
         vertex 0.024274 -0.0193123 -0.175
         vertex 0.024274 -0.0193123 -0.1
         vertex 0.0243526 -0.0192378 -0.1
      endloop
   endfacet
   facet normal -0.647386 0.762162 0
      outer loop
         vertex 0.0243526 -0.0192378 -0.175
         vertex 0.0243526 -0.0192378 -0.1
         vertex 0.0244388 -0.0191723 -0.1
      endloop
   endfacet
   facet normal -0.561187 0.827689 0
      outer loop
         vertex 0.0244388 -0.0191723 -0.175
         vertex 0.0244388 -0.0191723 -0.1
         vertex 0.0245316 -0.0191165 -0.1
      endloop
   endfacet
   facet normal -0.468408 0.883512 0
      outer loop
         vertex 0.0245316 -0.0191165 -0.175
         vertex 0.0245316 -0.0191165 -0.1
         vertex 0.0246299 -0.019071 -0.1
      endloop
   endfacet
   facet normal -0.370138 0.928977 0
      outer loop
         vertex 0.0246299 -0.019071 -0.175
         vertex 0.0246299 -0.019071 -0.1
         vertex 0.0247325 -0.0190365 -0.1
      endloop
   endfacet
   facet normal -0.267528 0.96355 0
      outer loop
         vertex 0.0247325 -0.0190365 -0.175
         vertex 0.0247325 -0.0190365 -0.1
         vertex 0.0248382 -0.0190132 -0.1
      endloop
   endfacet
   facet normal -0.161782 0.986827 0
      outer loop
         vertex 0.0248382 -0.0190132 -0.175
         vertex 0.0248382 -0.0190132 -0.1
         vertex 0.0249459 -0.0190015 -0.1
      endloop
   endfacet
   facet normal -0.0541389 0.998533 0
      outer loop
         vertex 0.0249459 -0.0190015 -0.175
         vertex 0.0249459 -0.0190015 -0.1
         vertex 0.0250541 -0.0190015 -0.1
      endloop
   endfacet
   facet normal 0.0541389 0.998533 0
      outer loop
         vertex 0.0250541 -0.0190015 -0.175
         vertex 0.0250541 -0.0190015 -0.1
         vertex 0.0251618 -0.0190132 -0.1
      endloop
   endfacet
   facet normal 0.161782 0.986827 0
      outer loop
         vertex 0.0251618 -0.0190132 -0.175
         vertex 0.0251618 -0.0190132 -0.1
         vertex 0.0252675 -0.0190365 -0.1
      endloop
   endfacet
   facet normal 0.267528 0.96355 0
      outer loop
         vertex 0.0252675 -0.0190365 -0.175
         vertex 0.0252675 -0.0190365 -0.1
         vertex 0.0253701 -0.019071 -0.1
      endloop
   endfacet
   facet normal 0.370138 0.928977 0
      outer loop
         vertex 0.0253701 -0.019071 -0.175
         vertex 0.0253701 -0.019071 -0.1
         vertex 0.0254684 -0.0191165 -0.1
      endloop
   endfacet
   facet normal 0.468408 0.883512 0
      outer loop
         vertex 0.0254684 -0.0191165 -0.175
         vertex 0.0254684 -0.0191165 -0.1
         vertex 0.0255612 -0.0191723 -0.1
      endloop
   endfacet
   facet normal 0.561187 0.827689 0
      outer loop
         vertex 0.0255612 -0.0191723 -0.175
         vertex 0.0255612 -0.0191723 -0.1
         vertex 0.0256474 -0.0192378 -0.1
      endloop
   endfacet
   facet normal 0.647386 0.762162 0
      outer loop
         vertex 0.0256474 -0.0192378 -0.175
         vertex 0.0256474 -0.0192378 -0.1
         vertex 0.025726 -0.0193123 -0.1
      endloop
   endfacet
   facet normal 0.725995 0.687699 0
      outer loop
         vertex 0.025726 -0.0193123 -0.175
         vertex 0.025726 -0.0193123 -0.1
         vertex 0.0257961 -0.0193948 -0.1
      endloop
   endfacet
   facet normal 0.796093 0.605174 0
      outer loop
         vertex 0.0257961 -0.0193948 -0.175
         vertex 0.0257961 -0.0193948 -0.1
         vertex 0.0258569 -0.0194844 -0.1
      endloop
   endfacet
   facet normal 0.856857 0.515554 0
      outer loop
         vertex 0.0258569 -0.0194844 -0.175
         vertex 0.0258569 -0.0194844 -0.1
         vertex 0.0259076 -0.0195801 -0.1
      endloop
   endfacet
   facet normal 0.907575 0.419889 0
      outer loop
         vertex 0.0259076 -0.0195801 -0.175
         vertex 0.0259076 -0.0195801 -0.1
         vertex 0.0259477 -0.0196807 -0.1
      endloop
   endfacet
   facet normal 0.947653 0.319302 0
      outer loop
         vertex 0.0259477 -0.0196807 -0.175
         vertex 0.0259477 -0.0196807 -0.1
         vertex 0.0259766 -0.019785 -0.1
      endloop
   endfacet
   facet normal 0.976621 0.21497 0
      outer loop
         vertex 0.0259766 -0.019785 -0.175
         vertex 0.0259766 -0.019785 -0.1
         vertex 0.0259941 -0.0198919 -0.1
      endloop
   endfacet
   facet normal 0.994138 0.108119 0
      outer loop
         vertex 0.0259941 -0.0198919 -0.175
         vertex 0.0259941 -0.0198919 -0.1
         vertex 0.026 -0.02 -0.1
      endloop
   endfacet
   facet normal 0 0 -1
      outer loop
         vertex 0.025 -0.02 -0.175
         vertex 0.0240059 -0.0198919 -0.175
         vertex 0.0240234 -0.019785 -0.175
      endloop
   endfacet
   facet normal 0 0 -1
      outer loop
         vertex 0.0240234 -0.019785 -0.175
         vertex 0.0240523 -0.0196807 -0.175
         vertex 0.025 -0.02 -0.175
      endloop
   endfacet
   facet normal 0 0 -1
      outer loop
         vertex 0.0240523 -0.0196807 -0.175
         vertex 0.0240924 -0.0195801 -0.175
         vertex 0.025 -0.02 -0.175
      endloop
   endfacet
   facet normal 0 0 -1
      outer loop
         vertex 0.0240924 -0.0195801 -0.175
         vertex 0.0241431 -0.0194844 -0.175
         vertex 0.025 -0.02 -0.175
      endloop
   endfacet
   facet normal 0 0 -1
      outer loop
         vertex 0.0241431 -0.0194844 -0.175
         vertex 0.0242039 -0.0193948 -0.175
         vertex 0.025 -0.02 -0.175
      endloop
   endfacet
   facet normal 0 0 -1
      outer loop
         vertex 0.0242039 -0.0193948 -0.175
         vertex 0.024274 -0.0193123 -0.175
         vertex 0.025 -0.02 -0.175
      endloop
   endfacet
   facet normal 0 0 -1
      outer loop
         vertex 0.024274 -0.0193123 -0.175
         vertex 0.0243526 -0.0192378 -0.175
         vertex 0.025 -0.02 -0.175
      endloop
   endfacet
   facet normal 0 0 -1
      outer loop
         vertex 0.0243526 -0.0192378 -0.175
         vertex 0.0244388 -0.0191723 -0.175
         vertex 0.025 -0.02 -0.175
      endloop
   endfacet
   facet normal 0 0 -1
      outer loop
         vertex 0.0244388 -0.0191723 -0.175
         vertex 0.0245316 -0.0191165 -0.175
         vertex 0.025 -0.02 -0.175
      endloop
   endfacet
   facet normal 0 0 -1
      outer loop
         vertex 0.0245316 -0.0191165 -0.175
         vertex 0.0246299 -0.019071 -0.175
         vertex 0.025 -0.02 -0.175
      endloop
   endfacet
   facet normal 0 0 -1
      outer loop
         vertex 0.0246299 -0.019071 -0.175
         vertex 0.0247325 -0.0190365 -0.175
         vertex 0.025 -0.02 -0.175
      endloop
   endfacet
   facet normal 0 0 -1
      outer loop
         vertex 0.0247325 -0.0190365 -0.175
         vertex 0.0248382 -0.0190132 -0.175
         vertex 0.025 -0.02 -0.175
      endloop
   endfacet
   facet normal 0 0 -1
      outer loop
         vertex 0.0248382 -0.0190132 -0.175
         vertex 0.0249459 -0.0190015 -0.175
         vertex 0.025 -0.02 -0.175
      endloop
   endfacet
   facet normal 0 0 -1
      outer loop
         vertex 0.0249459 -0.0190015 -0.175
         vertex 0.0250541 -0.0190015 -0.175
         vertex 0.025 -0.02 -0.175
      endloop
   endfacet
   facet normal 0 0 -1
      outer loop
         vertex 0.0250541 -0.0190015 -0.175
         vertex 0.0251618 -0.0190132 -0.175
         vertex 0.025 -0.02 -0.175
      endloop
   endfacet
   facet normal 0 0 -1
      outer loop
         vertex 0.0251618 -0.0190132 -0.175
         vertex 0.0252675 -0.0190365 -0.175
         vertex 0.025 -0.02 -0.175
      endloop
   endfacet
   facet normal 0 0 -1
      outer loop
         vertex 0.0252675 -0.0190365 -0.175
         vertex 0.0253701 -0.019071 -0.175
         vertex 0.025 -0.02 -0.175
      endloop
   endfacet
   facet normal 0 0 -1
      outer loop
         vertex 0.0253701 -0.019071 -0.175
         vertex 0.0254684 -0.0191165 -0.175
         vertex 0.025 -0.02 -0.175
      endloop
   endfacet
   facet normal 0 0 -1
      outer loop
         vertex 0.0254684 -0.0191165 -0.175
         vertex 0.0255612 -0.0191723 -0.175
         vertex 0.025 -0.02 -0.175
      endloop
   endfacet
   facet normal 0 0 -1
      outer loop
         vertex 0.0255612 -0.0191723 -0.175
         vertex 0.0256474 -0.0192378 -0.175
         vertex 0.025 -0.02 -0.175
      endloop
   endfacet
   facet normal 0 0 -1
      outer loop
         vertex 0.0256474 -0.0192378 -0.175
         vertex 0.025726 -0.0193123 -0.175
         vertex 0.025 -0.02 -0.175
      endloop
   endfacet
   facet normal 0 0 -1
      outer loop
         vertex 0.025726 -0.0193123 -0.175
         vertex 0.0257961 -0.0193948 -0.175
         vertex 0.025 -0.02 -0.175
      endloop
   endfacet
   facet normal 0 0 -1
      outer loop
         vertex 0.0257961 -0.0193948 -0.175
         vertex 0.0258569 -0.0194844 -0.175
         vertex 0.025 -0.02 -0.175
      endloop
   endfacet
   facet normal 0 0 -1
      outer loop
         vertex 0.0258569 -0.0194844 -0.175
         vertex 0.0259076 -0.0195801 -0.175
         vertex 0.025 -0.02 -0.175
      endloop
   endfacet
   facet normal 0 0 -1
      outer loop
         vertex 0.0259076 -0.0195801 -0.175
         vertex 0.0259477 -0.0196807 -0.175
         vertex 0.025 -0.02 -0.175
      endloop
   endfacet
   facet normal 0 0 -1
      outer loop
         vertex 0.0259477 -0.0196807 -0.175
         vertex 0.0259766 -0.019785 -0.175
         vertex 0.025 -0.02 -0.175
      endloop
   endfacet
   facet normal 0 0 -1
      outer loop
         vertex 0.0259766 -0.019785 -0.175
         vertex 0.0259941 -0.0198919 -0.175
         vertex 0.025 -0.02 -0.175
      endloop
   endfacet
   facet normal 0 0 -1
      outer loop
         vertex 0.0259941 -0.0198919 -0.175
         vertex 0.026 -0.02 -0.175
         vertex 0.025 -0.02 -0.175
      endloop
   endfacet
   facet normal 0 0 -1
      outer loop
         vertex 0.026 -0.02 -0.175
         vertex 0.0259941 -0.0201081 -0.175
         vertex 0.025 -0.02 -0.175
      endloop
   endfacet
   facet normal 0 0 -1
      outer loop
         vertex 0.0259941 -0.0201081 -0.175
         vertex 0.0259766 -0.020215 -0.175
         vertex 0.025 -0.02 -0.175
      endloop
   endfacet
   facet normal 0 0 -1
      outer loop
         vertex 0.0259766 -0.020215 -0.175
         vertex 0.0259477 -0.0203193 -0.175
         vertex 0.025 -0.02 -0.175
      endloop
   endfacet
   facet normal 0 0 -1
      outer loop
         vertex 0.0259477 -0.0203193 -0.175
         vertex 0.0259076 -0.0204199 -0.175
         vertex 0.025 -0.02 -0.175
      endloop
   endfacet
   facet normal 0 0 -1
      outer loop
         vertex 0.0259076 -0.0204199 -0.175
         vertex 0.0258569 -0.0205156 -0.175
         vertex 0.025 -0.02 -0.175
      endloop
   endfacet
   facet normal 0 0 -1
      outer loop
         vertex 0.0258569 -0.0205156 -0.175
         vertex 0.0257961 -0.0206052 -0.175
         vertex 0.025 -0.02 -0.175
      endloop
   endfacet
   facet normal 0 0 -1
      outer loop
         vertex 0.0257961 -0.0206052 -0.175
         vertex 0.025726 -0.0206877 -0.175
         vertex 0.025 -0.02 -0.175
      endloop
   endfacet
   facet normal 0 0 -1
      outer loop
         vertex 0.025726 -0.0206877 -0.175
         vertex 0.0256474 -0.0207622 -0.175
         vertex 0.025 -0.02 -0.175
      endloop
   endfacet
   facet normal 0 0 -1
      outer loop
         vertex 0.0256474 -0.0207622 -0.175
         vertex 0.0255612 -0.0208277 -0.175
         vertex 0.025 -0.02 -0.175
      endloop
   endfacet
   facet normal 0 0 -1
      outer loop
         vertex 0.0255612 -0.0208277 -0.175
         vertex 0.0254684 -0.0208835 -0.175
         vertex 0.025 -0.02 -0.175
      endloop
   endfacet
   facet normal 0 0 -1
      outer loop
         vertex 0.0254684 -0.0208835 -0.175
         vertex 0.0253701 -0.020929 -0.175
         vertex 0.025 -0.02 -0.175
      endloop
   endfacet
   facet normal 0 0 -1
      outer loop
         vertex 0.0253701 -0.020929 -0.175
         vertex 0.0252675 -0.0209635 -0.175
         vertex 0.025 -0.02 -0.175
      endloop
   endfacet
   facet normal 0 0 -1
      outer loop
         vertex 0.0252675 -0.0209635 -0.175
         vertex 0.0251618 -0.0209868 -0.175
         vertex 0.025 -0.02 -0.175
      endloop
   endfacet
   facet normal 0 0 -1
      outer loop
         vertex 0.0251618 -0.0209868 -0.175
         vertex 0.0250541 -0.0209985 -0.175
         vertex 0.025 -0.02 -0.175
      endloop
   endfacet
   facet normal 0 0 -1
      outer loop
         vertex 0.0250541 -0.0209985 -0.175
         vertex 0.0249459 -0.0209985 -0.175
         vertex 0.025 -0.02 -0.175
      endloop
   endfacet
   facet normal 0 0 -1
      outer loop
         vertex 0.0249459 -0.0209985 -0.175
         vertex 0.0248382 -0.0209868 -0.175
         vertex 0.025 -0.02 -0.175
      endloop
   endfacet
   facet normal 0 0 -1
      outer loop
         vertex 0.0248382 -0.0209868 -0.175
         vertex 0.0247325 -0.0209635 -0.175
         vertex 0.025 -0.02 -0.175
      endloop
   endfacet
   facet normal 0 0 -1
      outer loop
         vertex 0.0247325 -0.0209635 -0.175
         vertex 0.0246299 -0.020929 -0.175
         vertex 0.025 -0.02 -0.175
      endloop
   endfacet
   facet normal 0 0 -1
      outer loop
         vertex 0.0246299 -0.020929 -0.175
         vertex 0.0245316 -0.0208835 -0.175
         vertex 0.025 -0.02 -0.175
      endloop
   endfacet
   facet normal 0 0 -1
      outer loop
         vertex 0.0245316 -0.0208835 -0.175
         vertex 0.0244388 -0.0208277 -0.175
         vertex 0.025 -0.02 -0.175
      endloop
   endfacet
   facet normal 0 0 -1
      outer loop
         vertex 0.0244388 -0.0208277 -0.175
         vertex 0.0243526 -0.0207622 -0.175
         vertex 0.025 -0.02 -0.175
      endloop
   endfacet
   facet normal 0 0 -1
      outer loop
         vertex 0.0243526 -0.0207622 -0.175
         vertex 0.024274 -0.0206877 -0.175
         vertex 0.025 -0.02 -0.175
      endloop
   endfacet
   facet normal 0 0 -1
      outer loop
         vertex 0.024274 -0.0206877 -0.175
         vertex 0.0242039 -0.0206052 -0.175
         vertex 0.025 -0.02 -0.175
      endloop
   endfacet
   facet normal 0 0 -1
      outer loop
         vertex 0.0242039 -0.0206052 -0.175
         vertex 0.0241431 -0.0205156 -0.175
         vertex 0.025 -0.02 -0.175
      endloop
   endfacet
   facet normal 0 0 -1
      outer loop
         vertex 0.0241431 -0.0205156 -0.175
         vertex 0.0240924 -0.0204199 -0.175
         vertex 0.025 -0.02 -0.175
      endloop
   endfacet
   facet normal 0 0 -1
      outer loop
         vertex 0.0240924 -0.0204199 -0.175
         vertex 0.0240523 -0.0203193 -0.175
         vertex 0.025 -0.02 -0.175
      endloop
   endfacet
   facet normal 0 0 -1
      outer loop
         vertex 0.0240523 -0.0203193 -0.175
         vertex 0.0240234 -0.020215 -0.175
         vertex 0.025 -0.02 -0.175
      endloop
   endfacet
   facet normal 0 0 -1
      outer loop
         vertex 0.0240234 -0.020215 -0.175
         vertex 0.0240059 -0.0201081 -0.175
         vertex 0.025 -0.02 -0.175
      endloop
   endfacet
   facet normal 0 0 -1
      outer loop
         vertex 0.0240059 -0.0201081 -0.175
         vertex 0.024 -0.02 -0.175
         vertex 0.025 -0.02 -0.175
      endloop
   endfacet
   facet normal 0 0 -1
      outer loop
         vertex 0.024 -0.02 -0.175
         vertex 0.0240059 -0.0198919 -0.175
         vertex 0.025 -0.02 -0.175
      endloop
   endfacet
   facet normal 1 0 0
      outer loop
         vertex -0.024 -0.02 -0.1
         vertex -0.024 -0.02 -0.175
         vertex -0.0240059 -0.0198919 -0.175
      endloop
   endfacet
   facet normal 0.994138 0.108119 0
      outer loop
         vertex -0.0240059 -0.0198919 -0.1
         vertex -0.0240059 -0.0198919 -0.175
         vertex -0.0240234 -0.019785 -0.175
      endloop
   endfacet
   facet normal 0.976621 0.21497 0
      outer loop
         vertex -0.0240234 -0.019785 -0.1
         vertex -0.0240234 -0.019785 -0.175
         vertex -0.0240523 -0.0196807 -0.175
      endloop
   endfacet
   facet normal 0.947653 0.319302 0
      outer loop
         vertex -0.0240523 -0.0196807 -0.1
         vertex -0.0240523 -0.0196807 -0.175
         vertex -0.0240924 -0.0195801 -0.175
      endloop
   endfacet
   facet normal 0.907575 0.419889 0
      outer loop
         vertex -0.0240924 -0.0195801 -0.1
         vertex -0.0240924 -0.0195801 -0.175
         vertex -0.0241431 -0.0194844 -0.175
      endloop
   endfacet
   facet normal 0.856857 0.515554 0
      outer loop
         vertex -0.0241431 -0.0194844 -0.1
         vertex -0.0241431 -0.0194844 -0.175
         vertex -0.0242039 -0.0193948 -0.175
      endloop
   endfacet
   facet normal 0.796093 0.605174 0
      outer loop
         vertex -0.0242039 -0.0193948 -0.1
         vertex -0.0242039 -0.0193948 -0.175
         vertex -0.024274 -0.0193123 -0.175
      endloop
   endfacet
   facet normal 0.725995 0.687699 0
      outer loop
         vertex -0.024274 -0.0193123 -0.1
         vertex -0.024274 -0.0193123 -0.175
         vertex -0.0243526 -0.0192378 -0.175
      endloop
   endfacet
   facet normal 0.647386 0.762162 0
      outer loop
         vertex -0.0243526 -0.0192378 -0.1
         vertex -0.0243526 -0.0192378 -0.175
         vertex -0.0244388 -0.0191723 -0.175
      endloop
   endfacet
   facet normal 0.561187 0.827689 0
      outer loop
         vertex -0.0244388 -0.0191723 -0.1
         vertex -0.0244388 -0.0191723 -0.175
         vertex -0.0245316 -0.0191165 -0.175
      endloop
   endfacet
   facet normal 0.468408 0.883512 0
      outer loop
         vertex -0.0245316 -0.0191165 -0.1
         vertex -0.0245316 -0.0191165 -0.175
         vertex -0.0246299 -0.019071 -0.175
      endloop
   endfacet
   facet normal 0.370138 0.928977 0
      outer loop
         vertex -0.0246299 -0.019071 -0.1
         vertex -0.0246299 -0.019071 -0.175
         vertex -0.0247325 -0.0190365 -0.175
      endloop
   endfacet
   facet normal 0.267528 0.96355 0
      outer loop
         vertex -0.0247325 -0.0190365 -0.1
         vertex -0.0247325 -0.0190365 -0.175
         vertex -0.0248382 -0.0190132 -0.175
      endloop
   endfacet
   facet normal 0.161782 0.986827 0
      outer loop
         vertex -0.0248382 -0.0190132 -0.1
         vertex -0.0248382 -0.0190132 -0.175
         vertex -0.0249459 -0.0190015 -0.175
      endloop
   endfacet
   facet normal 0.0541389 0.998533 0
      outer loop
         vertex -0.0249459 -0.0190015 -0.1
         vertex -0.0249459 -0.0190015 -0.175
         vertex -0.0250541 -0.0190015 -0.175
      endloop
   endfacet
   facet normal -0.0541389 0.998533 0
      outer loop
         vertex -0.0250541 -0.0190015 -0.1
         vertex -0.0250541 -0.0190015 -0.175
         vertex -0.0251618 -0.0190132 -0.175
      endloop
   endfacet
   facet normal -0.161782 0.986827 0
      outer loop
         vertex -0.0251618 -0.0190132 -0.1
         vertex -0.0251618 -0.0190132 -0.175
         vertex -0.0252675 -0.0190365 -0.175
      endloop
   endfacet
   facet normal -0.267528 0.96355 0
      outer loop
         vertex -0.0252675 -0.0190365 -0.1
         vertex -0.0252675 -0.0190365 -0.175
         vertex -0.0253701 -0.019071 -0.175
      endloop
   endfacet
   facet normal -0.370138 0.928977 0
      outer loop
         vertex -0.0253701 -0.019071 -0.1
         vertex -0.0253701 -0.019071 -0.175
         vertex -0.0254684 -0.0191165 -0.175
      endloop
   endfacet
   facet normal -0.468408 0.883512 0
      outer loop
         vertex -0.0254684 -0.0191165 -0.1
         vertex -0.0254684 -0.0191165 -0.175
         vertex -0.0255612 -0.0191723 -0.175
      endloop
   endfacet
   facet normal -0.561187 0.827689 0
      outer loop
         vertex -0.0255612 -0.0191723 -0.1
         vertex -0.0255612 -0.0191723 -0.175
         vertex -0.0256474 -0.0192378 -0.175
      endloop
   endfacet
   facet normal -0.647386 0.762162 0
      outer loop
         vertex -0.0256474 -0.0192378 -0.1
         vertex -0.0256474 -0.0192378 -0.175
         vertex -0.025726 -0.0193123 -0.175
      endloop
   endfacet
   facet normal -0.725995 0.687699 0
      outer loop
         vertex -0.025726 -0.0193123 -0.1
         vertex -0.025726 -0.0193123 -0.175
         vertex -0.0257961 -0.0193948 -0.175
      endloop
   endfacet
   facet normal -0.796093 0.605174 0
      outer loop
         vertex -0.0257961 -0.0193948 -0.1
         vertex -0.0257961 -0.0193948 -0.175
         vertex -0.0258569 -0.0194844 -0.175
      endloop
   endfacet
   facet normal -0.856857 0.515554 0
      outer loop
         vertex -0.0258569 -0.0194844 -0.1
         vertex -0.0258569 -0.0194844 -0.175
         vertex -0.0259076 -0.0195801 -0.175
      endloop
   endfacet
   facet normal -0.907575 0.419889 0
      outer loop
         vertex -0.0259076 -0.0195801 -0.1
         vertex -0.0259076 -0.0195801 -0.175
         vertex -0.0259477 -0.0196807 -0.175
      endloop
   endfacet
   facet normal -0.947653 0.319302 0
      outer loop
         vertex -0.0259477 -0.0196807 -0.1
         vertex -0.0259477 -0.0196807 -0.175
         vertex -0.0259766 -0.019785 -0.175
      endloop
   endfacet
   facet normal -0.976621 0.21497 0
      outer loop
         vertex -0.0259766 -0.019785 -0.1
         vertex -0.0259766 -0.019785 -0.175
         vertex -0.0259941 -0.0198919 -0.175
      endloop
   endfacet
   facet normal -0.994138 0.108119 0
      outer loop
         vertex -0.0259941 -0.0198919 -0.1
         vertex -0.0259941 -0.0198919 -0.175
         vertex -0.026 -0.02 -0.175
      endloop
   endfacet
   facet normal -1 1.22465e-16 0
      outer loop
         vertex -0.026 -0.02 -0.1
         vertex -0.026 -0.02 -0.175
         vertex -0.0259941 -0.0201081 -0.175
      endloop
   endfacet
   facet normal -0.994138 -0.108119 0
      outer loop
         vertex -0.0259941 -0.0201081 -0.1
         vertex -0.0259941 -0.0201081 -0.175
         vertex -0.0259766 -0.020215 -0.175
      endloop
   endfacet
   facet normal -0.976621 -0.21497 0
      outer loop
         vertex -0.0259766 -0.020215 -0.1
         vertex -0.0259766 -0.020215 -0.175
         vertex -0.0259477 -0.0203193 -0.175
      endloop
   endfacet
   facet normal -0.947653 -0.319302 0
      outer loop
         vertex -0.0259477 -0.0203193 -0.1
         vertex -0.0259477 -0.0203193 -0.175
         vertex -0.0259076 -0.0204199 -0.175
      endloop
   endfacet
   facet normal -0.907575 -0.419889 0
      outer loop
         vertex -0.0259076 -0.0204199 -0.1
         vertex -0.0259076 -0.0204199 -0.175
         vertex -0.0258569 -0.0205156 -0.175
      endloop
   endfacet
   facet normal -0.856857 -0.515554 0
      outer loop
         vertex -0.0258569 -0.0205156 -0.1
         vertex -0.0258569 -0.0205156 -0.175
         vertex -0.0257961 -0.0206052 -0.175
      endloop
   endfacet
   facet normal -0.796093 -0.605174 0
      outer loop
         vertex -0.0257961 -0.0206052 -0.1
         vertex -0.0257961 -0.0206052 -0.175
         vertex -0.025726 -0.0206877 -0.175
      endloop
   endfacet
   facet normal -0.725995 -0.687699 0
      outer loop
         vertex -0.025726 -0.0206877 -0.1
         vertex -0.025726 -0.0206877 -0.175
         vertex -0.0256474 -0.0207622 -0.175
      endloop
   endfacet
   facet normal -0.647386 -0.762162 0
      outer loop
         vertex -0.0256474 -0.0207622 -0.1
         vertex -0.0256474 -0.0207622 -0.175
         vertex -0.0255612 -0.0208277 -0.175
      endloop
   endfacet
   facet normal -0.561187 -0.827689 0
      outer loop
         vertex -0.0255612 -0.0208277 -0.1
         vertex -0.0255612 -0.0208277 -0.175
         vertex -0.0254684 -0.0208835 -0.175
      endloop
   endfacet
   facet normal -0.468408 -0.883512 0
      outer loop
         vertex -0.0254684 -0.0208835 -0.1
         vertex -0.0254684 -0.0208835 -0.175
         vertex -0.0253701 -0.020929 -0.175
      endloop
   endfacet
   facet normal -0.370138 -0.928977 0
      outer loop
         vertex -0.0253701 -0.020929 -0.1
         vertex -0.0253701 -0.020929 -0.175
         vertex -0.0252675 -0.0209635 -0.175
      endloop
   endfacet
   facet normal -0.267528 -0.96355 0
      outer loop
         vertex -0.0252675 -0.0209635 -0.1
         vertex -0.0252675 -0.0209635 -0.175
         vertex -0.0251618 -0.0209868 -0.175
      endloop
   endfacet
   facet normal -0.161782 -0.986827 0
      outer loop
         vertex -0.0251618 -0.0209868 -0.1
         vertex -0.0251618 -0.0209868 -0.175
         vertex -0.0250541 -0.0209985 -0.175
      endloop
   endfacet
   facet normal -0.0541389 -0.998533 0
      outer loop
         vertex -0.0250541 -0.0209985 -0.1
         vertex -0.0250541 -0.0209985 -0.175
         vertex -0.0249459 -0.0209985 -0.175
      endloop
   endfacet
   facet normal 0.0541389 -0.998533 0
      outer loop
         vertex -0.0249459 -0.0209985 -0.1
         vertex -0.0249459 -0.0209985 -0.175
         vertex -0.0248382 -0.0209868 -0.175
      endloop
   endfacet
   facet normal 0.161782 -0.986827 0
      outer loop
         vertex -0.0248382 -0.0209868 -0.1
         vertex -0.0248382 -0.0209868 -0.175
         vertex -0.0247325 -0.0209635 -0.175
      endloop
   endfacet
   facet normal 0.267528 -0.96355 0
      outer loop
         vertex -0.0247325 -0.0209635 -0.1
         vertex -0.0247325 -0.0209635 -0.175
         vertex -0.0246299 -0.020929 -0.175
      endloop
   endfacet
   facet normal 0.370138 -0.928977 0
      outer loop
         vertex -0.0246299 -0.020929 -0.1
         vertex -0.0246299 -0.020929 -0.175
         vertex -0.0245316 -0.0208835 -0.175
      endloop
   endfacet
   facet normal 0.468408 -0.883512 0
      outer loop
         vertex -0.0245316 -0.0208835 -0.1
         vertex -0.0245316 -0.0208835 -0.175
         vertex -0.0244388 -0.0208277 -0.175
      endloop
   endfacet
   facet normal 0.561187 -0.827689 0
      outer loop
         vertex -0.0244388 -0.0208277 -0.1
         vertex -0.0244388 -0.0208277 -0.175
         vertex -0.0243526 -0.0207622 -0.175
      endloop
   endfacet
   facet normal 0.647386 -0.762162 0
      outer loop
         vertex -0.0243526 -0.0207622 -0.1
         vertex -0.0243526 -0.0207622 -0.175
         vertex -0.024274 -0.0206877 -0.175
      endloop
   endfacet
   facet normal 0.725995 -0.687699 0
      outer loop
         vertex -0.024274 -0.0206877 -0.1
         vertex -0.024274 -0.0206877 -0.175
         vertex -0.0242039 -0.0206052 -0.175
      endloop
   endfacet
   facet normal 0.796093 -0.605174 0
      outer loop
         vertex -0.0242039 -0.0206052 -0.1
         vertex -0.0242039 -0.0206052 -0.175
         vertex -0.0241431 -0.0205156 -0.175
      endloop
   endfacet
   facet normal 0.856857 -0.515554 0
      outer loop
         vertex -0.0241431 -0.0205156 -0.1
         vertex -0.0241431 -0.0205156 -0.175
         vertex -0.0240924 -0.0204199 -0.175
      endloop
   endfacet
   facet normal 0.907575 -0.419889 0
      outer loop
         vertex -0.0240924 -0.0204199 -0.1
         vertex -0.0240924 -0.0204199 -0.175
         vertex -0.0240523 -0.0203193 -0.175
      endloop
   endfacet
   facet normal 0.947653 -0.319302 0
      outer loop
         vertex -0.0240523 -0.0203193 -0.1
         vertex -0.0240523 -0.0203193 -0.175
         vertex -0.0240234 -0.020215 -0.175
      endloop
   endfacet
   facet normal 0.976621 -0.21497 0
      outer loop
         vertex -0.0240234 -0.020215 -0.1
         vertex -0.0240234 -0.020215 -0.175
         vertex -0.0240059 -0.0201081 -0.175
      endloop
   endfacet
   facet normal 0.994138 -0.108119 0
      outer loop
         vertex -0.0240059 -0.0201081 -0.1
         vertex -0.0240059 -0.0201081 -0.175
         vertex -0.024 -0.02 -0.175
      endloop
   endfacet
   facet normal 1 0 0
      outer loop
         vertex -0.024 -0.02 -0.175
         vertex -0.024 -0.02 -0.1
         vertex -0.0240059 -0.0201081 -0.1
      endloop
   endfacet
   facet normal 0.994138 -0.108119 0
      outer loop
         vertex -0.0240059 -0.0201081 -0.175
         vertex -0.0240059 -0.0201081 -0.1
         vertex -0.0240234 -0.020215 -0.1
      endloop
   endfacet
   facet normal 0.976621 -0.21497 0
      outer loop
         vertex -0.0240234 -0.020215 -0.175
         vertex -0.0240234 -0.020215 -0.1
         vertex -0.0240523 -0.0203193 -0.1
      endloop
   endfacet
   facet normal 0.947653 -0.319302 0
      outer loop
         vertex -0.0240523 -0.0203193 -0.175
         vertex -0.0240523 -0.0203193 -0.1
         vertex -0.0240924 -0.0204199 -0.1
      endloop
   endfacet
   facet normal 0.907575 -0.419889 0
      outer loop
         vertex -0.0240924 -0.0204199 -0.175
         vertex -0.0240924 -0.0204199 -0.1
         vertex -0.0241431 -0.0205156 -0.1
      endloop
   endfacet
   facet normal 0.856857 -0.515554 0
      outer loop
         vertex -0.0241431 -0.0205156 -0.175
         vertex -0.0241431 -0.0205156 -0.1
         vertex -0.0242039 -0.0206052 -0.1
      endloop
   endfacet
   facet normal 0.796093 -0.605174 0
      outer loop
         vertex -0.0242039 -0.0206052 -0.175
         vertex -0.0242039 -0.0206052 -0.1
         vertex -0.024274 -0.0206877 -0.1
      endloop
   endfacet
   facet normal 0.725995 -0.687699 0
      outer loop
         vertex -0.024274 -0.0206877 -0.175
         vertex -0.024274 -0.0206877 -0.1
         vertex -0.0243526 -0.0207622 -0.1
      endloop
   endfacet
   facet normal 0.647386 -0.762162 0
      outer loop
         vertex -0.0243526 -0.0207622 -0.175
         vertex -0.0243526 -0.0207622 -0.1
         vertex -0.0244388 -0.0208277 -0.1
      endloop
   endfacet
   facet normal 0.561187 -0.827689 0
      outer loop
         vertex -0.0244388 -0.0208277 -0.175
         vertex -0.0244388 -0.0208277 -0.1
         vertex -0.0245316 -0.0208835 -0.1
      endloop
   endfacet
   facet normal 0.468408 -0.883512 0
      outer loop
         vertex -0.0245316 -0.0208835 -0.175
         vertex -0.0245316 -0.0208835 -0.1
         vertex -0.0246299 -0.020929 -0.1
      endloop
   endfacet
   facet normal 0.370138 -0.928977 0
      outer loop
         vertex -0.0246299 -0.020929 -0.175
         vertex -0.0246299 -0.020929 -0.1
         vertex -0.0247325 -0.0209635 -0.1
      endloop
   endfacet
   facet normal 0.267528 -0.96355 0
      outer loop
         vertex -0.0247325 -0.0209635 -0.175
         vertex -0.0247325 -0.0209635 -0.1
         vertex -0.0248382 -0.0209868 -0.1
      endloop
   endfacet
   facet normal 0.161782 -0.986827 0
      outer loop
         vertex -0.0248382 -0.0209868 -0.175
         vertex -0.0248382 -0.0209868 -0.1
         vertex -0.0249459 -0.0209985 -0.1
      endloop
   endfacet
   facet normal 0.0541389 -0.998533 0
      outer loop
         vertex -0.0249459 -0.0209985 -0.175
         vertex -0.0249459 -0.0209985 -0.1
         vertex -0.0250541 -0.0209985 -0.1
      endloop
   endfacet
   facet normal -0.0541389 -0.998533 0
      outer loop
         vertex -0.0250541 -0.0209985 -0.175
         vertex -0.0250541 -0.0209985 -0.1
         vertex -0.0251618 -0.0209868 -0.1
      endloop
   endfacet
   facet normal -0.161782 -0.986827 0
      outer loop
         vertex -0.0251618 -0.0209868 -0.175
         vertex -0.0251618 -0.0209868 -0.1
         vertex -0.0252675 -0.0209635 -0.1
      endloop
   endfacet
   facet normal -0.267528 -0.96355 0
      outer loop
         vertex -0.0252675 -0.0209635 -0.175
         vertex -0.0252675 -0.0209635 -0.1
         vertex -0.0253701 -0.020929 -0.1
      endloop
   endfacet
   facet normal -0.370138 -0.928977 0
      outer loop
         vertex -0.0253701 -0.020929 -0.175
         vertex -0.0253701 -0.020929 -0.1
         vertex -0.0254684 -0.0208835 -0.1
      endloop
   endfacet
   facet normal -0.468408 -0.883512 0
      outer loop
         vertex -0.0254684 -0.0208835 -0.175
         vertex -0.0254684 -0.0208835 -0.1
         vertex -0.0255612 -0.0208277 -0.1
      endloop
   endfacet
   facet normal -0.561187 -0.827689 0
      outer loop
         vertex -0.0255612 -0.0208277 -0.175
         vertex -0.0255612 -0.0208277 -0.1
         vertex -0.0256474 -0.0207622 -0.1
      endloop
   endfacet
   facet normal -0.647386 -0.762162 0
      outer loop
         vertex -0.0256474 -0.0207622 -0.175
         vertex -0.0256474 -0.0207622 -0.1
         vertex -0.025726 -0.0206877 -0.1
      endloop
   endfacet
   facet normal -0.725995 -0.687699 0
      outer loop
         vertex -0.025726 -0.0206877 -0.175
         vertex -0.025726 -0.0206877 -0.1
         vertex -0.0257961 -0.0206052 -0.1
      endloop
   endfacet
   facet normal -0.796093 -0.605174 0
      outer loop
         vertex -0.0257961 -0.0206052 -0.175
         vertex -0.0257961 -0.0206052 -0.1
         vertex -0.0258569 -0.0205156 -0.1
      endloop
   endfacet
   facet normal -0.856857 -0.515554 0
      outer loop
         vertex -0.0258569 -0.0205156 -0.175
         vertex -0.0258569 -0.0205156 -0.1
         vertex -0.0259076 -0.0204199 -0.1
      endloop
   endfacet
   facet normal -0.907575 -0.419889 0
      outer loop
         vertex -0.0259076 -0.0204199 -0.175
         vertex -0.0259076 -0.0204199 -0.1
         vertex -0.0259477 -0.0203193 -0.1
      endloop
   endfacet
   facet normal -0.947653 -0.319302 0
      outer loop
         vertex -0.0259477 -0.0203193 -0.175
         vertex -0.0259477 -0.0203193 -0.1
         vertex -0.0259766 -0.020215 -0.1
      endloop
   endfacet
   facet normal -0.976621 -0.21497 0
      outer loop
         vertex -0.0259766 -0.020215 -0.175
         vertex -0.0259766 -0.020215 -0.1
         vertex -0.0259941 -0.0201081 -0.1
      endloop
   endfacet
   facet normal -0.994138 -0.108119 0
      outer loop
         vertex -0.0259941 -0.0201081 -0.175
         vertex -0.0259941 -0.0201081 -0.1
         vertex -0.026 -0.02 -0.1
      endloop
   endfacet
   facet normal -1 1.22465e-16 0
      outer loop
         vertex -0.026 -0.02 -0.175
         vertex -0.026 -0.02 -0.1
         vertex -0.0259941 -0.0198919 -0.1
      endloop
   endfacet
   facet normal -0.994138 0.108119 0
      outer loop
         vertex -0.0259941 -0.0198919 -0.175
         vertex -0.0259941 -0.0198919 -0.1
         vertex -0.0259766 -0.019785 -0.1
      endloop
   endfacet
   facet normal -0.976621 0.21497 0
      outer loop
         vertex -0.0259766 -0.019785 -0.175
         vertex -0.0259766 -0.019785 -0.1
         vertex -0.0259477 -0.0196807 -0.1
      endloop
   endfacet
   facet normal -0.947653 0.319302 0
      outer loop
         vertex -0.0259477 -0.0196807 -0.175
         vertex -0.0259477 -0.0196807 -0.1
         vertex -0.0259076 -0.0195801 -0.1
      endloop
   endfacet
   facet normal -0.907575 0.419889 0
      outer loop
         vertex -0.0259076 -0.0195801 -0.175
         vertex -0.0259076 -0.0195801 -0.1
         vertex -0.0258569 -0.0194844 -0.1
      endloop
   endfacet
   facet normal -0.856857 0.515554 0
      outer loop
         vertex -0.0258569 -0.0194844 -0.175
         vertex -0.0258569 -0.0194844 -0.1
         vertex -0.0257961 -0.0193948 -0.1
      endloop
   endfacet
   facet normal -0.796093 0.605174 0
      outer loop
         vertex -0.0257961 -0.0193948 -0.175
         vertex -0.0257961 -0.0193948 -0.1
         vertex -0.025726 -0.0193123 -0.1
      endloop
   endfacet
   facet normal -0.725995 0.687699 0
      outer loop
         vertex -0.025726 -0.0193123 -0.175
         vertex -0.025726 -0.0193123 -0.1
         vertex -0.0256474 -0.0192378 -0.1
      endloop
   endfacet
   facet normal -0.647386 0.762162 0
      outer loop
         vertex -0.0256474 -0.0192378 -0.175
         vertex -0.0256474 -0.0192378 -0.1
         vertex -0.0255612 -0.0191723 -0.1
      endloop
   endfacet
   facet normal -0.561187 0.827689 0
      outer loop
         vertex -0.0255612 -0.0191723 -0.175
         vertex -0.0255612 -0.0191723 -0.1
         vertex -0.0254684 -0.0191165 -0.1
      endloop
   endfacet
   facet normal -0.468408 0.883512 0
      outer loop
         vertex -0.0254684 -0.0191165 -0.175
         vertex -0.0254684 -0.0191165 -0.1
         vertex -0.0253701 -0.019071 -0.1
      endloop
   endfacet
   facet normal -0.370138 0.928977 0
      outer loop
         vertex -0.0253701 -0.019071 -0.175
         vertex -0.0253701 -0.019071 -0.1
         vertex -0.0252675 -0.0190365 -0.1
      endloop
   endfacet
   facet normal -0.267528 0.96355 0
      outer loop
         vertex -0.0252675 -0.0190365 -0.175
         vertex -0.0252675 -0.0190365 -0.1
         vertex -0.0251618 -0.0190132 -0.1
      endloop
   endfacet
   facet normal -0.161782 0.986827 0
      outer loop
         vertex -0.0251618 -0.0190132 -0.175
         vertex -0.0251618 -0.0190132 -0.1
         vertex -0.0250541 -0.0190015 -0.1
      endloop
   endfacet
   facet normal -0.0541389 0.998533 0
      outer loop
         vertex -0.0250541 -0.0190015 -0.175
         vertex -0.0250541 -0.0190015 -0.1
         vertex -0.0249459 -0.0190015 -0.1
      endloop
   endfacet
   facet normal 0.0541389 0.998533 0
      outer loop
         vertex -0.0249459 -0.0190015 -0.175
         vertex -0.0249459 -0.0190015 -0.1
         vertex -0.0248382 -0.0190132 -0.1
      endloop
   endfacet
   facet normal 0.161782 0.986827 0
      outer loop
         vertex -0.0248382 -0.0190132 -0.175
         vertex -0.0248382 -0.0190132 -0.1
         vertex -0.0247325 -0.0190365 -0.1
      endloop
   endfacet
   facet normal 0.267528 0.96355 0
      outer loop
         vertex -0.0247325 -0.0190365 -0.175
         vertex -0.0247325 -0.0190365 -0.1
         vertex -0.0246299 -0.019071 -0.1
      endloop
   endfacet
   facet normal 0.370138 0.928977 0
      outer loop
         vertex -0.0246299 -0.019071 -0.175
         vertex -0.0246299 -0.019071 -0.1
         vertex -0.0245316 -0.0191165 -0.1
      endloop
   endfacet
   facet normal 0.468408 0.883512 0
      outer loop
         vertex -0.0245316 -0.0191165 -0.175
         vertex -0.0245316 -0.0191165 -0.1
         vertex -0.0244388 -0.0191723 -0.1
      endloop
   endfacet
   facet normal 0.561187 0.827689 0
      outer loop
         vertex -0.0244388 -0.0191723 -0.175
         vertex -0.0244388 -0.0191723 -0.1
         vertex -0.0243526 -0.0192378 -0.1
      endloop
   endfacet
   facet normal 0.647386 0.762162 0
      outer loop
         vertex -0.0243526 -0.0192378 -0.175
         vertex -0.0243526 -0.0192378 -0.1
         vertex -0.024274 -0.0193123 -0.1
      endloop
   endfacet
   facet normal 0.725995 0.687699 0
      outer loop
         vertex -0.024274 -0.0193123 -0.175
         vertex -0.024274 -0.0193123 -0.1
         vertex -0.0242039 -0.0193948 -0.1
      endloop
   endfacet
   facet normal 0.796093 0.605174 0
      outer loop
         vertex -0.0242039 -0.0193948 -0.175
         vertex -0.0242039 -0.0193948 -0.1
         vertex -0.0241431 -0.0194844 -0.1
      endloop
   endfacet
   facet normal 0.856857 0.515554 0
      outer loop
         vertex -0.0241431 -0.0194844 -0.175
         vertex -0.0241431 -0.0194844 -0.1
         vertex -0.0240924 -0.0195801 -0.1
      endloop
   endfacet
   facet normal 0.907575 0.419889 0
      outer loop
         vertex -0.0240924 -0.0195801 -0.175
         vertex -0.0240924 -0.0195801 -0.1
         vertex -0.0240523 -0.0196807 -0.1
      endloop
   endfacet
   facet normal 0.947653 0.319302 0
      outer loop
         vertex -0.0240523 -0.0196807 -0.175
         vertex -0.0240523 -0.0196807 -0.1
         vertex -0.0240234 -0.019785 -0.1
      endloop
   endfacet
   facet normal 0.976621 0.21497 0
      outer loop
         vertex -0.0240234 -0.019785 -0.175
         vertex -0.0240234 -0.019785 -0.1
         vertex -0.0240059 -0.0198919 -0.1
      endloop
   endfacet
   facet normal 0.994138 0.108119 0
      outer loop
         vertex -0.0240059 -0.0198919 -0.175
         vertex -0.0240059 -0.0198919 -0.1
         vertex -0.024 -0.02 -0.1
      endloop
   endfacet
   facet normal 0 0 -1
      outer loop
         vertex -0.025 -0.02 -0.175
         vertex -0.0259941 -0.0198919 -0.175
         vertex -0.0259766 -0.019785 -0.175
      endloop
   endfacet
   facet normal 0 0 -1
      outer loop
         vertex -0.0259766 -0.019785 -0.175
         vertex -0.0259477 -0.0196807 -0.175
         vertex -0.025 -0.02 -0.175
      endloop
   endfacet
   facet normal 0 0 -1
      outer loop
         vertex -0.0259477 -0.0196807 -0.175
         vertex -0.0259076 -0.0195801 -0.175
         vertex -0.025 -0.02 -0.175
      endloop
   endfacet
   facet normal 0 0 -1
      outer loop
         vertex -0.0259076 -0.0195801 -0.175
         vertex -0.0258569 -0.0194844 -0.175
         vertex -0.025 -0.02 -0.175
      endloop
   endfacet
   facet normal 0 0 -1
      outer loop
         vertex -0.0258569 -0.0194844 -0.175
         vertex -0.0257961 -0.0193948 -0.175
         vertex -0.025 -0.02 -0.175
      endloop
   endfacet
   facet normal 0 0 -1
      outer loop
         vertex -0.0257961 -0.0193948 -0.175
         vertex -0.025726 -0.0193123 -0.175
         vertex -0.025 -0.02 -0.175
      endloop
   endfacet
   facet normal 0 0 -1
      outer loop
         vertex -0.025726 -0.0193123 -0.175
         vertex -0.0256474 -0.0192378 -0.175
         vertex -0.025 -0.02 -0.175
      endloop
   endfacet
   facet normal 0 0 -1
      outer loop
         vertex -0.0256474 -0.0192378 -0.175
         vertex -0.0255612 -0.0191723 -0.175
         vertex -0.025 -0.02 -0.175
      endloop
   endfacet
   facet normal 0 0 -1
      outer loop
         vertex -0.0255612 -0.0191723 -0.175
         vertex -0.0254684 -0.0191165 -0.175
         vertex -0.025 -0.02 -0.175
      endloop
   endfacet
   facet normal 0 0 -1
      outer loop
         vertex -0.0254684 -0.0191165 -0.175
         vertex -0.0253701 -0.019071 -0.175
         vertex -0.025 -0.02 -0.175
      endloop
   endfacet
   facet normal 0 0 -1
      outer loop
         vertex -0.0253701 -0.019071 -0.175
         vertex -0.0252675 -0.0190365 -0.175
         vertex -0.025 -0.02 -0.175
      endloop
   endfacet
   facet normal 0 0 -1
      outer loop
         vertex -0.0252675 -0.0190365 -0.175
         vertex -0.0251618 -0.0190132 -0.175
         vertex -0.025 -0.02 -0.175
      endloop
   endfacet
   facet normal 0 0 -1
      outer loop
         vertex -0.0251618 -0.0190132 -0.175
         vertex -0.0250541 -0.0190015 -0.175
         vertex -0.025 -0.02 -0.175
      endloop
   endfacet
   facet normal 0 0 -1
      outer loop
         vertex -0.0250541 -0.0190015 -0.175
         vertex -0.0249459 -0.0190015 -0.175
         vertex -0.025 -0.02 -0.175
      endloop
   endfacet
   facet normal 0 0 -1
      outer loop
         vertex -0.0249459 -0.0190015 -0.175
         vertex -0.0248382 -0.0190132 -0.175
         vertex -0.025 -0.02 -0.175
      endloop
   endfacet
   facet normal 0 0 -1
      outer loop
         vertex -0.0248382 -0.0190132 -0.175
         vertex -0.0247325 -0.0190365 -0.175
         vertex -0.025 -0.02 -0.175
      endloop
   endfacet
   facet normal 0 0 -1
      outer loop
         vertex -0.0247325 -0.0190365 -0.175
         vertex -0.0246299 -0.019071 -0.175
         vertex -0.025 -0.02 -0.175
      endloop
   endfacet
   facet normal 0 0 -1
      outer loop
         vertex -0.0246299 -0.019071 -0.175
         vertex -0.0245316 -0.0191165 -0.175
         vertex -0.025 -0.02 -0.175
      endloop
   endfacet
   facet normal 0 0 -1
      outer loop
         vertex -0.0245316 -0.0191165 -0.175
         vertex -0.0244388 -0.0191723 -0.175
         vertex -0.025 -0.02 -0.175
      endloop
   endfacet
   facet normal 0 0 -1
      outer loop
         vertex -0.0244388 -0.0191723 -0.175
         vertex -0.0243526 -0.0192378 -0.175
         vertex -0.025 -0.02 -0.175
      endloop
   endfacet
   facet normal 0 0 -1
      outer loop
         vertex -0.0243526 -0.0192378 -0.175
         vertex -0.024274 -0.0193123 -0.175
         vertex -0.025 -0.02 -0.175
      endloop
   endfacet
   facet normal 0 0 -1
      outer loop
         vertex -0.024274 -0.0193123 -0.175
         vertex -0.0242039 -0.0193948 -0.175
         vertex -0.025 -0.02 -0.175
      endloop
   endfacet
   facet normal 0 0 -1
      outer loop
         vertex -0.0242039 -0.0193948 -0.175
         vertex -0.0241431 -0.0194844 -0.175
         vertex -0.025 -0.02 -0.175
      endloop
   endfacet
   facet normal 0 0 -1
      outer loop
         vertex -0.0241431 -0.0194844 -0.175
         vertex -0.0240924 -0.0195801 -0.175
         vertex -0.025 -0.02 -0.175
      endloop
   endfacet
   facet normal 0 0 -1
      outer loop
         vertex -0.0240924 -0.0195801 -0.175
         vertex -0.0240523 -0.0196807 -0.175
         vertex -0.025 -0.02 -0.175
      endloop
   endfacet
   facet normal 0 0 -1
      outer loop
         vertex -0.0240523 -0.0196807 -0.175
         vertex -0.0240234 -0.019785 -0.175
         vertex -0.025 -0.02 -0.175
      endloop
   endfacet
   facet normal 0 0 -1
      outer loop
         vertex -0.0240234 -0.019785 -0.175
         vertex -0.0240059 -0.0198919 -0.175
         vertex -0.025 -0.02 -0.175
      endloop
   endfacet
   facet normal 0 0 -1
      outer loop
         vertex -0.0240059 -0.0198919 -0.175
         vertex -0.024 -0.02 -0.175
         vertex -0.025 -0.02 -0.175
      endloop
   endfacet
   facet normal 0 0 -1
      outer loop
         vertex -0.024 -0.02 -0.175
         vertex -0.0240059 -0.0201081 -0.175
         vertex -0.025 -0.02 -0.175
      endloop
   endfacet
   facet normal 0 0 -1
      outer loop
         vertex -0.0240059 -0.0201081 -0.175
         vertex -0.0240234 -0.020215 -0.175
         vertex -0.025 -0.02 -0.175
      endloop
   endfacet
   facet normal 0 0 -1
      outer loop
         vertex -0.0240234 -0.020215 -0.175
         vertex -0.0240523 -0.0203193 -0.175
         vertex -0.025 -0.02 -0.175
      endloop
   endfacet
   facet normal 0 0 -1
      outer loop
         vertex -0.0240523 -0.0203193 -0.175
         vertex -0.0240924 -0.0204199 -0.175
         vertex -0.025 -0.02 -0.175
      endloop
   endfacet
   facet normal 0 0 -1
      outer loop
         vertex -0.0240924 -0.0204199 -0.175
         vertex -0.0241431 -0.0205156 -0.175
         vertex -0.025 -0.02 -0.175
      endloop
   endfacet
   facet normal 0 0 -1
      outer loop
         vertex -0.0241431 -0.0205156 -0.175
         vertex -0.0242039 -0.0206052 -0.175
         vertex -0.025 -0.02 -0.175
      endloop
   endfacet
   facet normal 0 0 -1
      outer loop
         vertex -0.0242039 -0.0206052 -0.175
         vertex -0.024274 -0.0206877 -0.175
         vertex -0.025 -0.02 -0.175
      endloop
   endfacet
   facet normal 0 0 -1
      outer loop
         vertex -0.024274 -0.0206877 -0.175
         vertex -0.0243526 -0.0207622 -0.175
         vertex -0.025 -0.02 -0.175
      endloop
   endfacet
   facet normal 0 0 -1
      outer loop
         vertex -0.0243526 -0.0207622 -0.175
         vertex -0.0244388 -0.0208277 -0.175
         vertex -0.025 -0.02 -0.175
      endloop
   endfacet
   facet normal 0 0 -1
      outer loop
         vertex -0.0244388 -0.0208277 -0.175
         vertex -0.0245316 -0.0208835 -0.175
         vertex -0.025 -0.02 -0.175
      endloop
   endfacet
   facet normal 0 0 -1
      outer loop
         vertex -0.0245316 -0.0208835 -0.175
         vertex -0.0246299 -0.020929 -0.175
         vertex -0.025 -0.02 -0.175
      endloop
   endfacet
   facet normal 0 0 -1
      outer loop
         vertex -0.0246299 -0.020929 -0.175
         vertex -0.0247325 -0.0209635 -0.175
         vertex -0.025 -0.02 -0.175
      endloop
   endfacet
   facet normal 0 0 -1
      outer loop
         vertex -0.0247325 -0.0209635 -0.175
         vertex -0.0248382 -0.0209868 -0.175
         vertex -0.025 -0.02 -0.175
      endloop
   endfacet
   facet normal 0 0 -1
      outer loop
         vertex -0.0248382 -0.0209868 -0.175
         vertex -0.0249459 -0.0209985 -0.175
         vertex -0.025 -0.02 -0.175
      endloop
   endfacet
   facet normal 0 0 -1
      outer loop
         vertex -0.0249459 -0.0209985 -0.175
         vertex -0.0250541 -0.0209985 -0.175
         vertex -0.025 -0.02 -0.175
      endloop
   endfacet
   facet normal 0 0 -1
      outer loop
         vertex -0.0250541 -0.0209985 -0.175
         vertex -0.0251618 -0.0209868 -0.175
         vertex -0.025 -0.02 -0.175
      endloop
   endfacet
   facet normal 0 0 -1
      outer loop
         vertex -0.0251618 -0.0209868 -0.175
         vertex -0.0252675 -0.0209635 -0.175
         vertex -0.025 -0.02 -0.175
      endloop
   endfacet
   facet normal 0 0 -1
      outer loop
         vertex -0.0252675 -0.0209635 -0.175
         vertex -0.0253701 -0.020929 -0.175
         vertex -0.025 -0.02 -0.175
      endloop
   endfacet
   facet normal 0 0 -1
      outer loop
         vertex -0.0253701 -0.020929 -0.175
         vertex -0.0254684 -0.0208835 -0.175
         vertex -0.025 -0.02 -0.175
      endloop
   endfacet
   facet normal 0 0 -1
      outer loop
         vertex -0.0254684 -0.0208835 -0.175
         vertex -0.0255612 -0.0208277 -0.175
         vertex -0.025 -0.02 -0.175
      endloop
   endfacet
   facet normal 0 0 -1
      outer loop
         vertex -0.0255612 -0.0208277 -0.175
         vertex -0.0256474 -0.0207622 -0.175
         vertex -0.025 -0.02 -0.175
      endloop
   endfacet
   facet normal 0 0 -1
      outer loop
         vertex -0.0256474 -0.0207622 -0.175
         vertex -0.025726 -0.0206877 -0.175
         vertex -0.025 -0.02 -0.175
      endloop
   endfacet
   facet normal 0 0 -1
      outer loop
         vertex -0.025726 -0.0206877 -0.175
         vertex -0.0257961 -0.0206052 -0.175
         vertex -0.025 -0.02 -0.175
      endloop
   endfacet
   facet normal 0 0 -1
      outer loop
         vertex -0.0257961 -0.0206052 -0.175
         vertex -0.0258569 -0.0205156 -0.175
         vertex -0.025 -0.02 -0.175
      endloop
   endfacet
   facet normal 0 0 -1
      outer loop
         vertex -0.0258569 -0.0205156 -0.175
         vertex -0.0259076 -0.0204199 -0.175
         vertex -0.025 -0.02 -0.175
      endloop
   endfacet
   facet normal 0 0 -1
      outer loop
         vertex -0.0259076 -0.0204199 -0.175
         vertex -0.0259477 -0.0203193 -0.175
         vertex -0.025 -0.02 -0.175
      endloop
   endfacet
   facet normal 0 0 -1
      outer loop
         vertex -0.0259477 -0.0203193 -0.175
         vertex -0.0259766 -0.020215 -0.175
         vertex -0.025 -0.02 -0.175
      endloop
   endfacet
   facet normal 0 0 -1
      outer loop
         vertex -0.0259766 -0.020215 -0.175
         vertex -0.0259941 -0.0201081 -0.175
         vertex -0.025 -0.02 -0.175
      endloop
   endfacet
   facet normal 0 0 -1
      outer loop
         vertex -0.0259941 -0.0201081 -0.175
         vertex -0.026 -0.02 -0.175
         vertex -0.025 -0.02 -0.175
      endloop
   endfacet
   facet normal 0 0 -1
      outer loop
         vertex -0.026 -0.02 -0.175
         vertex -0.0259941 -0.0198919 -0.175
         vertex -0.025 -0.02 -0.175
      endloop
   endfacet
endsolid Piston. Units = meters