solid Probe. STL generated by ONSHAPE BY PTC INC, 1.220. Units = meters
   facet normal 0 0 1
      outer loop
         vertex 1.57166e-17 -0.08 0.455
         vertex -0.0149121 -0.0816218 0.455
         vertex -0.0146493 -0.0832246 0.455
      endloop
   endfacet
   facet normal 0 0 1
      outer loop
         vertex -0.0146493 -0.0832246 0.455
         vertex -0.0142148 -0.0847895 0.455
         vertex 1.57166e-17 -0.08 0.455
      endloop
   endfacet
   facet normal 0 0 1
      outer loop
         vertex -0.0142148 -0.0847895 0.455
         vertex -0.0136136 -0.0862983 0.455
         vertex 1.57166e-17 -0.08 0.455
      endloop
   endfacet
   facet normal 0 0 1
      outer loop
         vertex -0.0136136 -0.0862983 0.455
         vertex -0.0128529 -0.0877333 0.455
         vertex 1.57166e-17 -0.08 0.455
      endloop
   endfacet
   facet normal 0 0 1
      outer loop
         vertex -0.0128529 -0.0877333 0.455
         vertex -0.0119414 -0.0890776 0.455
         vertex 1.57166e-17 -0.08 0.455
      endloop
   endfacet
   facet normal 0 0 1
      outer loop
         vertex -0.0119414 -0.0890776 0.455
         vertex -0.0108899 -0.0903155 0.455
         vertex 1.57166e-17 -0.08 0.455
      endloop
   endfacet
   facet normal 0 0 1
      outer loop
         vertex -0.0108899 -0.0903155 0.455
         vertex -0.00971079 -0.0914324 0.455
         vertex 1.57166e-17 -0.08 0.455
      endloop
   endfacet
   facet normal 0 0 1
      outer loop
         vertex -0.00971079 -0.0914324 0.455
         vertex -0.00841781 -0.0924153 0.455
         vertex 1.57166e-17 -0.08 0.455
      endloop
   endfacet
   facet normal 0 0 1
      outer loop
         vertex -0.00841781 -0.0924153 0.455
         vertex -0.00702613 -0.0932527 0.455
         vertex 1.57166e-17 -0.08 0.455
      endloop
   endfacet
   facet normal 0 0 1
      outer loop
         vertex -0.00702613 -0.0932527 0.455
         vertex -0.00555207 -0.0939347 0.455
         vertex 1.57166e-17 -0.08 0.455
      endloop
   endfacet
   facet normal 0 0 1
      outer loop
         vertex -0.00555207 -0.0939347 0.455
         vertex -0.00401293 -0.0944532 0.455
         vertex 1.57166e-17 -0.08 0.455
      endloop
   endfacet
   facet normal 0 0 1
      outer loop
         vertex -0.00401293 -0.0944532 0.455
         vertex -0.00242673 -0.0948024 0.455
         vertex 1.57166e-17 -0.08 0.455
      endloop
   endfacet
   facet normal 0 0 1
      outer loop
         vertex -0.00242673 -0.0948024 0.455
         vertex -0.000812084 -0.094978 0.455
         vertex 1.57166e-17 -0.08 0.455
      endloop
   endfacet
   facet normal 0 0 1
      outer loop
         vertex -0.000812084 -0.094978 0.455
         vertex 0.000812084 -0.094978 0.455
         vertex 1.57166e-17 -0.08 0.455
      endloop
   endfacet
   facet normal 0 0 1
      outer loop
         vertex 0.000812084 -0.094978 0.455
         vertex 0.00242673 -0.0948024 0.455
         vertex 1.57166e-17 -0.08 0.455
      endloop
   endfacet
   facet normal 0 0 1
      outer loop
         vertex 0.00242673 -0.0948024 0.455
         vertex 0.00401293 -0.0944532 0.455
         vertex 1.57166e-17 -0.08 0.455
      endloop
   endfacet
   facet normal 0 0 1
      outer loop
         vertex 0.00401293 -0.0944532 0.455
         vertex 0.00555207 -0.0939347 0.455
         vertex 1.57166e-17 -0.08 0.455
      endloop
   endfacet
   facet normal 0 0 1
      outer loop
         vertex 0.00555207 -0.0939347 0.455
         vertex 0.00702613 -0.0932527 0.455
         vertex 1.57166e-17 -0.08 0.455
      endloop
   endfacet
   facet normal 0 0 1
      outer loop
         vertex 0.00702613 -0.0932527 0.455
         vertex 0.00841781 -0.0924153 0.455
         vertex 1.57166e-17 -0.08 0.455
      endloop
   endfacet
   facet normal 0 0 1
      outer loop
         vertex 0.00841781 -0.0924153 0.455
         vertex 0.00971079 -0.0914324 0.455
         vertex 1.57166e-17 -0.08 0.455
      endloop
   endfacet
   facet normal 0 0 1
      outer loop
         vertex 0.00971079 -0.0914324 0.455
         vertex 0.0108899 -0.0903155 0.455
         vertex 1.57166e-17 -0.08 0.455
      endloop
   endfacet
   facet normal 0 0 1
      outer loop
         vertex 0.0108899 -0.0903155 0.455
         vertex 0.0119414 -0.0890776 0.455
         vertex 1.57166e-17 -0.08 0.455
      endloop
   endfacet
   facet normal 0 0 1
      outer loop
         vertex 0.0119414 -0.0890776 0.455
         vertex 0.0128529 -0.0877333 0.455
         vertex 1.57166e-17 -0.08 0.455
      endloop
   endfacet
   facet normal 0 0 1
      outer loop
         vertex 0.0128529 -0.0877333 0.455
         vertex 0.0136136 -0.0862983 0.455
         vertex 1.57166e-17 -0.08 0.455
      endloop
   endfacet
   facet normal 0 0 1
      outer loop
         vertex 0.0136136 -0.0862983 0.455
         vertex 0.0142148 -0.0847895 0.455
         vertex 1.57166e-17 -0.08 0.455
      endloop
   endfacet
   facet normal 0 0 1
      outer loop
         vertex 0.0142148 -0.0847895 0.455
         vertex 0.0146493 -0.0832246 0.455
         vertex 1.57166e-17 -0.08 0.455
      endloop
   endfacet
   facet normal 0 0 1
      outer loop
         vertex 0.0146493 -0.0832246 0.455
         vertex 0.0149121 -0.0816218 0.455
         vertex 1.57166e-17 -0.08 0.455
      endloop
   endfacet
   facet normal 0 0 1
      outer loop
         vertex 0.0149121 -0.0816218 0.455
         vertex 0.015 -0.08 0.455
         vertex 1.57166e-17 -0.08 0.455
      endloop
   endfacet
   facet normal 0 0 1
      outer loop
         vertex 0.015 -0.08 0.455
         vertex 0.0149121 -0.0783782 0.455
         vertex 1.57166e-17 -0.08 0.455
      endloop
   endfacet
   facet normal 0 0 1
      outer loop
         vertex 0.0149121 -0.0783782 0.455
         vertex 0.0146493 -0.0767754 0.455
         vertex 1.57166e-17 -0.08 0.455
      endloop
   endfacet
   facet normal 0 0 1
      outer loop
         vertex 0.0146493 -0.0767754 0.455
         vertex 0.0142148 -0.0752105 0.455
         vertex 1.57166e-17 -0.08 0.455
      endloop
   endfacet
   facet normal 0 0 1
      outer loop
         vertex 0.0142148 -0.0752105 0.455
         vertex 0.0136136 -0.0737017 0.455
         vertex 1.57166e-17 -0.08 0.455
      endloop
   endfacet
   facet normal 0 0 1
      outer loop
         vertex 0.0136136 -0.0737017 0.455
         vertex 0.0128529 -0.0722667 0.455
         vertex 1.57166e-17 -0.08 0.455
      endloop
   endfacet
   facet normal 0 0 1
      outer loop
         vertex 0.0128529 -0.0722667 0.455
         vertex 0.0119414 -0.0709224 0.455
         vertex 1.57166e-17 -0.08 0.455
      endloop
   endfacet
   facet normal 0 0 1
      outer loop
         vertex 0.0119414 -0.0709224 0.455
         vertex 0.0108899 -0.0696845 0.455
         vertex 1.57166e-17 -0.08 0.455
      endloop
   endfacet
   facet normal 0 0 1
      outer loop
         vertex 0.0108899 -0.0696845 0.455
         vertex 0.00971079 -0.0685676 0.455
         vertex 1.57166e-17 -0.08 0.455
      endloop
   endfacet
   facet normal 0 0 1
      outer loop
         vertex 0.00971079 -0.0685676 0.455
         vertex 0.00841781 -0.0675847 0.455
         vertex 1.57166e-17 -0.08 0.455
      endloop
   endfacet
   facet normal 0 0 1
      outer loop
         vertex 0.00841781 -0.0675847 0.455
         vertex 0.00702613 -0.0667473 0.455
         vertex 1.57166e-17 -0.08 0.455
      endloop
   endfacet
   facet normal 0 0 1
      outer loop
         vertex 0.00702613 -0.0667473 0.455
         vertex 0.00555207 -0.0660653 0.455
         vertex 1.57166e-17 -0.08 0.455
      endloop
   endfacet
   facet normal 0 0 1
      outer loop
         vertex 0.00555207 -0.0660653 0.455
         vertex 0.00401293 -0.0655468 0.455
         vertex 1.57166e-17 -0.08 0.455
      endloop
   endfacet
   facet normal 0 0 1
      outer loop
         vertex 0.00401293 -0.0655468 0.455
         vertex 0.00242673 -0.0651976 0.455
         vertex 1.57166e-17 -0.08 0.455
      endloop
   endfacet
   facet normal 0 0 1
      outer loop
         vertex 0.00242673 -0.0651976 0.455
         vertex 0.000812084 -0.065022 0.455
         vertex 1.57166e-17 -0.08 0.455
      endloop
   endfacet
   facet normal 0 0 1
      outer loop
         vertex 0.000812084 -0.065022 0.455
         vertex -0.000812084 -0.065022 0.455
         vertex 1.57166e-17 -0.08 0.455
      endloop
   endfacet
   facet normal 0 0 1
      outer loop
         vertex -0.000812084 -0.065022 0.455
         vertex -0.00242673 -0.0651976 0.455
         vertex 1.57166e-17 -0.08 0.455
      endloop
   endfacet
   facet normal 0 0 1
      outer loop
         vertex -0.00242673 -0.0651976 0.455
         vertex -0.00401293 -0.0655468 0.455
         vertex 1.57166e-17 -0.08 0.455
      endloop
   endfacet
   facet normal 0 0 1
      outer loop
         vertex -0.00401293 -0.0655468 0.455
         vertex -0.00555207 -0.0660653 0.455
         vertex 1.57166e-17 -0.08 0.455
      endloop
   endfacet
   facet normal 0 0 1
      outer loop
         vertex -0.00555207 -0.0660653 0.455
         vertex -0.00702613 -0.0667473 0.455
         vertex 1.57166e-17 -0.08 0.455
      endloop
   endfacet
   facet normal 0 0 1
      outer loop
         vertex -0.00702613 -0.0667473 0.455
         vertex -0.00841781 -0.0675847 0.455
         vertex 1.57166e-17 -0.08 0.455
      endloop
   endfacet
   facet normal 0 0 1
      outer loop
         vertex -0.00841781 -0.0675847 0.455
         vertex -0.00971079 -0.0685676 0.455
         vertex 1.57166e-17 -0.08 0.455
      endloop
   endfacet
   facet normal 0 0 1
      outer loop
         vertex -0.00971079 -0.0685676 0.455
         vertex -0.0108899 -0.0696845 0.455
         vertex 1.57166e-17 -0.08 0.455
      endloop
   endfacet
   facet normal 0 0 1
      outer loop
         vertex -0.0108899 -0.0696845 0.455
         vertex -0.0119414 -0.0709224 0.455
         vertex 1.57166e-17 -0.08 0.455
      endloop
   endfacet
   facet normal 0 0 1
      outer loop
         vertex -0.0119414 -0.0709224 0.455
         vertex -0.0128529 -0.0722667 0.455
         vertex 1.57166e-17 -0.08 0.455
      endloop
   endfacet
   facet normal 0 0 1
      outer loop
         vertex -0.0128529 -0.0722667 0.455
         vertex -0.0136136 -0.0737017 0.455
         vertex 1.57166e-17 -0.08 0.455
      endloop
   endfacet
   facet normal 0 0 1
      outer loop
         vertex -0.0136136 -0.0737017 0.455
         vertex -0.0142148 -0.0752105 0.455
         vertex 1.57166e-17 -0.08 0.455
      endloop
   endfacet
   facet normal 0 0 1
      outer loop
         vertex -0.0142148 -0.0752105 0.455
         vertex -0.0146493 -0.0767754 0.455
         vertex 1.57166e-17 -0.08 0.455
      endloop
   endfacet
   facet normal 0 0 1
      outer loop
         vertex -0.0146493 -0.0767754 0.455
         vertex -0.0149121 -0.0783782 0.455
         vertex 1.57166e-17 -0.08 0.455
      endloop
   endfacet
   facet normal 0 0 1
      outer loop
         vertex -0.0149121 -0.0783782 0.455
         vertex -0.015 -0.08 0.455
         vertex 1.57166e-17 -0.08 0.455
      endloop
   endfacet
   facet normal 0 0 1
      outer loop
         vertex -0.015 -0.08 0.455
         vertex -0.0149121 -0.0816218 0.455
         vertex 1.57166e-17 -0.08 0.455
      endloop
   endfacet
   facet normal 1 0 0
      outer loop
         vertex 0.015 -0.08 0.455
         vertex 0.015 -0.08 0.155
         vertex 0.0149121 -0.0783782 0.155
      endloop
   endfacet
   facet normal 0.994138 0.108119 0
      outer loop
         vertex 0.0149121 -0.0783782 0.455
         vertex 0.0149121 -0.0783782 0.155
         vertex 0.0146493 -0.0767754 0.155
      endloop
   endfacet
   facet normal 0.976621 0.21497 0
      outer loop
         vertex 0.0146493 -0.0767754 0.455
         vertex 0.0146493 -0.0767754 0.155
         vertex 0.0142148 -0.0752105 0.155
      endloop
   endfacet
   facet normal 0.947653 0.319302 0
      outer loop
         vertex 0.0142148 -0.0752105 0.455
         vertex 0.0142148 -0.0752105 0.155
         vertex 0.0136136 -0.0737017 0.155
      endloop
   endfacet
   facet normal 0.907575 0.419889 0
      outer loop
         vertex 0.0136136 -0.0737017 0.455
         vertex 0.0136136 -0.0737017 0.155
         vertex 0.0128529 -0.0722667 0.155
      endloop
   endfacet
   facet normal 0.856857 0.515554 0
      outer loop
         vertex 0.0128529 -0.0722667 0.455
         vertex 0.0128529 -0.0722667 0.155
         vertex 0.0119414 -0.0709224 0.155
      endloop
   endfacet
   facet normal 0.796093 0.605174 0
      outer loop
         vertex 0.0119414 -0.0709224 0.455
         vertex 0.0119414 -0.0709224 0.155
         vertex 0.0108899 -0.0696845 0.155
      endloop
   endfacet
   facet normal 0.725995 0.687699 0
      outer loop
         vertex 0.0108899 -0.0696845 0.455
         vertex 0.0108899 -0.0696845 0.155
         vertex 0.00971079 -0.0685676 0.155
      endloop
   endfacet
   facet normal 0.647386 0.762162 0
      outer loop
         vertex 0.00971079 -0.0685676 0.455
         vertex 0.00971079 -0.0685676 0.155
         vertex 0.00841781 -0.0675847 0.155
      endloop
   endfacet
   facet normal 0.561187 0.827689 0
      outer loop
         vertex 0.00841781 -0.0675847 0.455
         vertex 0.00841781 -0.0675847 0.155
         vertex 0.00702613 -0.0667473 0.155
      endloop
   endfacet
   facet normal 0.468408 0.883512 0
      outer loop
         vertex 0.00702613 -0.0667473 0.455
         vertex 0.00702613 -0.0667473 0.155
         vertex 0.00555207 -0.0660653 0.155
      endloop
   endfacet
   facet normal 0.370138 0.928977 0
      outer loop
         vertex 0.00555207 -0.0660653 0.455
         vertex 0.00555207 -0.0660653 0.155
         vertex 0.00401293 -0.0655468 0.155
      endloop
   endfacet
   facet normal 0.267528 0.96355 0
      outer loop
         vertex 0.00401293 -0.0655468 0.455
         vertex 0.00401293 -0.0655468 0.155
         vertex 0.00242673 -0.0651976 0.155
      endloop
   endfacet
   facet normal 0.161782 0.986827 0
      outer loop
         vertex 0.00242673 -0.0651976 0.455
         vertex 0.00242673 -0.0651976 0.155
         vertex 0.000812084 -0.065022 0.155
      endloop
   endfacet
   facet normal 0.0541389 0.998533 0
      outer loop
         vertex 0.000812084 -0.065022 0.455
         vertex 0.000812084 -0.065022 0.155
         vertex 1.38778e-17 -0.065 0.155
      endloop
   endfacet
   facet normal -1.60812e-16 1 0
      outer loop
         vertex 1.38778e-17 -0.065 0.155
         vertex -0.000812084 -0.065022 0.455
         vertex 0.000812084 -0.065022 0.455
      endloop
   endfacet
   facet normal -0.0541389 0.998533 0
      outer loop
         vertex -0.000812084 -0.065022 0.455
         vertex -0.000812084 -0.065022 0.155
         vertex -0.00242673 -0.0651976 0.155
      endloop
   endfacet
   facet normal -0.161782 0.986827 0
      outer loop
         vertex -0.00242673 -0.0651976 0.455
         vertex -0.00242673 -0.0651976 0.155
         vertex -0.00401293 -0.0655468 0.155
      endloop
   endfacet
   facet normal -0.267528 0.96355 0
      outer loop
         vertex -0.00401293 -0.0655468 0.455
         vertex -0.00401293 -0.0655468 0.155
         vertex -0.00555207 -0.0660653 0.155
      endloop
   endfacet
   facet normal -0.370138 0.928977 0
      outer loop
         vertex -0.00555207 -0.0660653 0.455
         vertex -0.00555207 -0.0660653 0.155
         vertex -0.00702613 -0.0667473 0.155
      endloop
   endfacet
   facet normal -0.468408 0.883512 0
      outer loop
         vertex -0.00702613 -0.0667473 0.455
         vertex -0.00702613 -0.0667473 0.155
         vertex -0.00841781 -0.0675847 0.155
      endloop
   endfacet
   facet normal -0.561187 0.827689 0
      outer loop
         vertex -0.00841781 -0.0675847 0.455
         vertex -0.00841781 -0.0675847 0.155
         vertex -0.00971079 -0.0685676 0.155
      endloop
   endfacet
   facet normal -0.647386 0.762162 0
      outer loop
         vertex -0.00971079 -0.0685676 0.455
         vertex -0.00971079 -0.0685676 0.155
         vertex -0.0108899 -0.0696845 0.155
      endloop
   endfacet
   facet normal -0.725995 0.687699 0
      outer loop
         vertex -0.0108899 -0.0696845 0.455
         vertex -0.0108899 -0.0696845 0.155
         vertex -0.0119414 -0.0709224 0.155
      endloop
   endfacet
   facet normal -0.796093 0.605174 0
      outer loop
         vertex -0.0119414 -0.0709224 0.455
         vertex -0.0119414 -0.0709224 0.155
         vertex -0.0128529 -0.0722667 0.155
      endloop
   endfacet
   facet normal -0.856857 0.515554 0
      outer loop
         vertex -0.0128529 -0.0722667 0.455
         vertex -0.0128529 -0.0722667 0.155
         vertex -0.0136136 -0.0737017 0.155
      endloop
   endfacet
   facet normal -0.907575 0.419889 0
      outer loop
         vertex -0.0136136 -0.0737017 0.455
         vertex -0.0136136 -0.0737017 0.155
         vertex -0.0142148 -0.0752105 0.155
      endloop
   endfacet
   facet normal -0.947653 0.319302 0
      outer loop
         vertex -0.0142148 -0.0752105 0.455
         vertex -0.0142148 -0.0752105 0.155
         vertex -0.0146493 -0.0767754 0.155
      endloop
   endfacet
   facet normal -0.976621 0.21497 0
      outer loop
         vertex -0.0146493 -0.0767754 0.455
         vertex -0.0146493 -0.0767754 0.155
         vertex -0.0149121 -0.0783782 0.155
      endloop
   endfacet
   facet normal -0.994138 0.108119 0
      outer loop
         vertex -0.0149121 -0.0783782 0.455
         vertex -0.0149121 -0.0783782 0.155
         vertex -0.015 -0.08 0.155
      endloop
   endfacet
   facet normal -1 1.22465e-16 0
      outer loop
         vertex -0.015 -0.08 0.455
         vertex -0.015 -0.08 0.155
         vertex -0.0149121 -0.0816218 0.155
      endloop
   endfacet
   facet normal -0.994138 -0.108119 0
      outer loop
         vertex -0.0149121 -0.0816218 0.455
         vertex -0.0149121 -0.0816218 0.155
         vertex -0.0146493 -0.0832246 0.155
      endloop
   endfacet
   facet normal -0.976621 -0.21497 0
      outer loop
         vertex -0.0146493 -0.0832246 0.455
         vertex -0.0146493 -0.0832246 0.155
         vertex -0.0142148 -0.0847895 0.155
      endloop
   endfacet
   facet normal -0.947653 -0.319302 0
      outer loop
         vertex -0.0142148 -0.0847895 0.455
         vertex -0.0142148 -0.0847895 0.155
         vertex -0.0136136 -0.0862983 0.155
      endloop
   endfacet
   facet normal -0.907575 -0.419889 0
      outer loop
         vertex -0.0136136 -0.0862983 0.455
         vertex -0.0136136 -0.0862983 0.155
         vertex -0.0128529 -0.0877333 0.155
      endloop
   endfacet
   facet normal -0.856857 -0.515554 0
      outer loop
         vertex -0.0128529 -0.0877333 0.455
         vertex -0.0128529 -0.0877333 0.155
         vertex -0.0119414 -0.0890776 0.155
      endloop
   endfacet
   facet normal -0.796093 -0.605174 0
      outer loop
         vertex -0.0119414 -0.0890776 0.455
         vertex -0.0119414 -0.0890776 0.155
         vertex -0.0108899 -0.0903155 0.155
      endloop
   endfacet
   facet normal -0.725995 -0.687699 0
      outer loop
         vertex -0.0108899 -0.0903155 0.455
         vertex -0.0108899 -0.0903155 0.155
         vertex -0.00971079 -0.0914324 0.155
      endloop
   endfacet
   facet normal -0.647386 -0.762162 0
      outer loop
         vertex -0.00971079 -0.0914324 0.455
         vertex -0.00971079 -0.0914324 0.155
         vertex -0.00841781 -0.0924153 0.155
      endloop
   endfacet
   facet normal -0.561187 -0.827689 0
      outer loop
         vertex -0.00841781 -0.0924153 0.455
         vertex -0.00841781 -0.0924153 0.155
         vertex -0.00702613 -0.0932527 0.155
      endloop
   endfacet
   facet normal -0.468408 -0.883512 0
      outer loop
         vertex -0.00702613 -0.0932527 0.455
         vertex -0.00702613 -0.0932527 0.155
         vertex -0.00555207 -0.0939347 0.155
      endloop
   endfacet
   facet normal -0.370138 -0.928977 0
      outer loop
         vertex -0.00555207 -0.0939347 0.455
         vertex -0.00555207 -0.0939347 0.155
         vertex -0.00401293 -0.0944532 0.155
      endloop
   endfacet
   facet normal -0.267528 -0.96355 0
      outer loop
         vertex -0.00401293 -0.0944532 0.455
         vertex -0.00401293 -0.0944532 0.155
         vertex -0.00242673 -0.0948024 0.155
      endloop
   endfacet
   facet normal -0.161782 -0.986827 0
      outer loop
         vertex -0.00242673 -0.0948024 0.455
         vertex -0.00242673 -0.0948024 0.155
         vertex -0.000812084 -0.094978 0.155
      endloop
   endfacet
   facet normal -0.0541389 -0.998533 0
      outer loop
         vertex -0.000812084 -0.094978 0.455
         vertex -0.000812084 -0.094978 0.155
         vertex 1.57166e-17 -0.095 0.155
      endloop
   endfacet
   facet normal -1.83697e-16 -1 0
      outer loop
         vertex 1.57166e-17 -0.095 0.155
         vertex 0.000812084 -0.094978 0.455
         vertex -0.000812084 -0.094978 0.455
      endloop
   endfacet
   facet normal 0.0541389 -0.998533 0
      outer loop
         vertex 0.000812084 -0.094978 0.455
         vertex 0.000812084 -0.094978 0.155
         vertex 0.00242673 -0.0948024 0.155
      endloop
   endfacet
   facet normal 0.161782 -0.986827 0
      outer loop
         vertex 0.00242673 -0.0948024 0.455
         vertex 0.00242673 -0.0948024 0.155
         vertex 0.00401293 -0.0944532 0.155
      endloop
   endfacet
   facet normal 0.267528 -0.96355 0
      outer loop
         vertex 0.00401293 -0.0944532 0.455
         vertex 0.00401293 -0.0944532 0.155
         vertex 0.00555207 -0.0939347 0.155
      endloop
   endfacet
   facet normal 0.370138 -0.928977 0
      outer loop
         vertex 0.00555207 -0.0939347 0.455
         vertex 0.00555207 -0.0939347 0.155
         vertex 0.00702613 -0.0932527 0.155
      endloop
   endfacet
   facet normal 0.468408 -0.883512 0
      outer loop
         vertex 0.00702613 -0.0932527 0.455
         vertex 0.00702613 -0.0932527 0.155
         vertex 0.00841781 -0.0924153 0.155
      endloop
   endfacet
   facet normal 0.561187 -0.827689 0
      outer loop
         vertex 0.00841781 -0.0924153 0.455
         vertex 0.00841781 -0.0924153 0.155
         vertex 0.00971079 -0.0914324 0.155
      endloop
   endfacet
   facet normal 0.647386 -0.762162 0
      outer loop
         vertex 0.00971079 -0.0914324 0.455
         vertex 0.00971079 -0.0914324 0.155
         vertex 0.0108899 -0.0903155 0.155
      endloop
   endfacet
   facet normal 0.725995 -0.687699 0
      outer loop
         vertex 0.0108899 -0.0903155 0.455
         vertex 0.0108899 -0.0903155 0.155
         vertex 0.0119414 -0.0890776 0.155
      endloop
   endfacet
   facet normal 0.796093 -0.605174 0
      outer loop
         vertex 0.0119414 -0.0890776 0.455
         vertex 0.0119414 -0.0890776 0.155
         vertex 0.0128529 -0.0877333 0.155
      endloop
   endfacet
   facet normal 0.856857 -0.515554 0
      outer loop
         vertex 0.0128529 -0.0877333 0.455
         vertex 0.0128529 -0.0877333 0.155
         vertex 0.0136136 -0.0862983 0.155
      endloop
   endfacet
   facet normal 0.907575 -0.419889 0
      outer loop
         vertex 0.0136136 -0.0862983 0.455
         vertex 0.0136136 -0.0862983 0.155
         vertex 0.0142148 -0.0847895 0.155
      endloop
   endfacet
   facet normal 0.947653 -0.319302 0
      outer loop
         vertex 0.0142148 -0.0847895 0.455
         vertex 0.0142148 -0.0847895 0.155
         vertex 0.0146493 -0.0832246 0.155
      endloop
   endfacet
   facet normal 0.976621 -0.21497 0
      outer loop
         vertex 0.0146493 -0.0832246 0.455
         vertex 0.0146493 -0.0832246 0.155
         vertex 0.0149121 -0.0816218 0.155
      endloop
   endfacet
   facet normal 0.994138 -0.108119 0
      outer loop
         vertex 0.0149121 -0.0816218 0.455
         vertex 0.0149121 -0.0816218 0.155
         vertex 0.015 -0.08 0.155
      endloop
   endfacet
   facet normal 1 0 0
      outer loop
         vertex 0.015 -0.08 0.155
         vertex 0.015 -0.08 0.455
         vertex 0.0149121 -0.0816218 0.455
      endloop
   endfacet
   facet normal 0.994138 -0.108119 0
      outer loop
         vertex 0.0149121 -0.0816218 0.155
         vertex 0.0149121 -0.0816218 0.455
         vertex 0.0146493 -0.0832246 0.455
      endloop
   endfacet
   facet normal 0.976621 -0.21497 0
      outer loop
         vertex 0.0146493 -0.0832246 0.155
         vertex 0.0146493 -0.0832246 0.455
         vertex 0.0142148 -0.0847895 0.455
      endloop
   endfacet
   facet normal 0.947653 -0.319302 0
      outer loop
         vertex 0.0142148 -0.0847895 0.155
         vertex 0.0142148 -0.0847895 0.455
         vertex 0.0136136 -0.0862983 0.455
      endloop
   endfacet
   facet normal 0.907575 -0.419889 0
      outer loop
         vertex 0.0136136 -0.0862983 0.155
         vertex 0.0136136 -0.0862983 0.455
         vertex 0.0128529 -0.0877333 0.455
      endloop
   endfacet
   facet normal 0.856857 -0.515554 0
      outer loop
         vertex 0.0128529 -0.0877333 0.155
         vertex 0.0128529 -0.0877333 0.455
         vertex 0.0119414 -0.0890776 0.455
      endloop
   endfacet
   facet normal 0.796093 -0.605174 0
      outer loop
         vertex 0.0119414 -0.0890776 0.155
         vertex 0.0119414 -0.0890776 0.455
         vertex 0.0108899 -0.0903155 0.455
      endloop
   endfacet
   facet normal 0.725995 -0.687699 0
      outer loop
         vertex 0.0108899 -0.0903155 0.155
         vertex 0.0108899 -0.0903155 0.455
         vertex 0.00971079 -0.0914324 0.455
      endloop
   endfacet
   facet normal 0.647386 -0.762162 0
      outer loop
         vertex 0.00971079 -0.0914324 0.155
         vertex 0.00971079 -0.0914324 0.455
         vertex 0.00841781 -0.0924153 0.455
      endloop
   endfacet
   facet normal 0.561187 -0.827689 0
      outer loop
         vertex 0.00841781 -0.0924153 0.155
         vertex 0.00841781 -0.0924153 0.455
         vertex 0.00702613 -0.0932527 0.455
      endloop
   endfacet
   facet normal 0.468408 -0.883512 0
      outer loop
         vertex 0.00702613 -0.0932527 0.155
         vertex 0.00702613 -0.0932527 0.455
         vertex 0.00555207 -0.0939347 0.455
      endloop
   endfacet
   facet normal 0.370138 -0.928977 0
      outer loop
         vertex 0.00555207 -0.0939347 0.155
         vertex 0.00555207 -0.0939347 0.455
         vertex 0.00401293 -0.0944532 0.455
      endloop
   endfacet
   facet normal 0.267528 -0.96355 0
      outer loop
         vertex 0.00401293 -0.0944532 0.155
         vertex 0.00401293 -0.0944532 0.455
         vertex 0.00242673 -0.0948024 0.455
      endloop
   endfacet
   facet normal 0.161782 -0.986827 0
      outer loop
         vertex 0.00242673 -0.0948024 0.155
         vertex 0.00242673 -0.0948024 0.455
         vertex 0.000812084 -0.094978 0.455
      endloop
   endfacet
   facet normal -1.83697e-16 -1 0
      outer loop
         vertex 1.57166e-17 -0.095 0.155
         vertex 0.000812084 -0.094978 0.155
         vertex 0.000812084 -0.094978 0.455
      endloop
   endfacet
   facet normal -0.0541389 -0.998533 0
      outer loop
         vertex -0.000812084 -0.094978 0.155
         vertex -0.000812084 -0.094978 0.455
         vertex -0.00242673 -0.0948024 0.455
      endloop
   endfacet
   facet normal -0.161782 -0.986827 0
      outer loop
         vertex -0.00242673 -0.0948024 0.155
         vertex -0.00242673 -0.0948024 0.455
         vertex -0.00401293 -0.0944532 0.455
      endloop
   endfacet
   facet normal -0.267528 -0.96355 0
      outer loop
         vertex -0.00401293 -0.0944532 0.155
         vertex -0.00401293 -0.0944532 0.455
         vertex -0.00555207 -0.0939347 0.455
      endloop
   endfacet
   facet normal -0.370138 -0.928977 0
      outer loop
         vertex -0.00555207 -0.0939347 0.155
         vertex -0.00555207 -0.0939347 0.455
         vertex -0.00702613 -0.0932527 0.455
      endloop
   endfacet
   facet normal -0.468408 -0.883512 0
      outer loop
         vertex -0.00702613 -0.0932527 0.155
         vertex -0.00702613 -0.0932527 0.455
         vertex -0.00841781 -0.0924153 0.455
      endloop
   endfacet
   facet normal -0.561187 -0.827689 0
      outer loop
         vertex -0.00841781 -0.0924153 0.155
         vertex -0.00841781 -0.0924153 0.455
         vertex -0.00971079 -0.0914324 0.455
      endloop
   endfacet
   facet normal -0.647386 -0.762162 0
      outer loop
         vertex -0.00971079 -0.0914324 0.155
         vertex -0.00971079 -0.0914324 0.455
         vertex -0.0108899 -0.0903155 0.455
      endloop
   endfacet
   facet normal -0.725995 -0.687699 0
      outer loop
         vertex -0.0108899 -0.0903155 0.155
         vertex -0.0108899 -0.0903155 0.455
         vertex -0.0119414 -0.0890776 0.455
      endloop
   endfacet
   facet normal -0.796093 -0.605174 0
      outer loop
         vertex -0.0119414 -0.0890776 0.155
         vertex -0.0119414 -0.0890776 0.455
         vertex -0.0128529 -0.0877333 0.455
      endloop
   endfacet
   facet normal -0.856857 -0.515554 0
      outer loop
         vertex -0.0128529 -0.0877333 0.155
         vertex -0.0128529 -0.0877333 0.455
         vertex -0.0136136 -0.0862983 0.455
      endloop
   endfacet
   facet normal -0.907575 -0.419889 0
      outer loop
         vertex -0.0136136 -0.0862983 0.155
         vertex -0.0136136 -0.0862983 0.455
         vertex -0.0142148 -0.0847895 0.455
      endloop
   endfacet
   facet normal -0.947653 -0.319302 0
      outer loop
         vertex -0.0142148 -0.0847895 0.155
         vertex -0.0142148 -0.0847895 0.455
         vertex -0.0146493 -0.0832246 0.455
      endloop
   endfacet
   facet normal -0.976621 -0.21497 0
      outer loop
         vertex -0.0146493 -0.0832246 0.155
         vertex -0.0146493 -0.0832246 0.455
         vertex -0.0149121 -0.0816218 0.455
      endloop
   endfacet
   facet normal -0.994138 -0.108119 0
      outer loop
         vertex -0.0149121 -0.0816218 0.155
         vertex -0.0149121 -0.0816218 0.455
         vertex -0.015 -0.08 0.455
      endloop
   endfacet
   facet normal -1 1.22465e-16 0
      outer loop
         vertex -0.015 -0.08 0.155
         vertex -0.015 -0.08 0.455
         vertex -0.0149121 -0.0783782 0.455
      endloop
   endfacet
   facet normal -0.994138 0.108119 0
      outer loop
         vertex -0.0149121 -0.0783782 0.155
         vertex -0.0149121 -0.0783782 0.455
         vertex -0.0146493 -0.0767754 0.455
      endloop
   endfacet
   facet normal -0.976621 0.21497 0
      outer loop
         vertex -0.0146493 -0.0767754 0.155
         vertex -0.0146493 -0.0767754 0.455
         vertex -0.0142148 -0.0752105 0.455
      endloop
   endfacet
   facet normal -0.947653 0.319302 0
      outer loop
         vertex -0.0142148 -0.0752105 0.155
         vertex -0.0142148 -0.0752105 0.455
         vertex -0.0136136 -0.0737017 0.455
      endloop
   endfacet
   facet normal -0.907575 0.419889 0
      outer loop
         vertex -0.0136136 -0.0737017 0.155
         vertex -0.0136136 -0.0737017 0.455
         vertex -0.0128529 -0.0722667 0.455
      endloop
   endfacet
   facet normal -0.856857 0.515554 0
      outer loop
         vertex -0.0128529 -0.0722667 0.155
         vertex -0.0128529 -0.0722667 0.455
         vertex -0.0119414 -0.0709224 0.455
      endloop
   endfacet
   facet normal -0.796093 0.605174 0
      outer loop
         vertex -0.0119414 -0.0709224 0.155
         vertex -0.0119414 -0.0709224 0.455
         vertex -0.0108899 -0.0696845 0.455
      endloop
   endfacet
   facet normal -0.725995 0.687699 0
      outer loop
         vertex -0.0108899 -0.0696845 0.155
         vertex -0.0108899 -0.0696845 0.455
         vertex -0.00971079 -0.0685676 0.455
      endloop
   endfacet
   facet normal -0.647386 0.762162 0
      outer loop
         vertex -0.00971079 -0.0685676 0.155
         vertex -0.00971079 -0.0685676 0.455
         vertex -0.00841781 -0.0675847 0.455
      endloop
   endfacet
   facet normal -0.561187 0.827689 0
      outer loop
         vertex -0.00841781 -0.0675847 0.155
         vertex -0.00841781 -0.0675847 0.455
         vertex -0.00702613 -0.0667473 0.455
      endloop
   endfacet
   facet normal -0.468408 0.883512 0
      outer loop
         vertex -0.00702613 -0.0667473 0.155
         vertex -0.00702613 -0.0667473 0.455
         vertex -0.00555207 -0.0660653 0.455
      endloop
   endfacet
   facet normal -0.370138 0.928977 0
      outer loop
         vertex -0.00555207 -0.0660653 0.155
         vertex -0.00555207 -0.0660653 0.455
         vertex -0.00401293 -0.0655468 0.455
      endloop
   endfacet
   facet normal -0.267528 0.96355 0
      outer loop
         vertex -0.00401293 -0.0655468 0.155
         vertex -0.00401293 -0.0655468 0.455
         vertex -0.00242673 -0.0651976 0.455
      endloop
   endfacet
   facet normal -0.161782 0.986827 0
      outer loop
         vertex -0.00242673 -0.0651976 0.155
         vertex -0.00242673 -0.0651976 0.455
         vertex -0.000812084 -0.065022 0.455
      endloop
   endfacet
   facet normal -1.60812e-16 1 0
      outer loop
         vertex 1.38778e-17 -0.065 0.155
         vertex -0.000812084 -0.065022 0.155
         vertex -0.000812084 -0.065022 0.455
      endloop
   endfacet
   facet normal 0.0541389 0.998533 0
      outer loop
         vertex 0.000812084 -0.065022 0.155
         vertex 0.000812084 -0.065022 0.455
         vertex 0.00242673 -0.0651976 0.455
      endloop
   endfacet
   facet normal 0.161782 0.986827 0
      outer loop
         vertex 0.00242673 -0.0651976 0.155
         vertex 0.00242673 -0.0651976 0.455
         vertex 0.00401293 -0.0655468 0.455
      endloop
   endfacet
   facet normal 0.267528 0.96355 0
      outer loop
         vertex 0.00401293 -0.0655468 0.155
         vertex 0.00401293 -0.0655468 0.455
         vertex 0.00555207 -0.0660653 0.455
      endloop
   endfacet
   facet normal 0.370138 0.928977 0
      outer loop
         vertex 0.00555207 -0.0660653 0.155
         vertex 0.00555207 -0.0660653 0.455
         vertex 0.00702613 -0.0667473 0.455
      endloop
   endfacet
   facet normal 0.468408 0.883512 0
      outer loop
         vertex 0.00702613 -0.0667473 0.155
         vertex 0.00702613 -0.0667473 0.455
         vertex 0.00841781 -0.0675847 0.455
      endloop
   endfacet
   facet normal 0.561187 0.827689 0
      outer loop
         vertex 0.00841781 -0.0675847 0.155
         vertex 0.00841781 -0.0675847 0.455
         vertex 0.00971079 -0.0685676 0.455
      endloop
   endfacet
   facet normal 0.647386 0.762162 0
      outer loop
         vertex 0.00971079 -0.0685676 0.155
         vertex 0.00971079 -0.0685676 0.455
         vertex 0.0108899 -0.0696845 0.455
      endloop
   endfacet
   facet normal 0.725995 0.687699 0
      outer loop
         vertex 0.0108899 -0.0696845 0.155
         vertex 0.0108899 -0.0696845 0.455
         vertex 0.0119414 -0.0709224 0.455
      endloop
   endfacet
   facet normal 0.796093 0.605174 0
      outer loop
         vertex 0.0119414 -0.0709224 0.155
         vertex 0.0119414 -0.0709224 0.455
         vertex 0.0128529 -0.0722667 0.455
      endloop
   endfacet
   facet normal 0.856857 0.515554 0
      outer loop
         vertex 0.0128529 -0.0722667 0.155
         vertex 0.0128529 -0.0722667 0.455
         vertex 0.0136136 -0.0737017 0.455
      endloop
   endfacet
   facet normal 0.907575 0.419889 0
      outer loop
         vertex 0.0136136 -0.0737017 0.155
         vertex 0.0136136 -0.0737017 0.455
         vertex 0.0142148 -0.0752105 0.455
      endloop
   endfacet
   facet normal 0.947653 0.319302 0
      outer loop
         vertex 0.0142148 -0.0752105 0.155
         vertex 0.0142148 -0.0752105 0.455
         vertex 0.0146493 -0.0767754 0.455
      endloop
   endfacet
   facet normal 0.976621 0.21497 0
      outer loop
         vertex 0.0146493 -0.0767754 0.155
         vertex 0.0146493 -0.0767754 0.455
         vertex 0.0149121 -0.0783782 0.455
      endloop
   endfacet
   facet normal 0.994138 0.108119 0
      outer loop
         vertex 0.0149121 -0.0783782 0.155
         vertex 0.0149121 -0.0783782 0.455
         vertex 0.015 -0.08 0.455
      endloop
   endfacet
   facet normal 0 0 1
      outer loop
         vertex 0.06 -0.095 0.155
         vertex 0.06 -0.065 0.155
         vertex 0.015 -0.08 0.155
      endloop
   endfacet
   facet normal 0 0 1
      outer loop
         vertex 0.015 -0.08 0.155
         vertex 0.0149121 -0.0816218 0.155
         vertex 0.06 -0.095 0.155
      endloop
   endfacet
   facet normal 0 0 1
      outer loop
         vertex 0.06 -0.065 0.155
         vertex 0.0146493 -0.0767754 0.155
         vertex 0.0149121 -0.0783782 0.155
      endloop
   endfacet
   facet normal 0 0 1
      outer loop
         vertex 0.0149121 -0.0816218 0.155
         vertex 0.0146493 -0.0832246 0.155
         vertex 0.06 -0.095 0.155
      endloop
   endfacet
   facet normal 0 0 1
      outer loop
         vertex 0.06 -0.065 0.155
         vertex 0.0142148 -0.0752105 0.155
         vertex 0.0146493 -0.0767754 0.155
      endloop
   endfacet
   facet normal 0 0 1
      outer loop
         vertex 0.06 -0.095 0.155
         vertex 0.0142148 -0.0847895 0.155
         vertex 0.0136136 -0.0862983 0.155
      endloop
   endfacet
   facet normal 0 0 1
      outer loop
         vertex 0.0149121 -0.0783782 0.155
         vertex 0.015 -0.08 0.155
         vertex 0.06 -0.065 0.155
      endloop
   endfacet
   facet normal 0 0 1
      outer loop
         vertex 0.0146493 -0.0832246 0.155
         vertex 0.0142148 -0.0847895 0.155
         vertex 0.06 -0.095 0.155
      endloop
   endfacet
   facet normal 0 0 1
      outer loop
         vertex 0.06 -0.065 0.155
         vertex 0.0128529 -0.0722667 0.155
         vertex 0.0136136 -0.0737017 0.155
      endloop
   endfacet
   facet normal 0 0 1
      outer loop
         vertex 0.06 -0.095 0.155
         vertex 0.00702613 -0.0932527 0.155
         vertex 0.00555207 -0.0939347 0.155
      endloop
   endfacet
   facet normal 0 0 1
      outer loop
         vertex 0.0136136 -0.0737017 0.155
         vertex 0.0142148 -0.0752105 0.155
         vertex 0.06 -0.065 0.155
      endloop
   endfacet
   facet normal 0 0 1
      outer loop
         vertex 0.06 -0.065 0.155
         vertex 0.0108899 -0.0696845 0.155
         vertex 0.0119414 -0.0709224 0.155
      endloop
   endfacet
   facet normal 0 0 1
      outer loop
         vertex 0.06 -0.095 0.155
         vertex 0.00242673 -0.0948024 0.155
         vertex 0.000812084 -0.094978 0.155
      endloop
   endfacet
   facet normal 0 0 1
      outer loop
         vertex 0.06 -0.095 0.155
         vertex 0.00841781 -0.0924153 0.155
         vertex 0.00702613 -0.0932527 0.155
      endloop
   endfacet
   facet normal 0 0 1
      outer loop
         vertex 0.06 -0.095 0.155
         vertex 0.0108899 -0.0903155 0.155
         vertex 0.00971079 -0.0914324 0.155
      endloop
   endfacet
   facet normal 0 0 1
      outer loop
         vertex 0.06 -0.095 0.155
         vertex 0.0128529 -0.0877333 0.155
         vertex 0.0119414 -0.0890776 0.155
      endloop
   endfacet
   facet normal 0 0 1
      outer loop
         vertex 0.0119414 -0.0709224 0.155
         vertex 0.0128529 -0.0722667 0.155
         vertex 0.06 -0.065 0.155
      endloop
   endfacet
   facet normal 0 0 1
      outer loop
         vertex 0.06 -0.065 0.155
         vertex 0.00702613 -0.0667473 0.155
         vertex 0.00841781 -0.0675847 0.155
      endloop
   endfacet
   facet normal 0 0 1
      outer loop
         vertex 0.06 -0.095 0.155
         vertex 0.00401293 -0.0944532 0.155
         vertex 0.00242673 -0.0948024 0.155
      endloop
   endfacet
   facet normal 0 0 1
      outer loop
         vertex 0.00971079 -0.0914324 0.155
         vertex 0.00841781 -0.0924153 0.155
         vertex 0.06 -0.095 0.155
      endloop
   endfacet
   facet normal 0 0 1
      outer loop
         vertex 0.0136136 -0.0862983 0.155
         vertex 0.0128529 -0.0877333 0.155
         vertex 0.06 -0.095 0.155
      endloop
   endfacet
   facet normal 0 0 1
      outer loop
         vertex 0.00841781 -0.0675847 0.155
         vertex 0.00971079 -0.0685676 0.155
         vertex 0.06 -0.065 0.155
      endloop
   endfacet
   facet normal 0 0 1
      outer loop
         vertex 0.06 -0.065 0.155
         vertex 1.38778e-17 -0.065 0.155
         vertex 0.000812084 -0.065022 0.155
      endloop
   endfacet
   facet normal 0 0 1
      outer loop
         vertex 0.00555207 -0.0939347 0.155
         vertex 0.00401293 -0.0944532 0.155
         vertex 0.06 -0.095 0.155
      endloop
   endfacet
   facet normal 0 0 1
      outer loop
         vertex 0.00971079 -0.0685676 0.155
         vertex 0.0108899 -0.0696845 0.155
         vertex 0.06 -0.065 0.155
      endloop
   endfacet
   facet normal 0 0 1
      outer loop
         vertex 0.06 -0.065 0.155
         vertex 0.00401293 -0.0655468 0.155
         vertex 0.00555207 -0.0660653 0.155
      endloop
   endfacet
   facet normal 0 0 1
      outer loop
         vertex 0.000812084 -0.065022 0.155
         vertex 0.00242673 -0.0651976 0.155
         vertex 0.06 -0.065 0.155
      endloop
   endfacet
   facet normal 0 0 1
      outer loop
         vertex 0.0119414 -0.0890776 0.155
         vertex 0.0108899 -0.0903155 0.155
         vertex 0.06 -0.095 0.155
      endloop
   endfacet
   facet normal 0 0 1
      outer loop
         vertex 0.00242673 -0.0651976 0.155
         vertex 0.00401293 -0.0655468 0.155
         vertex 0.06 -0.065 0.155
      endloop
   endfacet
   facet normal 0 0 1
      outer loop
         vertex 0.00555207 -0.0660653 0.155
         vertex 0.00702613 -0.0667473 0.155
         vertex 0.06 -0.065 0.155
      endloop
   endfacet
   facet normal 0 0 1
      outer loop
         vertex 0.000812084 -0.094978 0.155
         vertex 1.57166e-17 -0.095 0.155
         vertex 0.06 -0.095 0.155
      endloop
   endfacet
   facet normal 0 0 1
      outer loop
         vertex -0.06 -0.065 0.155
         vertex -0.06 -0.095 0.155
         vertex -0.015 -0.08 0.155
      endloop
   endfacet
   facet normal 0 0 1
      outer loop
         vertex -0.06 -0.095 0.155
         vertex -0.0146493 -0.0832246 0.155
         vertex -0.0149121 -0.0816218 0.155
      endloop
   endfacet
   facet normal 0 0 1
      outer loop
         vertex -0.06 -0.095 0.155
         vertex -0.0128529 -0.0877333 0.155
         vertex -0.0136136 -0.0862983 0.155
      endloop
   endfacet
   facet normal 0 0 1
      outer loop
         vertex -0.015 -0.08 0.155
         vertex -0.0149121 -0.0783782 0.155
         vertex -0.06 -0.065 0.155
      endloop
   endfacet
   facet normal 0 0 1
      outer loop
         vertex -0.06 -0.095 0.155
         vertex -0.0142148 -0.0847895 0.155
         vertex -0.0146493 -0.0832246 0.155
      endloop
   endfacet
   facet normal 0 0 1
      outer loop
         vertex -0.06 -0.095 0.155
         vertex -0.0119414 -0.0890776 0.155
         vertex -0.0128529 -0.0877333 0.155
      endloop
   endfacet
   facet normal 0 0 1
      outer loop
         vertex -0.06 -0.065 0.155
         vertex -0.00971079 -0.0685676 0.155
         vertex -0.00841781 -0.0675847 0.155
      endloop
   endfacet
   facet normal 0 0 1
      outer loop
         vertex -0.06 -0.065 0.155
         vertex -0.0136136 -0.0737017 0.155
         vertex -0.0128529 -0.0722667 0.155
      endloop
   endfacet
   facet normal 0 0 1
      outer loop
         vertex -0.06 -0.065 0.155
         vertex -0.0146493 -0.0767754 0.155
         vertex -0.0142148 -0.0752105 0.155
      endloop
   endfacet
   facet normal 0 0 1
      outer loop
         vertex -0.0149121 -0.0816218 0.155
         vertex -0.015 -0.08 0.155
         vertex -0.06 -0.095 0.155
      endloop
   endfacet
   facet normal 0 0 1
      outer loop
         vertex -0.06 -0.095 0.155
         vertex -0.0108899 -0.0903155 0.155
         vertex -0.0119414 -0.0890776 0.155
      endloop
   endfacet
   facet normal 0 0 1
      outer loop
         vertex -0.06 -0.065 0.155
         vertex -0.0108899 -0.0696845 0.155
         vertex -0.00971079 -0.0685676 0.155
      endloop
   endfacet
   facet normal 0 0 1
      outer loop
         vertex -0.0142148 -0.0752105 0.155
         vertex -0.0136136 -0.0737017 0.155
         vertex -0.06 -0.065 0.155
      endloop
   endfacet
   facet normal 0 0 1
      outer loop
         vertex -0.0136136 -0.0862983 0.155
         vertex -0.0142148 -0.0847895 0.155
         vertex -0.06 -0.095 0.155
      endloop
   endfacet
   facet normal 0 0 1
      outer loop
         vertex -0.06 -0.065 0.155
         vertex -0.0119414 -0.0709224 0.155
         vertex -0.0108899 -0.0696845 0.155
      endloop
   endfacet
   facet normal 0 0 1
      outer loop
         vertex -0.0149121 -0.0783782 0.155
         vertex -0.0146493 -0.0767754 0.155
         vertex -0.06 -0.065 0.155
      endloop
   endfacet
   facet normal 0 0 1
      outer loop
         vertex -0.06 -0.065 0.155
         vertex -0.00702613 -0.0667473 0.155
         vertex -0.00555207 -0.0660653 0.155
      endloop
   endfacet
   facet normal 0 0 1
      outer loop
         vertex -0.0128529 -0.0722667 0.155
         vertex -0.0119414 -0.0709224 0.155
         vertex -0.06 -0.065 0.155
      endloop
   endfacet
   facet normal 0 0 1
      outer loop
         vertex -0.06 -0.095 0.155
         vertex -0.00702613 -0.0932527 0.155
         vertex -0.00841781 -0.0924153 0.155
      endloop
   endfacet
   facet normal 0 0 1
      outer loop
         vertex -0.06 -0.065 0.155
         vertex -0.00242673 -0.0651976 0.155
         vertex -0.000812084 -0.065022 0.155
      endloop
   endfacet
   facet normal 0 0 1
      outer loop
         vertex -0.00841781 -0.0675847 0.155
         vertex -0.00702613 -0.0667473 0.155
         vertex -0.06 -0.065 0.155
      endloop
   endfacet
   facet normal 0 0 1
      outer loop
         vertex -0.00841781 -0.0924153 0.155
         vertex -0.00971079 -0.0914324 0.155
         vertex -0.06 -0.095 0.155
      endloop
   endfacet
   facet normal 0 0 1
      outer loop
         vertex -0.06 -0.095 0.155
         vertex 1.57166e-17 -0.095 0.155
         vertex -0.000812084 -0.094978 0.155
      endloop
   endfacet
   facet normal 0 0 1
      outer loop
         vertex -0.06 -0.065 0.155
         vertex -0.00401293 -0.0655468 0.155
         vertex -0.00242673 -0.0651976 0.155
      endloop
   endfacet
   facet normal 0 0 1
      outer loop
         vertex -0.00971079 -0.0914324 0.155
         vertex -0.0108899 -0.0903155 0.155
         vertex -0.06 -0.095 0.155
      endloop
   endfacet
   facet normal 0 0 1
      outer loop
         vertex -0.06 -0.095 0.155
         vertex -0.00401293 -0.0944532 0.155
         vertex -0.00555207 -0.0939347 0.155
      endloop
   endfacet
   facet normal 0 0 1
      outer loop
         vertex -0.000812084 -0.094978 0.155
         vertex -0.00242673 -0.0948024 0.155
         vertex -0.06 -0.095 0.155
      endloop
   endfacet
   facet normal 0 0 1
      outer loop
         vertex -0.00555207 -0.0660653 0.155
         vertex -0.00401293 -0.0655468 0.155
         vertex -0.06 -0.065 0.155
      endloop
   endfacet
   facet normal 0 0 1
      outer loop
         vertex -0.00242673 -0.0948024 0.155
         vertex -0.00401293 -0.0944532 0.155
         vertex -0.06 -0.095 0.155
      endloop
   endfacet
   facet normal 0 0 1
      outer loop
         vertex -0.00555207 -0.0939347 0.155
         vertex -0.00702613 -0.0932527 0.155
         vertex -0.06 -0.095 0.155
      endloop
   endfacet
   facet normal 0 0 1
      outer loop
         vertex -0.000812084 -0.065022 0.155
         vertex 1.38778e-17 -0.065 0.155
         vertex -0.06 -0.065 0.155
      endloop
   endfacet
   facet normal 0 1 0
      outer loop
         vertex -0.06 -0.065 0.055
         vertex -0.06 -0.065 0.155
         vertex 1.38778e-17 -0.065 0.155
      endloop
   endfacet
   facet normal 0 1 0
      outer loop
         vertex 1.38778e-17 -0.065 0.155
         vertex 0.06 -0.065 0.055
         vertex -0.06 -0.065 0.055
      endloop
   endfacet
   facet normal 0 1 0
      outer loop
         vertex 1.38778e-17 -0.065 0.155
         vertex 0.06 -0.065 0.155
         vertex 0.06 -0.065 0.055
      endloop
   endfacet
   facet normal 0 -1 0
      outer loop
         vertex -0.06 -0.095 0.055
         vertex 0.06 -0.095 0.055
         vertex 1.57166e-17 -0.095 0.155
      endloop
   endfacet
   facet normal 0 -1 0
      outer loop
         vertex 0.06 -0.095 0.055
         vertex 0.06 -0.095 0.155
         vertex 1.57166e-17 -0.095 0.155
      endloop
   endfacet
   facet normal 0 -1 0
      outer loop
         vertex 1.57166e-17 -0.095 0.155
         vertex -0.06 -0.095 0.155
         vertex -0.06 -0.095 0.055
      endloop
   endfacet
   facet normal 1 0 0
      outer loop
         vertex 0.06 -0.065 0.055
         vertex 0.06 -0.065 0.155
         vertex 0.06 -0.095 0.155
      endloop
   endfacet
   facet normal 1 0 0
      outer loop
         vertex 0.06 -0.095 0.155
         vertex 0.06 -0.095 0.055
         vertex 0.06 -0.065 0.055
      endloop
   endfacet
   facet normal -1 0 0
      outer loop
         vertex -0.06 -0.095 0.055
         vertex -0.06 -0.095 0.155
         vertex -0.06 -0.065 0.155
      endloop
   endfacet
   facet normal -1 0 0
      outer loop
         vertex -0.06 -0.065 0.155
         vertex -0.06 -0.065 0.055
         vertex -0.06 -0.095 0.055
      endloop
   endfacet
   facet normal 0 0 -1
      outer loop
         vertex 0.0195987 -0.0785547 0.055
         vertex 0.00146493 -0.0796775 0.055
         vertex 0.00142148 -0.079521 0.055
      endloop
   endfacet
   facet normal 0 0 -1
      outer loop
         vertex 0.0195987 -0.0785547 0.055
         vertex 0.00149121 -0.0801622 0.055
         vertex 0.0015 -0.08 0.055
      endloop
   endfacet
   facet normal 0 0 -1
      outer loop
         vertex 0.0195987 -0.0785547 0.055
         vertex 0.00149121 -0.0798378 0.055
         vertex 0.00146493 -0.0796775 0.055
      endloop
   endfacet
   facet normal 0 0 -1
      outer loop
         vertex 0.0195987 -0.0785547 0.055
         vertex 0.00146493 -0.0803225 0.055
         vertex 0.00149121 -0.0801622 0.055
      endloop
   endfacet
   facet normal 0 0 -1
      outer loop
         vertex 0.0015 -0.08 0.055
         vertex 0.00149121 -0.0798378 0.055
         vertex 0.0195987 -0.0785547 0.055
      endloop
   endfacet
   facet normal 0 0 -1
      outer loop
         vertex 0.00142148 -0.079521 0.055
         vertex 0.00136136 -0.0793702 0.055
         vertex 0.0195987 -0.0785547 0.055
      endloop
   endfacet
   facet normal 0 0 -1
      outer loop
         vertex 0.0195987 -0.0785547 0.055
         vertex 0.00136136 -0.0806298 0.055
         vertex 0.00142148 -0.080479 0.055
      endloop
   endfacet
   facet normal 0 0 -1
      outer loop
         vertex -0.06 -0.095 0.055
         vertex -8.12084e-05 -0.0814978 0.055
         vertex 8.12084e-05 -0.0814978 0.055
      endloop
   endfacet
   facet normal 0 0 -1
      outer loop
         vertex -0.06 -0.095 0.055
         vertex -0.000401293 -0.0814453 0.055
         vertex -0.000242673 -0.0814802 0.055
      endloop
   endfacet
   facet normal 0 0 -1
      outer loop
         vertex -0.06 -0.095 0.055
         vertex -0.0200812 -0.0814978 0.055
         vertex -0.0199188 -0.0814978 0.055
      endloop
   endfacet
   facet normal 0 0 -1
      outer loop
         vertex -0.06 -0.095 0.055
         vertex -0.0204013 -0.0814453 0.055
         vertex -0.0202427 -0.0814802 0.055
      endloop
   endfacet
   facet normal 0 0 -1
      outer loop
         vertex 0.0195987 -0.0785547 0.055
         vertex 0.00108899 -0.0789685 0.055
         vertex 0.000971079 -0.0788568 0.055
      endloop
   endfacet
   facet normal 0 0 -1
      outer loop
         vertex 0.0195987 -0.0785547 0.055
         vertex 0.00128529 -0.0792267 0.055
         vertex 0.00119414 -0.0790922 0.055
      endloop
   endfacet
   facet normal 0 0 -1
      outer loop
         vertex 0.00142148 -0.080479 0.055
         vertex 0.00146493 -0.0803225 0.055
         vertex 0.0195987 -0.0785547 0.055
      endloop
   endfacet
   facet normal 0 0 -1
      outer loop
         vertex -0.000242673 -0.0785198 0.055
         vertex -0.0186386 -0.0806298 0.055
         vertex -0.0185785 -0.080479 0.055
      endloop
   endfacet
   facet normal 0 0 -1
      outer loop
         vertex -0.000242673 -0.0814802 0.055
         vertex -8.12084e-05 -0.0814978 0.055
         vertex -0.06 -0.095 0.055
      endloop
   endfacet
   facet normal 0 0 -1
      outer loop
         vertex -0.0202427 -0.0814802 0.055
         vertex -0.0200812 -0.0814978 0.055
         vertex -0.06 -0.095 0.055
      endloop
   endfacet
   facet normal 0 0 -1
      outer loop
         vertex 0.00119414 -0.0790922 0.055
         vertex 0.00108899 -0.0789685 0.055
         vertex 0.0195987 -0.0785547 0.055
      endloop
   endfacet
   facet normal 0 0 -1
      outer loop
         vertex 0.0195987 -0.0785547 0.055
         vertex 0.00128529 -0.0807733 0.055
         vertex 0.00136136 -0.0806298 0.055
      endloop
   endfacet
   facet normal 0 0 -1
      outer loop
         vertex 0.0195987 -0.0785547 0.055
         vertex 0.00108899 -0.0810315 0.055
         vertex 0.00119414 -0.0809078 0.055
      endloop
   endfacet
   facet normal 0 0 -1
      outer loop
         vertex 0.0195987 -0.0785547 0.055
         vertex 0.000841781 -0.0812415 0.055
         vertex 0.000971079 -0.0811432 0.055
      endloop
   endfacet
   facet normal 0 0 -1
      outer loop
         vertex 0.000401293 -0.0814453 0.055
         vertex 0.0186386 -0.0793702 0.055
         vertex 0.0185785 -0.079521 0.055
      endloop
   endfacet
   facet normal 0 0 -1
      outer loop
         vertex -8.12084e-05 -0.0785022 0.055
         vertex -0.0186386 -0.0793702 0.055
         vertex -0.0187147 -0.0792267 0.055
      endloop
   endfacet
   facet normal 0 0 -1
      outer loop
         vertex -8.12084e-05 -0.0785022 0.055
         vertex -0.0185351 -0.0796775 0.055
         vertex -0.0185785 -0.079521 0.055
      endloop
   endfacet
   facet normal 0 0 -1
      outer loop
         vertex -0.000242673 -0.0785198 0.055
         vertex -0.0187147 -0.0807733 0.055
         vertex -0.0186386 -0.0806298 0.055
      endloop
   endfacet
   facet normal 0 0 -1
      outer loop
         vertex 8.12084e-05 -0.0814978 0.055
         vertex 0.0191582 -0.0812415 0.055
         vertex -0.06 -0.095 0.055
      endloop
   endfacet
   facet normal 0 0 -1
      outer loop
         vertex -0.0199188 -0.0814978 0.055
         vertex -0.000841781 -0.0812415 0.055
         vertex -0.06 -0.095 0.055
      endloop
   endfacet
   facet normal 0 0 -1
      outer loop
         vertex -0.06 -0.065 0.055
         vertex 8.12084e-05 -0.0785022 0.055
         vertex -8.12084e-05 -0.0785022 0.055
      endloop
   endfacet
   facet normal 0 0 -1
      outer loop
         vertex 0.00136136 -0.0793702 0.055
         vertex 0.00128529 -0.0792267 0.055
         vertex 0.0195987 -0.0785547 0.055
      endloop
   endfacet
   facet normal 0 0 -1
      outer loop
         vertex 0.000971079 -0.0811432 0.055
         vertex 0.00108899 -0.0810315 0.055
         vertex 0.0195987 -0.0785547 0.055
      endloop
   endfacet
   facet normal 0 0 -1
      outer loop
         vertex 0.0185 -0.08 0.055
         vertex 8.12084e-05 -0.0814978 0.055
         vertex 0.000242673 -0.0814802 0.055
      endloop
   endfacet
   facet normal 0 0 -1
      outer loop
         vertex 0.000401293 -0.0814453 0.055
         vertex 0.0187147 -0.0792267 0.055
         vertex 0.0186386 -0.0793702 0.055
      endloop
   endfacet
   facet normal 0 0 -1
      outer loop
         vertex -0.0185785 -0.079521 0.055
         vertex -0.0186386 -0.0793702 0.055
         vertex -8.12084e-05 -0.0785022 0.055
      endloop
   endfacet
   facet normal 0 0 -1
      outer loop
         vertex -0.0185088 -0.0798378 0.055
         vertex -8.12084e-05 -0.0785022 0.055
         vertex -0.000242673 -0.0785198 0.055
      endloop
   endfacet
   facet normal 0 0 -1
      outer loop
         vertex -0.000242673 -0.0785198 0.055
         vertex -0.0188059 -0.0809078 0.055
         vertex -0.0187147 -0.0807733 0.055
      endloop
   endfacet
   facet normal 0 0 -1
      outer loop
         vertex -0.0015 -0.08 0.055
         vertex -0.0199188 -0.0814978 0.055
         vertex -0.0197573 -0.0814802 0.055
      endloop
   endfacet
   facet normal 0 0 -1
      outer loop
         vertex 8.12084e-05 -0.0814978 0.055
         vertex 0.0190289 -0.0811432 0.055
         vertex 0.0191582 -0.0812415 0.055
      endloop
   endfacet
   facet normal 0 0 -1
      outer loop
         vertex -0.0199188 -0.0814978 0.055
         vertex -0.000971079 -0.0811432 0.055
         vertex -0.000841781 -0.0812415 0.055
      endloop
   endfacet
   facet normal 0 0 -1
      outer loop
         vertex -0.06 -0.065 0.055
         vertex -0.0212853 -0.0792267 0.055
         vertex -0.0213614 -0.0793702 0.055
      endloop
   endfacet
   facet normal 0 0 -1
      outer loop
         vertex -8.12084e-05 -0.0785022 0.055
         vertex -0.0195987 -0.0785547 0.055
         vertex -0.06 -0.065 0.055
      endloop
   endfacet
   facet normal 0 0 -1
      outer loop
         vertex 0.0195987 -0.0785547 0.055
         vertex 0.000401293 -0.0785547 0.055
         vertex 0.000242673 -0.0785198 0.055
      endloop
   endfacet
   facet normal 0 0 -1
      outer loop
         vertex 0.00119414 -0.0809078 0.055
         vertex 0.00128529 -0.0807733 0.055
         vertex 0.0195987 -0.0785547 0.055
      endloop
   endfacet
   facet normal 0 0 -1
      outer loop
         vertex 0.000242673 -0.0814802 0.055
         vertex 0.0185088 -0.0798378 0.055
         vertex 0.0185 -0.08 0.055
      endloop
   endfacet
   facet normal 0 0 -1
      outer loop
         vertex 0.000401293 -0.0814453 0.055
         vertex 0.0188059 -0.0790922 0.055
         vertex 0.0187147 -0.0792267 0.055
      endloop
   endfacet
   facet normal 0 0 -1
      outer loop
         vertex -0.0187147 -0.0792267 0.055
         vertex -0.0188059 -0.0790922 0.055
         vertex -8.12084e-05 -0.0785022 0.055
      endloop
   endfacet
   facet normal 0 0 -1
      outer loop
         vertex -0.000242673 -0.0785198 0.055
         vertex -0.0185 -0.08 0.055
         vertex -0.0185088 -0.0798378 0.055
      endloop
   endfacet
   facet normal 0 0 -1
      outer loop
         vertex -0.000242673 -0.0785198 0.055
         vertex -0.0185351 -0.0803225 0.055
         vertex -0.0185088 -0.0801622 0.055
      endloop
   endfacet
   facet normal 0 0 -1
      outer loop
         vertex -0.000242673 -0.0785198 0.055
         vertex -0.018911 -0.0810315 0.055
         vertex -0.0188059 -0.0809078 0.055
      endloop
   endfacet
   facet normal 0 0 -1
      outer loop
         vertex -0.0197573 -0.0814802 0.055
         vertex -0.00146493 -0.0796775 0.055
         vertex -0.00149121 -0.0798378 0.055
      endloop
   endfacet
   facet normal 0 0 -1
      outer loop
         vertex -0.0197573 -0.0814802 0.055
         vertex -0.00136136 -0.0793702 0.055
         vertex -0.00142148 -0.079521 0.055
      endloop
   endfacet
   facet normal 0 0 -1
      outer loop
         vertex 0.06 -0.065 0.055
         vertex 0.0213614 -0.0793702 0.055
         vertex 0.0212853 -0.0792267 0.055
      endloop
   endfacet
   facet normal 0 0 -1
      outer loop
         vertex 0.06 -0.065 0.055
         vertex 0.0214649 -0.0796775 0.055
         vertex 0.0214215 -0.079521 0.055
      endloop
   endfacet
   facet normal 0 0 -1
      outer loop
         vertex 0.06 -0.065 0.055
         vertex 0.0212853 -0.0807733 0.055
         vertex 0.0213614 -0.0806298 0.055
      endloop
   endfacet
   facet normal 0 0 -1
      outer loop
         vertex 8.12084e-05 -0.0814978 0.055
         vertex 0.018911 -0.0810315 0.055
         vertex 0.0190289 -0.0811432 0.055
      endloop
   endfacet
   facet normal 0 0 -1
      outer loop
         vertex -0.0199188 -0.0814978 0.055
         vertex -0.00108899 -0.0810315 0.055
         vertex -0.000971079 -0.0811432 0.055
      endloop
   endfacet
   facet normal 0 0 -1
      outer loop
         vertex -0.06 -0.065 0.055
         vertex -0.0214649 -0.0796775 0.055
         vertex -0.0214912 -0.0798378 0.055
      endloop
   endfacet
   facet normal 0 0 -1
      outer loop
         vertex -0.0213614 -0.0793702 0.055
         vertex -0.0214215 -0.079521 0.055
         vertex -0.06 -0.065 0.055
      endloop
   endfacet
   facet normal 0 0 -1
      outer loop
         vertex -0.06 -0.065 0.055
         vertex -0.021089 -0.0789685 0.055
         vertex -0.0211941 -0.0790922 0.055
      endloop
   endfacet
   facet normal 0 0 -1
      outer loop
         vertex -0.06 -0.065 0.055
         vertex -0.0200812 -0.0785022 0.055
         vertex -0.0202427 -0.0785198 0.055
      endloop
   endfacet
   facet normal 0 0 -1
      outer loop
         vertex -0.0195987 -0.0785547 0.055
         vertex -0.0197573 -0.0785198 0.055
         vertex -0.06 -0.065 0.055
      endloop
   endfacet
   facet normal 0 0 -1
      outer loop
         vertex 0.000242673 -0.0785198 0.055
         vertex -0.06 -0.065 0.055
         vertex 0.0195987 -0.0785547 0.055
      endloop
   endfacet
   facet normal 0 0 -1
      outer loop
         vertex 0.0195987 -0.0785547 0.055
         vertex 0.000702613 -0.0786747 0.055
         vertex 0.000555207 -0.0786065 0.055
      endloop
   endfacet
   facet normal 0 0 -1
      outer loop
         vertex 0.000971079 -0.0788568 0.055
         vertex 0.000841781 -0.0787585 0.055
         vertex 0.0195987 -0.0785547 0.055
      endloop
   endfacet
   facet normal 0 0 -1
      outer loop
         vertex 0.0195987 -0.0785547 0.055
         vertex 0.000401293 -0.0814453 0.055
         vertex 0.000555207 -0.0813935 0.055
      endloop
   endfacet
   facet normal 0 0 -1
      outer loop
         vertex 0.000401293 -0.0814453 0.055
         vertex 0.0185351 -0.0796775 0.055
         vertex 0.0185088 -0.0798378 0.055
      endloop
   endfacet
   facet normal 0 0 -1
      outer loop
         vertex 0.000401293 -0.0814453 0.055
         vertex 0.018911 -0.0789685 0.055
         vertex 0.0188059 -0.0790922 0.055
      endloop
   endfacet
   facet normal 0 0 -1
      outer loop
         vertex -8.12084e-05 -0.0785022 0.055
         vertex -0.018911 -0.0789685 0.055
         vertex -0.0190289 -0.0788568 0.055
      endloop
   endfacet
   facet normal 0 0 -1
      outer loop
         vertex -0.0185088 -0.0798378 0.055
         vertex -0.0185351 -0.0796775 0.055
         vertex -8.12084e-05 -0.0785022 0.055
      endloop
   endfacet
   facet normal 0 0 -1
      outer loop
         vertex -0.0185785 -0.080479 0.055
         vertex -0.0185351 -0.0803225 0.055
         vertex -0.000242673 -0.0785198 0.055
      endloop
   endfacet
   facet normal 0 0 -1
      outer loop
         vertex -0.000242673 -0.0785198 0.055
         vertex -0.0191582 -0.0812415 0.055
         vertex -0.0190289 -0.0811432 0.055
      endloop
   endfacet
   facet normal 0 0 -1
      outer loop
         vertex -0.00142148 -0.079521 0.055
         vertex -0.00146493 -0.0796775 0.055
         vertex -0.0197573 -0.0814802 0.055
      endloop
   endfacet
   facet normal 0 0 -1
      outer loop
         vertex -0.0197573 -0.0814802 0.055
         vertex -0.00108899 -0.0789685 0.055
         vertex -0.00119414 -0.0790922 0.055
      endloop
   endfacet
   facet normal 0 0 -1
      outer loop
         vertex -0.0197573 -0.0814802 0.055
         vertex -0.000841781 -0.0787585 0.055
         vertex -0.000971079 -0.0788568 0.055
      endloop
   endfacet
   facet normal 0 0 -1
      outer loop
         vertex 0.0214215 -0.079521 0.055
         vertex 0.0213614 -0.0793702 0.055
         vertex 0.06 -0.065 0.055
      endloop
   endfacet
   facet normal 0 0 -1
      outer loop
         vertex 0.06 -0.065 0.055
         vertex 0.0214649 -0.0803225 0.055
         vertex 0.0214912 -0.0801622 0.055
      endloop
   endfacet
   facet normal 0 0 -1
      outer loop
         vertex 0.0213614 -0.0806298 0.055
         vertex 0.0214215 -0.080479 0.055
         vertex 0.06 -0.065 0.055
      endloop
   endfacet
   facet normal 0 0 -1
      outer loop
         vertex 0.06 -0.065 0.055
         vertex 0.021089 -0.0810315 0.055
         vertex 0.0211941 -0.0809078 0.055
      endloop
   endfacet
   facet normal 0 0 -1
      outer loop
         vertex 0.06 -0.065 0.055
         vertex 0.0208418 -0.0812415 0.055
         vertex 0.0209711 -0.0811432 0.055
      endloop
   endfacet
   facet normal 0 0 -1
      outer loop
         vertex 8.12084e-05 -0.0814978 0.055
         vertex 0.0188059 -0.0809078 0.055
         vertex 0.018911 -0.0810315 0.055
      endloop
   endfacet
   facet normal 0 0 -1
      outer loop
         vertex -0.0199188 -0.0814978 0.055
         vertex -0.00119414 -0.0809078 0.055
         vertex -0.00108899 -0.0810315 0.055
      endloop
   endfacet
   facet normal 0 0 -1
      outer loop
         vertex -0.0214912 -0.0798378 0.055
         vertex -0.06 -0.095 0.055
         vertex -0.06 -0.065 0.055
      endloop
   endfacet
   facet normal 0 0 -1
      outer loop
         vertex -0.0211941 -0.0790922 0.055
         vertex -0.0212853 -0.0792267 0.055
         vertex -0.06 -0.065 0.055
      endloop
   endfacet
   facet normal 0 0 -1
      outer loop
         vertex -0.06 -0.065 0.055
         vertex -0.0199188 -0.0785022 0.055
         vertex -0.0200812 -0.0785022 0.055
      endloop
   endfacet
   facet normal 0 0 -1
      outer loop
         vertex 0.000242673 -0.0785198 0.055
         vertex 8.12084e-05 -0.0785022 0.055
         vertex -0.06 -0.065 0.055
      endloop
   endfacet
   facet normal 0 0 -1
      outer loop
         vertex 0.000841781 -0.0787585 0.055
         vertex 0.000702613 -0.0786747 0.055
         vertex 0.0195987 -0.0785547 0.055
      endloop
   endfacet
   facet normal 0 0 -1
      outer loop
         vertex 0.000555207 -0.0813935 0.055
         vertex 0.000702613 -0.0813253 0.055
         vertex 0.0195987 -0.0785547 0.055
      endloop
   endfacet
   facet normal 0 0 -1
      outer loop
         vertex 0.0185785 -0.079521 0.055
         vertex 0.0185351 -0.0796775 0.055
         vertex 0.000401293 -0.0814453 0.055
      endloop
   endfacet
   facet normal 0 0 -1
      outer loop
         vertex 0.000401293 -0.0814453 0.055
         vertex 0.0191582 -0.0787585 0.055
         vertex 0.0190289 -0.0788568 0.055
      endloop
   endfacet
   facet normal 0 0 -1
      outer loop
         vertex 0.000401293 -0.0814453 0.055
         vertex 0.0195987 -0.0785547 0.055
         vertex 0.0194448 -0.0786065 0.055
      endloop
   endfacet
   facet normal 0 0 -1
      outer loop
         vertex -8.12084e-05 -0.0785022 0.055
         vertex -0.0191582 -0.0787585 0.055
         vertex -0.0192974 -0.0786747 0.055
      endloop
   endfacet
   facet normal 0 0 -1
      outer loop
         vertex -0.0188059 -0.0790922 0.055
         vertex -0.018911 -0.0789685 0.055
         vertex -8.12084e-05 -0.0785022 0.055
      endloop
   endfacet
   facet normal 0 0 -1
      outer loop
         vertex -0.0190289 -0.0811432 0.055
         vertex -0.018911 -0.0810315 0.055
         vertex -0.000242673 -0.0785198 0.055
      endloop
   endfacet
   facet normal 0 0 -1
      outer loop
         vertex -0.0197573 -0.0814802 0.055
         vertex -0.00128529 -0.0792267 0.055
         vertex -0.00136136 -0.0793702 0.055
      endloop
   endfacet
   facet normal 0 0 -1
      outer loop
         vertex -0.000971079 -0.0788568 0.055
         vertex -0.00108899 -0.0789685 0.055
         vertex -0.0197573 -0.0814802 0.055
      endloop
   endfacet
   facet normal 0 0 -1
      outer loop
         vertex -0.0197573 -0.0814802 0.055
         vertex -0.000401293 -0.0785547 0.055
         vertex -0.000555207 -0.0786065 0.055
      endloop
   endfacet
   facet normal 0 0 -1
      outer loop
         vertex 0.0212853 -0.0792267 0.055
         vertex 0.0211941 -0.0790922 0.055
         vertex 0.06 -0.065 0.055
      endloop
   endfacet
   facet normal 0 0 -1
      outer loop
         vertex 0.06 -0.065 0.055
         vertex 0.0215 -0.08 0.055
         vertex 0.0214912 -0.0798378 0.055
      endloop
   endfacet
   facet normal 0 0 -1
      outer loop
         vertex 0.0214215 -0.080479 0.055
         vertex 0.0214649 -0.0803225 0.055
         vertex 0.06 -0.065 0.055
      endloop
   endfacet
   facet normal 0 0 -1
      outer loop
         vertex 0.0209711 -0.0811432 0.055
         vertex 0.021089 -0.0810315 0.055
         vertex 0.06 -0.065 0.055
      endloop
   endfacet
   facet normal 0 0 -1
      outer loop
         vertex 8.12084e-05 -0.0814978 0.055
         vertex 0.0187147 -0.0807733 0.055
         vertex 0.0188059 -0.0809078 0.055
      endloop
   endfacet
   facet normal 0 0 -1
      outer loop
         vertex -0.0199188 -0.0814978 0.055
         vertex -0.00128529 -0.0807733 0.055
         vertex -0.00119414 -0.0809078 0.055
      endloop
   endfacet
   facet normal 0 0 -1
      outer loop
         vertex -0.0214215 -0.079521 0.055
         vertex -0.0214649 -0.0796775 0.055
         vertex -0.06 -0.065 0.055
      endloop
   endfacet
   facet normal 0 0 -1
      outer loop
         vertex -0.06 -0.065 0.055
         vertex -0.0208418 -0.0787585 0.055
         vertex -0.0209711 -0.0788568 0.055
      endloop
   endfacet
   facet normal 0 0 -1
      outer loop
         vertex -0.06 -0.065 0.055
         vertex -0.0204013 -0.0785547 0.055
         vertex -0.0205552 -0.0786065 0.055
      endloop
   endfacet
   facet normal 0 0 -1
      outer loop
         vertex -0.0197573 -0.0785198 0.055
         vertex -0.0199188 -0.0785022 0.055
         vertex -0.06 -0.065 0.055
      endloop
   endfacet
   facet normal 0 0 -1
      outer loop
         vertex 0.000702613 -0.0813253 0.055
         vertex 0.000841781 -0.0812415 0.055
         vertex 0.0195987 -0.0785547 0.055
      endloop
   endfacet
   facet normal 0 0 -1
      outer loop
         vertex 0.0190289 -0.0788568 0.055
         vertex 0.018911 -0.0789685 0.055
         vertex 0.000401293 -0.0814453 0.055
      endloop
   endfacet
   facet normal 0 0 -1
      outer loop
         vertex 0.0194448 -0.0786065 0.055
         vertex 0.0192974 -0.0786747 0.055
         vertex 0.000401293 -0.0814453 0.055
      endloop
   endfacet
   facet normal 0 0 -1
      outer loop
         vertex -0.0192974 -0.0786747 0.055
         vertex -0.0194448 -0.0786065 0.055
         vertex -8.12084e-05 -0.0785022 0.055
      endloop
   endfacet
   facet normal 0 0 -1
      outer loop
         vertex -0.0185088 -0.0801622 0.055
         vertex -0.0185 -0.08 0.055
         vertex -0.000242673 -0.0785198 0.055
      endloop
   endfacet
   facet normal 0 0 -1
      outer loop
         vertex -0.000242673 -0.0785198 0.055
         vertex -0.0195987 -0.0814453 0.055
         vertex -0.0194448 -0.0813935 0.055
      endloop
   endfacet
   facet normal 0 0 -1
      outer loop
         vertex -0.00119414 -0.0790922 0.055
         vertex -0.00128529 -0.0792267 0.055
         vertex -0.0197573 -0.0814802 0.055
      endloop
   endfacet
   facet normal 0 0 -1
      outer loop
         vertex -0.000555207 -0.0786065 0.055
         vertex -0.000702613 -0.0786747 0.055
         vertex -0.0197573 -0.0814802 0.055
      endloop
   endfacet
   facet normal 0 0 -1
      outer loop
         vertex 0.06 -0.065 0.055
         vertex 0.021089 -0.0789685 0.055
         vertex 0.0209711 -0.0788568 0.055
      endloop
   endfacet
   facet normal 0 0 -1
      outer loop
         vertex 0.0214912 -0.0798378 0.055
         vertex 0.0214649 -0.0796775 0.055
         vertex 0.06 -0.065 0.055
      endloop
   endfacet
   facet normal 0 0 -1
      outer loop
         vertex 0.0211941 -0.0809078 0.055
         vertex 0.0212853 -0.0807733 0.055
         vertex 0.06 -0.065 0.055
      endloop
   endfacet
   facet normal 0 0 -1
      outer loop
         vertex 0.06 -0.095 0.055
         vertex 0.0207026 -0.0813253 0.055
         vertex 0.0208418 -0.0812415 0.055
      endloop
   endfacet
   facet normal 0 0 -1
      outer loop
         vertex 8.12084e-05 -0.0814978 0.055
         vertex 0.0186386 -0.0806298 0.055
         vertex 0.0187147 -0.0807733 0.055
      endloop
   endfacet
   facet normal 0 0 -1
      outer loop
         vertex -0.0199188 -0.0814978 0.055
         vertex -0.00136136 -0.0806298 0.055
         vertex -0.00128529 -0.0807733 0.055
      endloop
   endfacet
   facet normal 0 0 -1
      outer loop
         vertex -0.06 -0.095 0.055
         vertex -0.0214215 -0.080479 0.055
         vertex -0.0213614 -0.0806298 0.055
      endloop
   endfacet
   facet normal 0 0 -1
      outer loop
         vertex -0.0209711 -0.0788568 0.055
         vertex -0.021089 -0.0789685 0.055
         vertex -0.06 -0.065 0.055
      endloop
   endfacet
   facet normal 0 0 -1
      outer loop
         vertex -0.0205552 -0.0786065 0.055
         vertex -0.0207026 -0.0786747 0.055
         vertex -0.06 -0.065 0.055
      endloop
   endfacet
   facet normal 0 0 -1
      outer loop
         vertex 0.000555207 -0.0786065 0.055
         vertex 0.000401293 -0.0785547 0.055
         vertex 0.0195987 -0.0785547 0.055
      endloop
   endfacet
   facet normal 0 0 -1
      outer loop
         vertex 0.0192974 -0.0786747 0.055
         vertex 0.0191582 -0.0787585 0.055
         vertex 0.000401293 -0.0814453 0.055
      endloop
   endfacet
   facet normal 0 0 -1
      outer loop
         vertex -0.0190289 -0.0788568 0.055
         vertex -0.0191582 -0.0787585 0.055
         vertex -8.12084e-05 -0.0785022 0.055
      endloop
   endfacet
   facet normal 0 0 -1
      outer loop
         vertex -0.0194448 -0.0813935 0.055
         vertex -0.0192974 -0.0813253 0.055
         vertex -0.000242673 -0.0785198 0.055
      endloop
   endfacet
   facet normal 0 0 -1
      outer loop
         vertex -0.000702613 -0.0786747 0.055
         vertex -0.000841781 -0.0787585 0.055
         vertex -0.0197573 -0.0814802 0.055
      endloop
   endfacet
   facet normal 0 0 -1
      outer loop
         vertex -0.0195987 -0.0814453 0.055
         vertex -0.000242673 -0.0785198 0.055
         vertex -0.000401293 -0.0785547 0.055
      endloop
   endfacet
   facet normal 0 0 -1
      outer loop
         vertex 0.06 -0.065 0.055
         vertex 0.0208418 -0.0787585 0.055
         vertex 0.0207026 -0.0786747 0.055
      endloop
   endfacet
   facet normal 0 0 -1
      outer loop
         vertex 0.0211941 -0.0790922 0.055
         vertex 0.021089 -0.0789685 0.055
         vertex 0.06 -0.065 0.055
      endloop
   endfacet
   facet normal 0 0 -1
      outer loop
         vertex 0.0208418 -0.0812415 0.055
         vertex 0.06 -0.065 0.055
         vertex 0.06 -0.095 0.055
      endloop
   endfacet
   facet normal 0 0 -1
      outer loop
         vertex 8.12084e-05 -0.0814978 0.055
         vertex 0.0185785 -0.080479 0.055
         vertex 0.0186386 -0.0806298 0.055
      endloop
   endfacet
   facet normal 0 0 -1
      outer loop
         vertex -0.0199188 -0.0814978 0.055
         vertex -0.00142148 -0.080479 0.055
         vertex -0.00136136 -0.0806298 0.055
      endloop
   endfacet
   facet normal 0 0 -1
      outer loop
         vertex -0.0213614 -0.0806298 0.055
         vertex -0.0212853 -0.0807733 0.055
         vertex -0.06 -0.095 0.055
      endloop
   endfacet
   facet normal 0 0 -1
      outer loop
         vertex -0.0207026 -0.0786747 0.055
         vertex -0.0208418 -0.0787585 0.055
         vertex -0.06 -0.065 0.055
      endloop
   endfacet
   facet normal 0 0 -1
      outer loop
         vertex 0.000242673 -0.0814802 0.055
         vertex 0.000401293 -0.0814453 0.055
         vertex 0.0185088 -0.0798378 0.055
      endloop
   endfacet
   facet normal 0 0 -1
      outer loop
         vertex -0.0192974 -0.0813253 0.055
         vertex -0.0191582 -0.0812415 0.055
         vertex -0.000242673 -0.0785198 0.055
      endloop
   endfacet
   facet normal 0 0 -1
      outer loop
         vertex -0.000401293 -0.0785547 0.055
         vertex -0.0197573 -0.0814802 0.055
         vertex -0.0195987 -0.0814453 0.055
      endloop
   endfacet
   facet normal 0 0 -1
      outer loop
         vertex -0.06 -0.065 0.055
         vertex 0.0199188 -0.0785022 0.055
         vertex 0.0197573 -0.0785198 0.055
      endloop
   endfacet
   facet normal 0 0 -1
      outer loop
         vertex 0.06 -0.065 0.055
         vertex 0.0204013 -0.0785547 0.055
         vertex 0.0202427 -0.0785198 0.055
      endloop
   endfacet
   facet normal 0 0 -1
      outer loop
         vertex 0.0207026 -0.0786747 0.055
         vertex 0.0205552 -0.0786065 0.055
         vertex 0.06 -0.065 0.055
      endloop
   endfacet
   facet normal 0 0 -1
      outer loop
         vertex 0.0214912 -0.0801622 0.055
         vertex 0.0215 -0.08 0.055
         vertex 0.06 -0.065 0.055
      endloop
   endfacet
   facet normal 0 0 -1
      outer loop
         vertex 0.06 -0.095 0.055
         vertex 0.0200812 -0.0814978 0.055
         vertex 0.0202427 -0.0814802 0.055
      endloop
   endfacet
   facet normal 0 0 -1
      outer loop
         vertex -0.06 -0.095 0.055
         vertex 0.0195987 -0.0814453 0.055
         vertex 0.0197573 -0.0814802 0.055
      endloop
   endfacet
   facet normal 0 0 -1
      outer loop
         vertex -0.06 -0.095 0.055
         vertex 0.0192974 -0.0813253 0.055
         vertex 0.0194448 -0.0813935 0.055
      endloop
   endfacet
   facet normal 0 0 -1
      outer loop
         vertex 8.12084e-05 -0.0814978 0.055
         vertex 0.0185351 -0.0803225 0.055
         vertex 0.0185785 -0.080479 0.055
      endloop
   endfacet
   facet normal 0 0 -1
      outer loop
         vertex -0.06 -0.095 0.055
         vertex -0.000702613 -0.0813253 0.055
         vertex -0.000555207 -0.0813935 0.055
      endloop
   endfacet
   facet normal 0 0 -1
      outer loop
         vertex -0.0199188 -0.0814978 0.055
         vertex -0.00146493 -0.0803225 0.055
         vertex -0.00142148 -0.080479 0.055
      endloop
   endfacet
   facet normal 0 0 -1
      outer loop
         vertex -0.06 -0.095 0.055
         vertex -0.021089 -0.0810315 0.055
         vertex -0.0209711 -0.0811432 0.055
      endloop
   endfacet
   facet normal 0 0 -1
      outer loop
         vertex -0.0212853 -0.0807733 0.055
         vertex -0.0211941 -0.0809078 0.055
         vertex -0.06 -0.095 0.055
      endloop
   endfacet
   facet normal 0 0 -1
      outer loop
         vertex -0.06 -0.095 0.055
         vertex -0.0215 -0.08 0.055
         vertex -0.0214912 -0.0801622 0.055
      endloop
   endfacet
   facet normal 0 0 -1
      outer loop
         vertex -0.0202427 -0.0785198 0.055
         vertex -0.0204013 -0.0785547 0.055
         vertex -0.06 -0.065 0.055
      endloop
   endfacet
   facet normal 0 0 -1
      outer loop
         vertex -0.0197573 -0.0814802 0.055
         vertex -0.00149121 -0.0798378 0.055
         vertex -0.0015 -0.08 0.055
      endloop
   endfacet
   facet normal 0 0 -1
      outer loop
         vertex -0.06 -0.065 0.055
         vertex 0.0200812 -0.0785022 0.055
         vertex 0.0199188 -0.0785022 0.055
      endloop
   endfacet
   facet normal 0 0 -1
      outer loop
         vertex 0.0202427 -0.0785198 0.055
         vertex -0.06 -0.065 0.055
         vertex 0.06 -0.065 0.055
      endloop
   endfacet
   facet normal 0 0 -1
      outer loop
         vertex 0.0209711 -0.0788568 0.055
         vertex 0.0208418 -0.0787585 0.055
         vertex 0.06 -0.065 0.055
      endloop
   endfacet
   facet normal 0 0 -1
      outer loop
         vertex 0.06 -0.095 0.055
         vertex 0.0204013 -0.0814453 0.055
         vertex 0.0205552 -0.0813935 0.055
      endloop
   endfacet
   facet normal 0 0 -1
      outer loop
         vertex 0.06 -0.095 0.055
         vertex 0.0199188 -0.0814978 0.055
         vertex 0.0200812 -0.0814978 0.055
      endloop
   endfacet
   facet normal 0 0 -1
      outer loop
         vertex 0.0197573 -0.0814802 0.055
         vertex 0.06 -0.095 0.055
         vertex -0.06 -0.095 0.055
      endloop
   endfacet
   facet normal 0 0 -1
      outer loop
         vertex -0.06 -0.095 0.055
         vertex 0.0191582 -0.0812415 0.055
         vertex 0.0192974 -0.0813253 0.055
      endloop
   endfacet
   facet normal 0 0 -1
      outer loop
         vertex 8.12084e-05 -0.0814978 0.055
         vertex 0.0185088 -0.0801622 0.055
         vertex 0.0185351 -0.0803225 0.055
      endloop
   endfacet
   facet normal 0 0 -1
      outer loop
         vertex -0.06 -0.095 0.055
         vertex -0.000841781 -0.0812415 0.055
         vertex -0.000702613 -0.0813253 0.055
      endloop
   endfacet
   facet normal 0 0 -1
      outer loop
         vertex -0.0199188 -0.0814978 0.055
         vertex -0.00149121 -0.0801622 0.055
         vertex -0.00146493 -0.0803225 0.055
      endloop
   endfacet
   facet normal 0 0 -1
      outer loop
         vertex -0.06 -0.095 0.055
         vertex -0.0208418 -0.0812415 0.055
         vertex -0.0207026 -0.0813253 0.055
      endloop
   endfacet
   facet normal 0 0 -1
      outer loop
         vertex -0.0211941 -0.0809078 0.055
         vertex -0.021089 -0.0810315 0.055
         vertex -0.06 -0.095 0.055
      endloop
   endfacet
   facet normal 0 0 -1
      outer loop
         vertex -0.0214912 -0.0801622 0.055
         vertex -0.0214649 -0.0803225 0.055
         vertex -0.06 -0.095 0.055
      endloop
   endfacet
   facet normal 0 0 -1
      outer loop
         vertex -0.0194448 -0.0786065 0.055
         vertex -0.0195987 -0.0785547 0.055
         vertex -8.12084e-05 -0.0785022 0.055
      endloop
   endfacet
   facet normal 0 0 -1
      outer loop
         vertex 0.0202427 -0.0785198 0.055
         vertex 0.0200812 -0.0785022 0.055
         vertex -0.06 -0.065 0.055
      endloop
   endfacet
   facet normal 0 0 -1
      outer loop
         vertex 0.0205552 -0.0813935 0.055
         vertex 0.0207026 -0.0813253 0.055
         vertex 0.06 -0.095 0.055
      endloop
   endfacet
   facet normal 0 0 -1
      outer loop
         vertex 0.0197573 -0.0814802 0.055
         vertex 0.0199188 -0.0814978 0.055
         vertex 0.06 -0.095 0.055
      endloop
   endfacet
   facet normal 0 0 -1
      outer loop
         vertex 8.12084e-05 -0.0814978 0.055
         vertex 0.0185 -0.08 0.055
         vertex 0.0185088 -0.0801622 0.055
      endloop
   endfacet
   facet normal 0 0 -1
      outer loop
         vertex -0.0199188 -0.0814978 0.055
         vertex -0.0015 -0.08 0.055
         vertex -0.00149121 -0.0801622 0.055
      endloop
   endfacet
   facet normal 0 0 -1
      outer loop
         vertex -0.0207026 -0.0813253 0.055
         vertex -0.0205552 -0.0813935 0.055
         vertex -0.06 -0.095 0.055
      endloop
   endfacet
   facet normal 0 0 -1
      outer loop
         vertex -0.0214649 -0.0803225 0.055
         vertex -0.0214215 -0.080479 0.055
         vertex -0.06 -0.095 0.055
      endloop
   endfacet
   facet normal 0 0 -1
      outer loop
         vertex 0.0197573 -0.0785198 0.055
         vertex 0.0195987 -0.0785547 0.055
         vertex -0.06 -0.065 0.055
      endloop
   endfacet
   facet normal 0 0 -1
      outer loop
         vertex 0.0202427 -0.0814802 0.055
         vertex 0.0204013 -0.0814453 0.055
         vertex 0.06 -0.095 0.055
      endloop
   endfacet
   facet normal 0 0 -1
      outer loop
         vertex -0.000555207 -0.0813935 0.055
         vertex -0.000401293 -0.0814453 0.055
         vertex -0.06 -0.095 0.055
      endloop
   endfacet
   facet normal 0 0 -1
      outer loop
         vertex -0.0209711 -0.0811432 0.055
         vertex -0.0208418 -0.0812415 0.055
         vertex -0.06 -0.095 0.055
      endloop
   endfacet
   facet normal 0 0 -1
      outer loop
         vertex 0.0205552 -0.0786065 0.055
         vertex 0.0204013 -0.0785547 0.055
         vertex 0.06 -0.065 0.055
      endloop
   endfacet
   facet normal 0 0 -1
      outer loop
         vertex -0.0205552 -0.0813935 0.055
         vertex -0.0204013 -0.0814453 0.055
         vertex -0.06 -0.095 0.055
      endloop
   endfacet
   facet normal 0 0 -1
      outer loop
         vertex 0.0194448 -0.0813935 0.055
         vertex 0.0195987 -0.0814453 0.055
         vertex -0.06 -0.095 0.055
      endloop
   endfacet
   facet normal 0 0 -1
      outer loop
         vertex -0.0214912 -0.0798378 0.055
         vertex -0.0215 -0.08 0.055
         vertex -0.06 -0.095 0.055
      endloop
   endfacet
   facet normal 1 0 0
      outer loop
         vertex 0.0015 -0.08 0.055
         vertex 0.0015 -0.08 -0.02
         vertex 0.00149121 -0.0798378 -0.02
      endloop
   endfacet
   facet normal 0.994138 0.108119 0
      outer loop
         vertex 0.00149121 -0.0798378 0.055
         vertex 0.00149121 -0.0798378 -0.02
         vertex 0.00146493 -0.0796775 -0.02
      endloop
   endfacet
   facet normal 0.976621 0.21497 0
      outer loop
         vertex 0.00146493 -0.0796775 0.055
         vertex 0.00146493 -0.0796775 -0.02
         vertex 0.00142148 -0.079521 -0.02
      endloop
   endfacet
   facet normal 0.947653 0.319302 0
      outer loop
         vertex 0.00142148 -0.079521 0.055
         vertex 0.00142148 -0.079521 -0.02
         vertex 0.00136136 -0.0793702 -0.02
      endloop
   endfacet
   facet normal 0.907575 0.419889 0
      outer loop
         vertex 0.00136136 -0.0793702 0.055
         vertex 0.00136136 -0.0793702 -0.02
         vertex 0.00128529 -0.0792267 -0.02
      endloop
   endfacet
   facet normal 0.856857 0.515554 0
      outer loop
         vertex 0.00128529 -0.0792267 0.055
         vertex 0.00128529 -0.0792267 -0.02
         vertex 0.00119414 -0.0790922 -0.02
      endloop
   endfacet
   facet normal 0.796093 0.605174 0
      outer loop
         vertex 0.00119414 -0.0790922 0.055
         vertex 0.00119414 -0.0790922 -0.02
         vertex 0.00108899 -0.0789685 -0.02
      endloop
   endfacet
   facet normal 0.725995 0.687699 0
      outer loop
         vertex 0.00108899 -0.0789685 0.055
         vertex 0.00108899 -0.0789685 -0.02
         vertex 0.000971079 -0.0788568 -0.02
      endloop
   endfacet
   facet normal 0.647386 0.762162 0
      outer loop
         vertex 0.000971079 -0.0788568 0.055
         vertex 0.000971079 -0.0788568 -0.02
         vertex 0.000841781 -0.0787585 -0.02
      endloop
   endfacet
   facet normal 0.561187 0.827689 0
      outer loop
         vertex 0.000841781 -0.0787585 0.055
         vertex 0.000841781 -0.0787585 -0.02
         vertex 0.000702613 -0.0786747 -0.02
      endloop
   endfacet
   facet normal 0.468408 0.883512 0
      outer loop
         vertex 0.000702613 -0.0786747 0.055
         vertex 0.000702613 -0.0786747 -0.02
         vertex 0.000555207 -0.0786065 -0.02
      endloop
   endfacet
   facet normal 0.370138 0.928977 0
      outer loop
         vertex 0.000555207 -0.0786065 0.055
         vertex 0.000555207 -0.0786065 -0.02
         vertex 0.000401293 -0.0785547 -0.02
      endloop
   endfacet
   facet normal 0.267528 0.96355 0
      outer loop
         vertex 0.000401293 -0.0785547 0.055
         vertex 0.000401293 -0.0785547 -0.02
         vertex 0.000242673 -0.0785198 -0.02
      endloop
   endfacet
   facet normal 0.161782 0.986827 0
      outer loop
         vertex 0.000242673 -0.0785198 0.055
         vertex 0.000242673 -0.0785198 -0.02
         vertex 8.12084e-05 -0.0785022 -0.02
      endloop
   endfacet
   facet normal 0.0541389 0.998533 0
      outer loop
         vertex 8.12084e-05 -0.0785022 0.055
         vertex 8.12084e-05 -0.0785022 -0.02
         vertex -8.12084e-05 -0.0785022 -0.02
      endloop
   endfacet
   facet normal -0.0541389 0.998533 0
      outer loop
         vertex -8.12084e-05 -0.0785022 0.055
         vertex -8.12084e-05 -0.0785022 -0.02
         vertex -0.000242673 -0.0785198 -0.02
      endloop
   endfacet
   facet normal -0.161782 0.986827 0
      outer loop
         vertex -0.000242673 -0.0785198 0.055
         vertex -0.000242673 -0.0785198 -0.02
         vertex -0.000401293 -0.0785547 -0.02
      endloop
   endfacet
   facet normal -0.267528 0.96355 0
      outer loop
         vertex -0.000401293 -0.0785547 0.055
         vertex -0.000401293 -0.0785547 -0.02
         vertex -0.000555207 -0.0786065 -0.02
      endloop
   endfacet
   facet normal -0.370138 0.928977 0
      outer loop
         vertex -0.000555207 -0.0786065 0.055
         vertex -0.000555207 -0.0786065 -0.02
         vertex -0.000702613 -0.0786747 -0.02
      endloop
   endfacet
   facet normal -0.468408 0.883512 0
      outer loop
         vertex -0.000702613 -0.0786747 0.055
         vertex -0.000702613 -0.0786747 -0.02
         vertex -0.000841781 -0.0787585 -0.02
      endloop
   endfacet
   facet normal -0.561187 0.827689 0
      outer loop
         vertex -0.000841781 -0.0787585 0.055
         vertex -0.000841781 -0.0787585 -0.02
         vertex -0.000971079 -0.0788568 -0.02
      endloop
   endfacet
   facet normal -0.647386 0.762162 0
      outer loop
         vertex -0.000971079 -0.0788568 0.055
         vertex -0.000971079 -0.0788568 -0.02
         vertex -0.00108899 -0.0789685 -0.02
      endloop
   endfacet
   facet normal -0.725995 0.687699 0
      outer loop
         vertex -0.00108899 -0.0789685 0.055
         vertex -0.00108899 -0.0789685 -0.02
         vertex -0.00119414 -0.0790922 -0.02
      endloop
   endfacet
   facet normal -0.796093 0.605174 0
      outer loop
         vertex -0.00119414 -0.0790922 0.055
         vertex -0.00119414 -0.0790922 -0.02
         vertex -0.00128529 -0.0792267 -0.02
      endloop
   endfacet
   facet normal -0.856857 0.515554 0
      outer loop
         vertex -0.00128529 -0.0792267 0.055
         vertex -0.00128529 -0.0792267 -0.02
         vertex -0.00136136 -0.0793702 -0.02
      endloop
   endfacet
   facet normal -0.907575 0.419889 0
      outer loop
         vertex -0.00136136 -0.0793702 0.055
         vertex -0.00136136 -0.0793702 -0.02
         vertex -0.00142148 -0.079521 -0.02
      endloop
   endfacet
   facet normal -0.947653 0.319302 0
      outer loop
         vertex -0.00142148 -0.079521 0.055
         vertex -0.00142148 -0.079521 -0.02
         vertex -0.00146493 -0.0796775 -0.02
      endloop
   endfacet
   facet normal -0.976621 0.21497 0
      outer loop
         vertex -0.00146493 -0.0796775 0.055
         vertex -0.00146493 -0.0796775 -0.02
         vertex -0.00149121 -0.0798378 -0.02
      endloop
   endfacet
   facet normal -0.994138 0.108119 0
      outer loop
         vertex -0.00149121 -0.0798378 0.055
         vertex -0.00149121 -0.0798378 -0.02
         vertex -0.0015 -0.08 -0.02
      endloop
   endfacet
   facet normal -1 1.22465e-16 0
      outer loop
         vertex -0.0015 -0.08 0.055
         vertex -0.0015 -0.08 -0.02
         vertex -0.00149121 -0.0801622 -0.02
      endloop
   endfacet
   facet normal -0.994138 -0.108119 0
      outer loop
         vertex -0.00149121 -0.0801622 0.055
         vertex -0.00149121 -0.0801622 -0.02
         vertex -0.00146493 -0.0803225 -0.02
      endloop
   endfacet
   facet normal -0.976621 -0.21497 0
      outer loop
         vertex -0.00146493 -0.0803225 0.055
         vertex -0.00146493 -0.0803225 -0.02
         vertex -0.00142148 -0.080479 -0.02
      endloop
   endfacet
   facet normal -0.947653 -0.319302 0
      outer loop
         vertex -0.00142148 -0.080479 0.055
         vertex -0.00142148 -0.080479 -0.02
         vertex -0.00136136 -0.0806298 -0.02
      endloop
   endfacet
   facet normal -0.907575 -0.419889 0
      outer loop
         vertex -0.00136136 -0.0806298 0.055
         vertex -0.00136136 -0.0806298 -0.02
         vertex -0.00128529 -0.0807733 -0.02
      endloop
   endfacet
   facet normal -0.856857 -0.515554 0
      outer loop
         vertex -0.00128529 -0.0807733 0.055
         vertex -0.00128529 -0.0807733 -0.02
         vertex -0.00119414 -0.0809078 -0.02
      endloop
   endfacet
   facet normal -0.796093 -0.605174 0
      outer loop
         vertex -0.00119414 -0.0809078 0.055
         vertex -0.00119414 -0.0809078 -0.02
         vertex -0.00108899 -0.0810315 -0.02
      endloop
   endfacet
   facet normal -0.725995 -0.687699 0
      outer loop
         vertex -0.00108899 -0.0810315 0.055
         vertex -0.00108899 -0.0810315 -0.02
         vertex -0.000971079 -0.0811432 -0.02
      endloop
   endfacet
   facet normal -0.647386 -0.762162 0
      outer loop
         vertex -0.000971079 -0.0811432 0.055
         vertex -0.000971079 -0.0811432 -0.02
         vertex -0.000841781 -0.0812415 -0.02
      endloop
   endfacet
   facet normal -0.561187 -0.827689 0
      outer loop
         vertex -0.000841781 -0.0812415 0.055
         vertex -0.000841781 -0.0812415 -0.02
         vertex -0.000702613 -0.0813253 -0.02
      endloop
   endfacet
   facet normal -0.468408 -0.883512 0
      outer loop
         vertex -0.000702613 -0.0813253 0.055
         vertex -0.000702613 -0.0813253 -0.02
         vertex -0.000555207 -0.0813935 -0.02
      endloop
   endfacet
   facet normal -0.370138 -0.928977 0
      outer loop
         vertex -0.000555207 -0.0813935 0.055
         vertex -0.000555207 -0.0813935 -0.02
         vertex -0.000401293 -0.0814453 -0.02
      endloop
   endfacet
   facet normal -0.267528 -0.96355 0
      outer loop
         vertex -0.000401293 -0.0814453 0.055
         vertex -0.000401293 -0.0814453 -0.02
         vertex -0.000242673 -0.0814802 -0.02
      endloop
   endfacet
   facet normal -0.161782 -0.986827 0
      outer loop
         vertex -0.000242673 -0.0814802 0.055
         vertex -0.000242673 -0.0814802 -0.02
         vertex -8.12084e-05 -0.0814978 -0.02
      endloop
   endfacet
   facet normal -0.0541389 -0.998533 0
      outer loop
         vertex -8.12084e-05 -0.0814978 0.055
         vertex -8.12084e-05 -0.0814978 -0.02
         vertex 8.12084e-05 -0.0814978 -0.02
      endloop
   endfacet
   facet normal 0.0541389 -0.998533 0
      outer loop
         vertex 8.12084e-05 -0.0814978 0.055
         vertex 8.12084e-05 -0.0814978 -0.02
         vertex 0.000242673 -0.0814802 -0.02
      endloop
   endfacet
   facet normal 0.161782 -0.986827 0
      outer loop
         vertex 0.000242673 -0.0814802 0.055
         vertex 0.000242673 -0.0814802 -0.02
         vertex 0.000401293 -0.0814453 -0.02
      endloop
   endfacet
   facet normal 0.267528 -0.96355 0
      outer loop
         vertex 0.000401293 -0.0814453 0.055
         vertex 0.000401293 -0.0814453 -0.02
         vertex 0.000555207 -0.0813935 -0.02
      endloop
   endfacet
   facet normal 0.370138 -0.928977 0
      outer loop
         vertex 0.000555207 -0.0813935 0.055
         vertex 0.000555207 -0.0813935 -0.02
         vertex 0.000702613 -0.0813253 -0.02
      endloop
   endfacet
   facet normal 0.468408 -0.883512 0
      outer loop
         vertex 0.000702613 -0.0813253 0.055
         vertex 0.000702613 -0.0813253 -0.02
         vertex 0.000841781 -0.0812415 -0.02
      endloop
   endfacet
   facet normal 0.561187 -0.827689 0
      outer loop
         vertex 0.000841781 -0.0812415 0.055
         vertex 0.000841781 -0.0812415 -0.02
         vertex 0.000971079 -0.0811432 -0.02
      endloop
   endfacet
   facet normal 0.647386 -0.762162 0
      outer loop
         vertex 0.000971079 -0.0811432 0.055
         vertex 0.000971079 -0.0811432 -0.02
         vertex 0.00108899 -0.0810315 -0.02
      endloop
   endfacet
   facet normal 0.725995 -0.687699 0
      outer loop
         vertex 0.00108899 -0.0810315 0.055
         vertex 0.00108899 -0.0810315 -0.02
         vertex 0.00119414 -0.0809078 -0.02
      endloop
   endfacet
   facet normal 0.796093 -0.605174 0
      outer loop
         vertex 0.00119414 -0.0809078 0.055
         vertex 0.00119414 -0.0809078 -0.02
         vertex 0.00128529 -0.0807733 -0.02
      endloop
   endfacet
   facet normal 0.856857 -0.515554 0
      outer loop
         vertex 0.00128529 -0.0807733 0.055
         vertex 0.00128529 -0.0807733 -0.02
         vertex 0.00136136 -0.0806298 -0.02
      endloop
   endfacet
   facet normal 0.907575 -0.419889 0
      outer loop
         vertex 0.00136136 -0.0806298 0.055
         vertex 0.00136136 -0.0806298 -0.02
         vertex 0.00142148 -0.080479 -0.02
      endloop
   endfacet
   facet normal 0.947653 -0.319302 0
      outer loop
         vertex 0.00142148 -0.080479 0.055
         vertex 0.00142148 -0.080479 -0.02
         vertex 0.00146493 -0.0803225 -0.02
      endloop
   endfacet
   facet normal 0.976621 -0.21497 0
      outer loop
         vertex 0.00146493 -0.0803225 0.055
         vertex 0.00146493 -0.0803225 -0.02
         vertex 0.00149121 -0.0801622 -0.02
      endloop
   endfacet
   facet normal 0.994138 -0.108119 0
      outer loop
         vertex 0.00149121 -0.0801622 0.055
         vertex 0.00149121 -0.0801622 -0.02
         vertex 0.0015 -0.08 -0.02
      endloop
   endfacet
   facet normal 1 0 0
      outer loop
         vertex 0.0015 -0.08 -0.02
         vertex 0.0015 -0.08 0.055
         vertex 0.00149121 -0.0801622 0.055
      endloop
   endfacet
   facet normal 0.994138 -0.108119 0
      outer loop
         vertex 0.00149121 -0.0801622 -0.02
         vertex 0.00149121 -0.0801622 0.055
         vertex 0.00146493 -0.0803225 0.055
      endloop
   endfacet
   facet normal 0.976621 -0.21497 0
      outer loop
         vertex 0.00146493 -0.0803225 -0.02
         vertex 0.00146493 -0.0803225 0.055
         vertex 0.00142148 -0.080479 0.055
      endloop
   endfacet
   facet normal 0.947653 -0.319302 0
      outer loop
         vertex 0.00142148 -0.080479 -0.02
         vertex 0.00142148 -0.080479 0.055
         vertex 0.00136136 -0.0806298 0.055
      endloop
   endfacet
   facet normal 0.907575 -0.419889 0
      outer loop
         vertex 0.00136136 -0.0806298 -0.02
         vertex 0.00136136 -0.0806298 0.055
         vertex 0.00128529 -0.0807733 0.055
      endloop
   endfacet
   facet normal 0.856857 -0.515554 0
      outer loop
         vertex 0.00128529 -0.0807733 -0.02
         vertex 0.00128529 -0.0807733 0.055
         vertex 0.00119414 -0.0809078 0.055
      endloop
   endfacet
   facet normal 0.796093 -0.605174 0
      outer loop
         vertex 0.00119414 -0.0809078 -0.02
         vertex 0.00119414 -0.0809078 0.055
         vertex 0.00108899 -0.0810315 0.055
      endloop
   endfacet
   facet normal 0.725995 -0.687699 0
      outer loop
         vertex 0.00108899 -0.0810315 -0.02
         vertex 0.00108899 -0.0810315 0.055
         vertex 0.000971079 -0.0811432 0.055
      endloop
   endfacet
   facet normal 0.647386 -0.762162 0
      outer loop
         vertex 0.000971079 -0.0811432 -0.02
         vertex 0.000971079 -0.0811432 0.055
         vertex 0.000841781 -0.0812415 0.055
      endloop
   endfacet
   facet normal 0.561187 -0.827689 0
      outer loop
         vertex 0.000841781 -0.0812415 -0.02
         vertex 0.000841781 -0.0812415 0.055
         vertex 0.000702613 -0.0813253 0.055
      endloop
   endfacet
   facet normal 0.468408 -0.883512 0
      outer loop
         vertex 0.000702613 -0.0813253 -0.02
         vertex 0.000702613 -0.0813253 0.055
         vertex 0.000555207 -0.0813935 0.055
      endloop
   endfacet
   facet normal 0.370138 -0.928977 0
      outer loop
         vertex 0.000555207 -0.0813935 -0.02
         vertex 0.000555207 -0.0813935 0.055
         vertex 0.000401293 -0.0814453 0.055
      endloop
   endfacet
   facet normal 0.267528 -0.96355 0
      outer loop
         vertex 0.000401293 -0.0814453 -0.02
         vertex 0.000401293 -0.0814453 0.055
         vertex 0.000242673 -0.0814802 0.055
      endloop
   endfacet
   facet normal 0.161782 -0.986827 0
      outer loop
         vertex 0.000242673 -0.0814802 -0.02
         vertex 0.000242673 -0.0814802 0.055
         vertex 8.12084e-05 -0.0814978 0.055
      endloop
   endfacet
   facet normal 0.0541389 -0.998533 0
      outer loop
         vertex 8.12084e-05 -0.0814978 -0.02
         vertex 8.12084e-05 -0.0814978 0.055
         vertex -8.12084e-05 -0.0814978 0.055
      endloop
   endfacet
   facet normal -0.0541389 -0.998533 0
      outer loop
         vertex -8.12084e-05 -0.0814978 -0.02
         vertex -8.12084e-05 -0.0814978 0.055
         vertex -0.000242673 -0.0814802 0.055
      endloop
   endfacet
   facet normal -0.161782 -0.986827 0
      outer loop
         vertex -0.000242673 -0.0814802 -0.02
         vertex -0.000242673 -0.0814802 0.055
         vertex -0.000401293 -0.0814453 0.055
      endloop
   endfacet
   facet normal -0.267528 -0.96355 0
      outer loop
         vertex -0.000401293 -0.0814453 -0.02
         vertex -0.000401293 -0.0814453 0.055
         vertex -0.000555207 -0.0813935 0.055
      endloop
   endfacet
   facet normal -0.370138 -0.928977 0
      outer loop
         vertex -0.000555207 -0.0813935 -0.02
         vertex -0.000555207 -0.0813935 0.055
         vertex -0.000702613 -0.0813253 0.055
      endloop
   endfacet
   facet normal -0.468408 -0.883512 0
      outer loop
         vertex -0.000702613 -0.0813253 -0.02
         vertex -0.000702613 -0.0813253 0.055
         vertex -0.000841781 -0.0812415 0.055
      endloop
   endfacet
   facet normal -0.561187 -0.827689 0
      outer loop
         vertex -0.000841781 -0.0812415 -0.02
         vertex -0.000841781 -0.0812415 0.055
         vertex -0.000971079 -0.0811432 0.055
      endloop
   endfacet
   facet normal -0.647386 -0.762162 0
      outer loop
         vertex -0.000971079 -0.0811432 -0.02
         vertex -0.000971079 -0.0811432 0.055
         vertex -0.00108899 -0.0810315 0.055
      endloop
   endfacet
   facet normal -0.725995 -0.687699 0
      outer loop
         vertex -0.00108899 -0.0810315 -0.02
         vertex -0.00108899 -0.0810315 0.055
         vertex -0.00119414 -0.0809078 0.055
      endloop
   endfacet
   facet normal -0.796093 -0.605174 0
      outer loop
         vertex -0.00119414 -0.0809078 -0.02
         vertex -0.00119414 -0.0809078 0.055
         vertex -0.00128529 -0.0807733 0.055
      endloop
   endfacet
   facet normal -0.856857 -0.515554 0
      outer loop
         vertex -0.00128529 -0.0807733 -0.02
         vertex -0.00128529 -0.0807733 0.055
         vertex -0.00136136 -0.0806298 0.055
      endloop
   endfacet
   facet normal -0.907575 -0.419889 0
      outer loop
         vertex -0.00136136 -0.0806298 -0.02
         vertex -0.00136136 -0.0806298 0.055
         vertex -0.00142148 -0.080479 0.055
      endloop
   endfacet
   facet normal -0.947653 -0.319302 0
      outer loop
         vertex -0.00142148 -0.080479 -0.02
         vertex -0.00142148 -0.080479 0.055
         vertex -0.00146493 -0.0803225 0.055
      endloop
   endfacet
   facet normal -0.976621 -0.21497 0
      outer loop
         vertex -0.00146493 -0.0803225 -0.02
         vertex -0.00146493 -0.0803225 0.055
         vertex -0.00149121 -0.0801622 0.055
      endloop
   endfacet
   facet normal -0.994138 -0.108119 0
      outer loop
         vertex -0.00149121 -0.0801622 -0.02
         vertex -0.00149121 -0.0801622 0.055
         vertex -0.0015 -0.08 0.055
      endloop
   endfacet
   facet normal -1 1.22465e-16 0
      outer loop
         vertex -0.0015 -0.08 -0.02
         vertex -0.0015 -0.08 0.055
         vertex -0.00149121 -0.0798378 0.055
      endloop
   endfacet
   facet normal -0.994138 0.108119 0
      outer loop
         vertex -0.00149121 -0.0798378 -0.02
         vertex -0.00149121 -0.0798378 0.055
         vertex -0.00146493 -0.0796775 0.055
      endloop
   endfacet
   facet normal -0.976621 0.21497 0
      outer loop
         vertex -0.00146493 -0.0796775 -0.02
         vertex -0.00146493 -0.0796775 0.055
         vertex -0.00142148 -0.079521 0.055
      endloop
   endfacet
   facet normal -0.947653 0.319302 0
      outer loop
         vertex -0.00142148 -0.079521 -0.02
         vertex -0.00142148 -0.079521 0.055
         vertex -0.00136136 -0.0793702 0.055
      endloop
   endfacet
   facet normal -0.907575 0.419889 0
      outer loop
         vertex -0.00136136 -0.0793702 -0.02
         vertex -0.00136136 -0.0793702 0.055
         vertex -0.00128529 -0.0792267 0.055
      endloop
   endfacet
   facet normal -0.856857 0.515554 0
      outer loop
         vertex -0.00128529 -0.0792267 -0.02
         vertex -0.00128529 -0.0792267 0.055
         vertex -0.00119414 -0.0790922 0.055
      endloop
   endfacet
   facet normal -0.796093 0.605174 0
      outer loop
         vertex -0.00119414 -0.0790922 -0.02
         vertex -0.00119414 -0.0790922 0.055
         vertex -0.00108899 -0.0789685 0.055
      endloop
   endfacet
   facet normal -0.725995 0.687699 0
      outer loop
         vertex -0.00108899 -0.0789685 -0.02
         vertex -0.00108899 -0.0789685 0.055
         vertex -0.000971079 -0.0788568 0.055
      endloop
   endfacet
   facet normal -0.647386 0.762162 0
      outer loop
         vertex -0.000971079 -0.0788568 -0.02
         vertex -0.000971079 -0.0788568 0.055
         vertex -0.000841781 -0.0787585 0.055
      endloop
   endfacet
   facet normal -0.561187 0.827689 0
      outer loop
         vertex -0.000841781 -0.0787585 -0.02
         vertex -0.000841781 -0.0787585 0.055
         vertex -0.000702613 -0.0786747 0.055
      endloop
   endfacet
   facet normal -0.468408 0.883512 0
      outer loop
         vertex -0.000702613 -0.0786747 -0.02
         vertex -0.000702613 -0.0786747 0.055
         vertex -0.000555207 -0.0786065 0.055
      endloop
   endfacet
   facet normal -0.370138 0.928977 0
      outer loop
         vertex -0.000555207 -0.0786065 -0.02
         vertex -0.000555207 -0.0786065 0.055
         vertex -0.000401293 -0.0785547 0.055
      endloop
   endfacet
   facet normal -0.267528 0.96355 0
      outer loop
         vertex -0.000401293 -0.0785547 -0.02
         vertex -0.000401293 -0.0785547 0.055
         vertex -0.000242673 -0.0785198 0.055
      endloop
   endfacet
   facet normal -0.161782 0.986827 0
      outer loop
         vertex -0.000242673 -0.0785198 -0.02
         vertex -0.000242673 -0.0785198 0.055
         vertex -8.12084e-05 -0.0785022 0.055
      endloop
   endfacet
   facet normal -0.0541389 0.998533 0
      outer loop
         vertex -8.12084e-05 -0.0785022 -0.02
         vertex -8.12084e-05 -0.0785022 0.055
         vertex 8.12084e-05 -0.0785022 0.055
      endloop
   endfacet
   facet normal 0.0541389 0.998533 0
      outer loop
         vertex 8.12084e-05 -0.0785022 -0.02
         vertex 8.12084e-05 -0.0785022 0.055
         vertex 0.000242673 -0.0785198 0.055
      endloop
   endfacet
   facet normal 0.161782 0.986827 0
      outer loop
         vertex 0.000242673 -0.0785198 -0.02
         vertex 0.000242673 -0.0785198 0.055
         vertex 0.000401293 -0.0785547 0.055
      endloop
   endfacet
   facet normal 0.267528 0.96355 0
      outer loop
         vertex 0.000401293 -0.0785547 -0.02
         vertex 0.000401293 -0.0785547 0.055
         vertex 0.000555207 -0.0786065 0.055
      endloop
   endfacet
   facet normal 0.370138 0.928977 0
      outer loop
         vertex 0.000555207 -0.0786065 -0.02
         vertex 0.000555207 -0.0786065 0.055
         vertex 0.000702613 -0.0786747 0.055
      endloop
   endfacet
   facet normal 0.468408 0.883512 0
      outer loop
         vertex 0.000702613 -0.0786747 -0.02
         vertex 0.000702613 -0.0786747 0.055
         vertex 0.000841781 -0.0787585 0.055
      endloop
   endfacet
   facet normal 0.561187 0.827689 0
      outer loop
         vertex 0.000841781 -0.0787585 -0.02
         vertex 0.000841781 -0.0787585 0.055
         vertex 0.000971079 -0.0788568 0.055
      endloop
   endfacet
   facet normal 0.647386 0.762162 0
      outer loop
         vertex 0.000971079 -0.0788568 -0.02
         vertex 0.000971079 -0.0788568 0.055
         vertex 0.00108899 -0.0789685 0.055
      endloop
   endfacet
   facet normal 0.725995 0.687699 0
      outer loop
         vertex 0.00108899 -0.0789685 -0.02
         vertex 0.00108899 -0.0789685 0.055
         vertex 0.00119414 -0.0790922 0.055
      endloop
   endfacet
   facet normal 0.796093 0.605174 0
      outer loop
         vertex 0.00119414 -0.0790922 -0.02
         vertex 0.00119414 -0.0790922 0.055
         vertex 0.00128529 -0.0792267 0.055
      endloop
   endfacet
   facet normal 0.856857 0.515554 0
      outer loop
         vertex 0.00128529 -0.0792267 -0.02
         vertex 0.00128529 -0.0792267 0.055
         vertex 0.00136136 -0.0793702 0.055
      endloop
   endfacet
   facet normal 0.907575 0.419889 0
      outer loop
         vertex 0.00136136 -0.0793702 -0.02
         vertex 0.00136136 -0.0793702 0.055
         vertex 0.00142148 -0.079521 0.055
      endloop
   endfacet
   facet normal 0.947653 0.319302 0
      outer loop
         vertex 0.00142148 -0.079521 -0.02
         vertex 0.00142148 -0.079521 0.055
         vertex 0.00146493 -0.0796775 0.055
      endloop
   endfacet
   facet normal 0.976621 0.21497 0
      outer loop
         vertex 0.00146493 -0.0796775 -0.02
         vertex 0.00146493 -0.0796775 0.055
         vertex 0.00149121 -0.0798378 0.055
      endloop
   endfacet
   facet normal 0.994138 0.108119 0
      outer loop
         vertex 0.00149121 -0.0798378 -0.02
         vertex 0.00149121 -0.0798378 0.055
         vertex 0.0015 -0.08 0.055
      endloop
   endfacet
   facet normal 0 0 -1
      outer loop
         vertex 1.66967e-17 -0.08 -0.02
         vertex -0.00149121 -0.0798378 -0.02
         vertex -0.00146493 -0.0796775 -0.02
      endloop
   endfacet
   facet normal 0 0 -1
      outer loop
         vertex -0.00146493 -0.0796775 -0.02
         vertex -0.00142148 -0.079521 -0.02
         vertex 1.66967e-17 -0.08 -0.02
      endloop
   endfacet
   facet normal 0 0 -1
      outer loop
         vertex -0.00142148 -0.079521 -0.02
         vertex -0.00136136 -0.0793702 -0.02
         vertex 1.66967e-17 -0.08 -0.02
      endloop
   endfacet
   facet normal 0 0 -1
      outer loop
         vertex -0.00136136 -0.0793702 -0.02
         vertex -0.00128529 -0.0792267 -0.02
         vertex 1.66967e-17 -0.08 -0.02
      endloop
   endfacet
   facet normal 0 0 -1
      outer loop
         vertex -0.00128529 -0.0792267 -0.02
         vertex -0.00119414 -0.0790922 -0.02
         vertex 1.66967e-17 -0.08 -0.02
      endloop
   endfacet
   facet normal 0 0 -1
      outer loop
         vertex -0.00119414 -0.0790922 -0.02
         vertex -0.00108899 -0.0789685 -0.02
         vertex 1.66967e-17 -0.08 -0.02
      endloop
   endfacet
   facet normal 0 0 -1
      outer loop
         vertex -0.00108899 -0.0789685 -0.02
         vertex -0.000971079 -0.0788568 -0.02
         vertex 1.66967e-17 -0.08 -0.02
      endloop
   endfacet
   facet normal 0 0 -1
      outer loop
         vertex -0.000971079 -0.0788568 -0.02
         vertex -0.000841781 -0.0787585 -0.02
         vertex 1.66967e-17 -0.08 -0.02
      endloop
   endfacet
   facet normal 0 0 -1
      outer loop
         vertex -0.000841781 -0.0787585 -0.02
         vertex -0.000702613 -0.0786747 -0.02
         vertex 1.66967e-17 -0.08 -0.02
      endloop
   endfacet
   facet normal 0 0 -1
      outer loop
         vertex -0.000702613 -0.0786747 -0.02
         vertex -0.000555207 -0.0786065 -0.02
         vertex 1.66967e-17 -0.08 -0.02
      endloop
   endfacet
   facet normal 0 0 -1
      outer loop
         vertex -0.000555207 -0.0786065 -0.02
         vertex -0.000401293 -0.0785547 -0.02
         vertex 1.66967e-17 -0.08 -0.02
      endloop
   endfacet
   facet normal 0 0 -1
      outer loop
         vertex -0.000401293 -0.0785547 -0.02
         vertex -0.000242673 -0.0785198 -0.02
         vertex 1.66967e-17 -0.08 -0.02
      endloop
   endfacet
   facet normal 0 0 -1
      outer loop
         vertex -0.000242673 -0.0785198 -0.02
         vertex -8.12084e-05 -0.0785022 -0.02
         vertex 1.66967e-17 -0.08 -0.02
      endloop
   endfacet
   facet normal 0 0 -1
      outer loop
         vertex -8.12084e-05 -0.0785022 -0.02
         vertex 8.12084e-05 -0.0785022 -0.02
         vertex 1.66967e-17 -0.08 -0.02
      endloop
   endfacet
   facet normal 0 0 -1
      outer loop
         vertex 8.12084e-05 -0.0785022 -0.02
         vertex 0.000242673 -0.0785198 -0.02
         vertex 1.66967e-17 -0.08 -0.02
      endloop
   endfacet
   facet normal 0 0 -1
      outer loop
         vertex 0.000242673 -0.0785198 -0.02
         vertex 0.000401293 -0.0785547 -0.02
         vertex 1.66967e-17 -0.08 -0.02
      endloop
   endfacet
   facet normal 0 0 -1
      outer loop
         vertex 0.000401293 -0.0785547 -0.02
         vertex 0.000555207 -0.0786065 -0.02
         vertex 1.66967e-17 -0.08 -0.02
      endloop
   endfacet
   facet normal 0 0 -1
      outer loop
         vertex 0.000555207 -0.0786065 -0.02
         vertex 0.000702613 -0.0786747 -0.02
         vertex 1.66967e-17 -0.08 -0.02
      endloop
   endfacet
   facet normal 0 0 -1
      outer loop
         vertex 0.000702613 -0.0786747 -0.02
         vertex 0.000841781 -0.0787585 -0.02
         vertex 1.66967e-17 -0.08 -0.02
      endloop
   endfacet
   facet normal 0 0 -1
      outer loop
         vertex 0.000841781 -0.0787585 -0.02
         vertex 0.000971079 -0.0788568 -0.02
         vertex 1.66967e-17 -0.08 -0.02
      endloop
   endfacet
   facet normal 0 0 -1
      outer loop
         vertex 0.000971079 -0.0788568 -0.02
         vertex 0.00108899 -0.0789685 -0.02
         vertex 1.66967e-17 -0.08 -0.02
      endloop
   endfacet
   facet normal 0 0 -1
      outer loop
         vertex 0.00108899 -0.0789685 -0.02
         vertex 0.00119414 -0.0790922 -0.02
         vertex 1.66967e-17 -0.08 -0.02
      endloop
   endfacet
   facet normal 0 0 -1
      outer loop
         vertex 0.00119414 -0.0790922 -0.02
         vertex 0.00128529 -0.0792267 -0.02
         vertex 1.66967e-17 -0.08 -0.02
      endloop
   endfacet
   facet normal 0 0 -1
      outer loop
         vertex 0.00128529 -0.0792267 -0.02
         vertex 0.00136136 -0.0793702 -0.02
         vertex 1.66967e-17 -0.08 -0.02
      endloop
   endfacet
   facet normal 0 0 -1
      outer loop
         vertex 0.00136136 -0.0793702 -0.02
         vertex 0.00142148 -0.079521 -0.02
         vertex 1.66967e-17 -0.08 -0.02
      endloop
   endfacet
   facet normal 0 0 -1
      outer loop
         vertex 0.00142148 -0.079521 -0.02
         vertex 0.00146493 -0.0796775 -0.02
         vertex 1.66967e-17 -0.08 -0.02
      endloop
   endfacet
   facet normal 0 0 -1
      outer loop
         vertex 0.00146493 -0.0796775 -0.02
         vertex 0.00149121 -0.0798378 -0.02
         vertex 1.66967e-17 -0.08 -0.02
      endloop
   endfacet
   facet normal 0 0 -1
      outer loop
         vertex 0.00149121 -0.0798378 -0.02
         vertex 0.0015 -0.08 -0.02
         vertex 1.66967e-17 -0.08 -0.02
      endloop
   endfacet
   facet normal 0 0 -1
      outer loop
         vertex 0.0015 -0.08 -0.02
         vertex 0.00149121 -0.0801622 -0.02
         vertex 1.66967e-17 -0.08 -0.02
      endloop
   endfacet
   facet normal 0 0 -1
      outer loop
         vertex 0.00149121 -0.0801622 -0.02
         vertex 0.00146493 -0.0803225 -0.02
         vertex 1.66967e-17 -0.08 -0.02
      endloop
   endfacet
   facet normal 0 0 -1
      outer loop
         vertex 0.00146493 -0.0803225 -0.02
         vertex 0.00142148 -0.080479 -0.02
         vertex 1.66967e-17 -0.08 -0.02
      endloop
   endfacet
   facet normal 0 0 -1
      outer loop
         vertex 0.00142148 -0.080479 -0.02
         vertex 0.00136136 -0.0806298 -0.02
         vertex 1.66967e-17 -0.08 -0.02
      endloop
   endfacet
   facet normal 0 0 -1
      outer loop
         vertex 0.00136136 -0.0806298 -0.02
         vertex 0.00128529 -0.0807733 -0.02
         vertex 1.66967e-17 -0.08 -0.02
      endloop
   endfacet
   facet normal 0 0 -1
      outer loop
         vertex 0.00128529 -0.0807733 -0.02
         vertex 0.00119414 -0.0809078 -0.02
         vertex 1.66967e-17 -0.08 -0.02
      endloop
   endfacet
   facet normal 0 0 -1
      outer loop
         vertex 0.00119414 -0.0809078 -0.02
         vertex 0.00108899 -0.0810315 -0.02
         vertex 1.66967e-17 -0.08 -0.02
      endloop
   endfacet
   facet normal 0 0 -1
      outer loop
         vertex 0.00108899 -0.0810315 -0.02
         vertex 0.000971079 -0.0811432 -0.02
         vertex 1.66967e-17 -0.08 -0.02
      endloop
   endfacet
   facet normal 0 0 -1
      outer loop
         vertex 0.000971079 -0.0811432 -0.02
         vertex 0.000841781 -0.0812415 -0.02
         vertex 1.66967e-17 -0.08 -0.02
      endloop
   endfacet
   facet normal 0 0 -1
      outer loop
         vertex 0.000841781 -0.0812415 -0.02
         vertex 0.000702613 -0.0813253 -0.02
         vertex 1.66967e-17 -0.08 -0.02
      endloop
   endfacet
   facet normal 0 0 -1
      outer loop
         vertex 0.000702613 -0.0813253 -0.02
         vertex 0.000555207 -0.0813935 -0.02
         vertex 1.66967e-17 -0.08 -0.02
      endloop
   endfacet
   facet normal 0 0 -1
      outer loop
         vertex 0.000555207 -0.0813935 -0.02
         vertex 0.000401293 -0.0814453 -0.02
         vertex 1.66967e-17 -0.08 -0.02
      endloop
   endfacet
   facet normal 0 0 -1
      outer loop
         vertex 0.000401293 -0.0814453 -0.02
         vertex 0.000242673 -0.0814802 -0.02
         vertex 1.66967e-17 -0.08 -0.02
      endloop
   endfacet
   facet normal 0 0 -1
      outer loop
         vertex 0.000242673 -0.0814802 -0.02
         vertex 8.12084e-05 -0.0814978 -0.02
         vertex 1.66967e-17 -0.08 -0.02
      endloop
   endfacet
   facet normal 0 0 -1
      outer loop
         vertex 8.12084e-05 -0.0814978 -0.02
         vertex -8.12084e-05 -0.0814978 -0.02
         vertex 1.66967e-17 -0.08 -0.02
      endloop
   endfacet
   facet normal 0 0 -1
      outer loop
         vertex -8.12084e-05 -0.0814978 -0.02
         vertex -0.000242673 -0.0814802 -0.02
         vertex 1.66967e-17 -0.08 -0.02
      endloop
   endfacet
   facet normal 0 0 -1
      outer loop
         vertex -0.000242673 -0.0814802 -0.02
         vertex -0.000401293 -0.0814453 -0.02
         vertex 1.66967e-17 -0.08 -0.02
      endloop
   endfacet
   facet normal 0 0 -1
      outer loop
         vertex -0.000401293 -0.0814453 -0.02
         vertex -0.000555207 -0.0813935 -0.02
         vertex 1.66967e-17 -0.08 -0.02
      endloop
   endfacet
   facet normal 0 0 -1
      outer loop
         vertex -0.000555207 -0.0813935 -0.02
         vertex -0.000702613 -0.0813253 -0.02
         vertex 1.66967e-17 -0.08 -0.02
      endloop
   endfacet
   facet normal 0 0 -1
      outer loop
         vertex -0.000702613 -0.0813253 -0.02
         vertex -0.000841781 -0.0812415 -0.02
         vertex 1.66967e-17 -0.08 -0.02
      endloop
   endfacet
   facet normal 0 0 -1
      outer loop
         vertex -0.000841781 -0.0812415 -0.02
         vertex -0.000971079 -0.0811432 -0.02
         vertex 1.66967e-17 -0.08 -0.02
      endloop
   endfacet
   facet normal 0 0 -1
      outer loop
         vertex -0.000971079 -0.0811432 -0.02
         vertex -0.00108899 -0.0810315 -0.02
         vertex 1.66967e-17 -0.08 -0.02
      endloop
   endfacet
   facet normal 0 0 -1
      outer loop
         vertex -0.00108899 -0.0810315 -0.02
         vertex -0.00119414 -0.0809078 -0.02
         vertex 1.66967e-17 -0.08 -0.02
      endloop
   endfacet
   facet normal 0 0 -1
      outer loop
         vertex -0.00119414 -0.0809078 -0.02
         vertex -0.00128529 -0.0807733 -0.02
         vertex 1.66967e-17 -0.08 -0.02
      endloop
   endfacet
   facet normal 0 0 -1
      outer loop
         vertex -0.00128529 -0.0807733 -0.02
         vertex -0.00136136 -0.0806298 -0.02
         vertex 1.66967e-17 -0.08 -0.02
      endloop
   endfacet
   facet normal 0 0 -1
      outer loop
         vertex -0.00136136 -0.0806298 -0.02
         vertex -0.00142148 -0.080479 -0.02
         vertex 1.66967e-17 -0.08 -0.02
      endloop
   endfacet
   facet normal 0 0 -1
      outer loop
         vertex -0.00142148 -0.080479 -0.02
         vertex -0.00146493 -0.0803225 -0.02
         vertex 1.66967e-17 -0.08 -0.02
      endloop
   endfacet
   facet normal 0 0 -1
      outer loop
         vertex -0.00146493 -0.0803225 -0.02
         vertex -0.00149121 -0.0801622 -0.02
         vertex 1.66967e-17 -0.08 -0.02
      endloop
   endfacet
   facet normal 0 0 -1
      outer loop
         vertex -0.00149121 -0.0801622 -0.02
         vertex -0.0015 -0.08 -0.02
         vertex 1.66967e-17 -0.08 -0.02
      endloop
   endfacet
   facet normal 0 0 -1
      outer loop
         vertex -0.0015 -0.08 -0.02
         vertex -0.00149121 -0.0798378 -0.02
         vertex 1.66967e-17 -0.08 -0.02
      endloop
   endfacet
   facet normal 1 0 0
      outer loop
         vertex -0.0185 -0.08 0.055
         vertex -0.0185 -0.08 -0.02
         vertex -0.0185088 -0.0798378 -0.02
      endloop
   endfacet
   facet normal 0.994138 0.108119 0
      outer loop
         vertex -0.0185088 -0.0798378 0.055
         vertex -0.0185088 -0.0798378 -0.02
         vertex -0.0185351 -0.0796775 -0.02
      endloop
   endfacet
   facet normal 0.976621 0.21497 0
      outer loop
         vertex -0.0185351 -0.0796775 0.055
         vertex -0.0185351 -0.0796775 -0.02
         vertex -0.0185785 -0.079521 -0.02
      endloop
   endfacet
   facet normal 0.947653 0.319302 0
      outer loop
         vertex -0.0185785 -0.079521 0.055
         vertex -0.0185785 -0.079521 -0.02
         vertex -0.0186386 -0.0793702 -0.02
      endloop
   endfacet
   facet normal 0.907575 0.419889 0
      outer loop
         vertex -0.0186386 -0.0793702 0.055
         vertex -0.0186386 -0.0793702 -0.02
         vertex -0.0187147 -0.0792267 -0.02
      endloop
   endfacet
   facet normal 0.856857 0.515554 0
      outer loop
         vertex -0.0187147 -0.0792267 0.055
         vertex -0.0187147 -0.0792267 -0.02
         vertex -0.0188059 -0.0790922 -0.02
      endloop
   endfacet
   facet normal 0.796093 0.605174 0
      outer loop
         vertex -0.0188059 -0.0790922 0.055
         vertex -0.0188059 -0.0790922 -0.02
         vertex -0.018911 -0.0789685 -0.02
      endloop
   endfacet
   facet normal 0.725995 0.687699 0
      outer loop
         vertex -0.018911 -0.0789685 0.055
         vertex -0.018911 -0.0789685 -0.02
         vertex -0.0190289 -0.0788568 -0.02
      endloop
   endfacet
   facet normal 0.647386 0.762162 0
      outer loop
         vertex -0.0190289 -0.0788568 0.055
         vertex -0.0190289 -0.0788568 -0.02
         vertex -0.0191582 -0.0787585 -0.02
      endloop
   endfacet
   facet normal 0.561187 0.827689 0
      outer loop
         vertex -0.0191582 -0.0787585 0.055
         vertex -0.0191582 -0.0787585 -0.02
         vertex -0.0192974 -0.0786747 -0.02
      endloop
   endfacet
   facet normal 0.468408 0.883512 0
      outer loop
         vertex -0.0192974 -0.0786747 0.055
         vertex -0.0192974 -0.0786747 -0.02
         vertex -0.0194448 -0.0786065 -0.02
      endloop
   endfacet
   facet normal 0.370138 0.928977 0
      outer loop
         vertex -0.0194448 -0.0786065 0.055
         vertex -0.0194448 -0.0786065 -0.02
         vertex -0.0195987 -0.0785547 -0.02
      endloop
   endfacet
   facet normal 0.267528 0.96355 0
      outer loop
         vertex -0.0195987 -0.0785547 0.055
         vertex -0.0195987 -0.0785547 -0.02
         vertex -0.0197573 -0.0785198 -0.02
      endloop
   endfacet
   facet normal 0.161782 0.986827 0
      outer loop
         vertex -0.0197573 -0.0785198 0.055
         vertex -0.0197573 -0.0785198 -0.02
         vertex -0.0199188 -0.0785022 -0.02
      endloop
   endfacet
   facet normal 0.0541389 0.998533 0
      outer loop
         vertex -0.0199188 -0.0785022 0.055
         vertex -0.0199188 -0.0785022 -0.02
         vertex -0.0200812 -0.0785022 -0.02
      endloop
   endfacet
   facet normal -0.0541389 0.998533 0
      outer loop
         vertex -0.0200812 -0.0785022 0.055
         vertex -0.0200812 -0.0785022 -0.02
         vertex -0.0202427 -0.0785198 -0.02
      endloop
   endfacet
   facet normal -0.161782 0.986827 0
      outer loop
         vertex -0.0202427 -0.0785198 0.055
         vertex -0.0202427 -0.0785198 -0.02
         vertex -0.0204013 -0.0785547 -0.02
      endloop
   endfacet
   facet normal -0.267528 0.96355 0
      outer loop
         vertex -0.0204013 -0.0785547 0.055
         vertex -0.0204013 -0.0785547 -0.02
         vertex -0.0205552 -0.0786065 -0.02
      endloop
   endfacet
   facet normal -0.370138 0.928977 0
      outer loop
         vertex -0.0205552 -0.0786065 0.055
         vertex -0.0205552 -0.0786065 -0.02
         vertex -0.0207026 -0.0786747 -0.02
      endloop
   endfacet
   facet normal -0.468408 0.883512 0
      outer loop
         vertex -0.0207026 -0.0786747 0.055
         vertex -0.0207026 -0.0786747 -0.02
         vertex -0.0208418 -0.0787585 -0.02
      endloop
   endfacet
   facet normal -0.561187 0.827689 0
      outer loop
         vertex -0.0208418 -0.0787585 0.055
         vertex -0.0208418 -0.0787585 -0.02
         vertex -0.0209711 -0.0788568 -0.02
      endloop
   endfacet
   facet normal -0.647386 0.762162 0
      outer loop
         vertex -0.0209711 -0.0788568 0.055
         vertex -0.0209711 -0.0788568 -0.02
         vertex -0.021089 -0.0789685 -0.02
      endloop
   endfacet
   facet normal -0.725995 0.687699 0
      outer loop
         vertex -0.021089 -0.0789685 0.055
         vertex -0.021089 -0.0789685 -0.02
         vertex -0.0211941 -0.0790922 -0.02
      endloop
   endfacet
   facet normal -0.796093 0.605174 0
      outer loop
         vertex -0.0211941 -0.0790922 0.055
         vertex -0.0211941 -0.0790922 -0.02
         vertex -0.0212853 -0.0792267 -0.02
      endloop
   endfacet
   facet normal -0.856857 0.515554 0
      outer loop
         vertex -0.0212853 -0.0792267 0.055
         vertex -0.0212853 -0.0792267 -0.02
         vertex -0.0213614 -0.0793702 -0.02
      endloop
   endfacet
   facet normal -0.907575 0.419889 0
      outer loop
         vertex -0.0213614 -0.0793702 0.055
         vertex -0.0213614 -0.0793702 -0.02
         vertex -0.0214215 -0.079521 -0.02
      endloop
   endfacet
   facet normal -0.947653 0.319302 0
      outer loop
         vertex -0.0214215 -0.079521 0.055
         vertex -0.0214215 -0.079521 -0.02
         vertex -0.0214649 -0.0796775 -0.02
      endloop
   endfacet
   facet normal -0.976621 0.21497 0
      outer loop
         vertex -0.0214649 -0.0796775 0.055
         vertex -0.0214649 -0.0796775 -0.02
         vertex -0.0214912 -0.0798378 -0.02
      endloop
   endfacet
   facet normal -0.994138 0.108119 0
      outer loop
         vertex -0.0214912 -0.0798378 0.055
         vertex -0.0214912 -0.0798378 -0.02
         vertex -0.0215 -0.08 -0.02
      endloop
   endfacet
   facet normal -1 1.22465e-16 0
      outer loop
         vertex -0.0215 -0.08 0.055
         vertex -0.0215 -0.08 -0.02
         vertex -0.0214912 -0.0801622 -0.02
      endloop
   endfacet
   facet normal -0.994138 -0.108119 0
      outer loop
         vertex -0.0214912 -0.0801622 0.055
         vertex -0.0214912 -0.0801622 -0.02
         vertex -0.0214649 -0.0803225 -0.02
      endloop
   endfacet
   facet normal -0.976621 -0.21497 0
      outer loop
         vertex -0.0214649 -0.0803225 0.055
         vertex -0.0214649 -0.0803225 -0.02
         vertex -0.0214215 -0.080479 -0.02
      endloop
   endfacet
   facet normal -0.947653 -0.319302 0
      outer loop
         vertex -0.0214215 -0.080479 0.055
         vertex -0.0214215 -0.080479 -0.02
         vertex -0.0213614 -0.0806298 -0.02
      endloop
   endfacet
   facet normal -0.907575 -0.419889 0
      outer loop
         vertex -0.0213614 -0.0806298 0.055
         vertex -0.0213614 -0.0806298 -0.02
         vertex -0.0212853 -0.0807733 -0.02
      endloop
   endfacet
   facet normal -0.856857 -0.515554 0
      outer loop
         vertex -0.0212853 -0.0807733 0.055
         vertex -0.0212853 -0.0807733 -0.02
         vertex -0.0211941 -0.0809078 -0.02
      endloop
   endfacet
   facet normal -0.796093 -0.605174 0
      outer loop
         vertex -0.0211941 -0.0809078 0.055
         vertex -0.0211941 -0.0809078 -0.02
         vertex -0.021089 -0.0810315 -0.02
      endloop
   endfacet
   facet normal -0.725995 -0.687699 0
      outer loop
         vertex -0.021089 -0.0810315 0.055
         vertex -0.021089 -0.0810315 -0.02
         vertex -0.0209711 -0.0811432 -0.02
      endloop
   endfacet
   facet normal -0.647386 -0.762162 0
      outer loop
         vertex -0.0209711 -0.0811432 0.055
         vertex -0.0209711 -0.0811432 -0.02
         vertex -0.0208418 -0.0812415 -0.02
      endloop
   endfacet
   facet normal -0.561187 -0.827689 0
      outer loop
         vertex -0.0208418 -0.0812415 0.055
         vertex -0.0208418 -0.0812415 -0.02
         vertex -0.0207026 -0.0813253 -0.02
      endloop
   endfacet
   facet normal -0.468408 -0.883512 0
      outer loop
         vertex -0.0207026 -0.0813253 0.055
         vertex -0.0207026 -0.0813253 -0.02
         vertex -0.0205552 -0.0813935 -0.02
      endloop
   endfacet
   facet normal -0.370138 -0.928977 0
      outer loop
         vertex -0.0205552 -0.0813935 0.055
         vertex -0.0205552 -0.0813935 -0.02
         vertex -0.0204013 -0.0814453 -0.02
      endloop
   endfacet
   facet normal -0.267528 -0.96355 0
      outer loop
         vertex -0.0204013 -0.0814453 0.055
         vertex -0.0204013 -0.0814453 -0.02
         vertex -0.0202427 -0.0814802 -0.02
      endloop
   endfacet
   facet normal -0.161782 -0.986827 0
      outer loop
         vertex -0.0202427 -0.0814802 0.055
         vertex -0.0202427 -0.0814802 -0.02
         vertex -0.0200812 -0.0814978 -0.02
      endloop
   endfacet
   facet normal -0.0541389 -0.998533 0
      outer loop
         vertex -0.0200812 -0.0814978 0.055
         vertex -0.0200812 -0.0814978 -0.02
         vertex -0.0199188 -0.0814978 -0.02
      endloop
   endfacet
   facet normal 0.0541389 -0.998533 0
      outer loop
         vertex -0.0199188 -0.0814978 0.055
         vertex -0.0199188 -0.0814978 -0.02
         vertex -0.0197573 -0.0814802 -0.02
      endloop
   endfacet
   facet normal 0.161782 -0.986827 0
      outer loop
         vertex -0.0197573 -0.0814802 0.055
         vertex -0.0197573 -0.0814802 -0.02
         vertex -0.0195987 -0.0814453 -0.02
      endloop
   endfacet
   facet normal 0.267528 -0.96355 0
      outer loop
         vertex -0.0195987 -0.0814453 0.055
         vertex -0.0195987 -0.0814453 -0.02
         vertex -0.0194448 -0.0813935 -0.02
      endloop
   endfacet
   facet normal 0.370138 -0.928977 0
      outer loop
         vertex -0.0194448 -0.0813935 0.055
         vertex -0.0194448 -0.0813935 -0.02
         vertex -0.0192974 -0.0813253 -0.02
      endloop
   endfacet
   facet normal 0.468408 -0.883512 0
      outer loop
         vertex -0.0192974 -0.0813253 0.055
         vertex -0.0192974 -0.0813253 -0.02
         vertex -0.0191582 -0.0812415 -0.02
      endloop
   endfacet
   facet normal 0.561187 -0.827689 0
      outer loop
         vertex -0.0191582 -0.0812415 0.055
         vertex -0.0191582 -0.0812415 -0.02
         vertex -0.0190289 -0.0811432 -0.02
      endloop
   endfacet
   facet normal 0.647386 -0.762162 0
      outer loop
         vertex -0.0190289 -0.0811432 0.055
         vertex -0.0190289 -0.0811432 -0.02
         vertex -0.018911 -0.0810315 -0.02
      endloop
   endfacet
   facet normal 0.725995 -0.687699 0
      outer loop
         vertex -0.018911 -0.0810315 0.055
         vertex -0.018911 -0.0810315 -0.02
         vertex -0.0188059 -0.0809078 -0.02
      endloop
   endfacet
   facet normal 0.796093 -0.605174 0
      outer loop
         vertex -0.0188059 -0.0809078 0.055
         vertex -0.0188059 -0.0809078 -0.02
         vertex -0.0187147 -0.0807733 -0.02
      endloop
   endfacet
   facet normal 0.856857 -0.515554 0
      outer loop
         vertex -0.0187147 -0.0807733 0.055
         vertex -0.0187147 -0.0807733 -0.02
         vertex -0.0186386 -0.0806298 -0.02
      endloop
   endfacet
   facet normal 0.907575 -0.419889 0
      outer loop
         vertex -0.0186386 -0.0806298 0.055
         vertex -0.0186386 -0.0806298 -0.02
         vertex -0.0185785 -0.080479 -0.02
      endloop
   endfacet
   facet normal 0.947653 -0.319302 0
      outer loop
         vertex -0.0185785 -0.080479 0.055
         vertex -0.0185785 -0.080479 -0.02
         vertex -0.0185351 -0.0803225 -0.02
      endloop
   endfacet
   facet normal 0.976621 -0.21497 0
      outer loop
         vertex -0.0185351 -0.0803225 0.055
         vertex -0.0185351 -0.0803225 -0.02
         vertex -0.0185088 -0.0801622 -0.02
      endloop
   endfacet
   facet normal 0.994138 -0.108119 0
      outer loop
         vertex -0.0185088 -0.0801622 0.055
         vertex -0.0185088 -0.0801622 -0.02
         vertex -0.0185 -0.08 -0.02
      endloop
   endfacet
   facet normal 1 0 0
      outer loop
         vertex -0.0185 -0.08 -0.02
         vertex -0.0185 -0.08 0.055
         vertex -0.0185088 -0.0801622 0.055
      endloop
   endfacet
   facet normal 0.994138 -0.108119 0
      outer loop
         vertex -0.0185088 -0.0801622 -0.02
         vertex -0.0185088 -0.0801622 0.055
         vertex -0.0185351 -0.0803225 0.055
      endloop
   endfacet
   facet normal 0.976621 -0.21497 0
      outer loop
         vertex -0.0185351 -0.0803225 -0.02
         vertex -0.0185351 -0.0803225 0.055
         vertex -0.0185785 -0.080479 0.055
      endloop
   endfacet
   facet normal 0.947653 -0.319302 0
      outer loop
         vertex -0.0185785 -0.080479 -0.02
         vertex -0.0185785 -0.080479 0.055
         vertex -0.0186386 -0.0806298 0.055
      endloop
   endfacet
   facet normal 0.907575 -0.419889 0
      outer loop
         vertex -0.0186386 -0.0806298 -0.02
         vertex -0.0186386 -0.0806298 0.055
         vertex -0.0187147 -0.0807733 0.055
      endloop
   endfacet
   facet normal 0.856857 -0.515554 0
      outer loop
         vertex -0.0187147 -0.0807733 -0.02
         vertex -0.0187147 -0.0807733 0.055
         vertex -0.0188059 -0.0809078 0.055
      endloop
   endfacet
   facet normal 0.796093 -0.605174 0
      outer loop
         vertex -0.0188059 -0.0809078 -0.02
         vertex -0.0188059 -0.0809078 0.055
         vertex -0.018911 -0.0810315 0.055
      endloop
   endfacet
   facet normal 0.725995 -0.687699 0
      outer loop
         vertex -0.018911 -0.0810315 -0.02
         vertex -0.018911 -0.0810315 0.055
         vertex -0.0190289 -0.0811432 0.055
      endloop
   endfacet
   facet normal 0.647386 -0.762162 0
      outer loop
         vertex -0.0190289 -0.0811432 -0.02
         vertex -0.0190289 -0.0811432 0.055
         vertex -0.0191582 -0.0812415 0.055
      endloop
   endfacet
   facet normal 0.561187 -0.827689 0
      outer loop
         vertex -0.0191582 -0.0812415 -0.02
         vertex -0.0191582 -0.0812415 0.055
         vertex -0.0192974 -0.0813253 0.055
      endloop
   endfacet
   facet normal 0.468408 -0.883512 0
      outer loop
         vertex -0.0192974 -0.0813253 -0.02
         vertex -0.0192974 -0.0813253 0.055
         vertex -0.0194448 -0.0813935 0.055
      endloop
   endfacet
   facet normal 0.370138 -0.928977 0
      outer loop
         vertex -0.0194448 -0.0813935 -0.02
         vertex -0.0194448 -0.0813935 0.055
         vertex -0.0195987 -0.0814453 0.055
      endloop
   endfacet
   facet normal 0.267528 -0.96355 0
      outer loop
         vertex -0.0195987 -0.0814453 -0.02
         vertex -0.0195987 -0.0814453 0.055
         vertex -0.0197573 -0.0814802 0.055
      endloop
   endfacet
   facet normal 0.161782 -0.986827 0
      outer loop
         vertex -0.0197573 -0.0814802 -0.02
         vertex -0.0197573 -0.0814802 0.055
         vertex -0.0199188 -0.0814978 0.055
      endloop
   endfacet
   facet normal 0.0541389 -0.998533 0
      outer loop
         vertex -0.0199188 -0.0814978 -0.02
         vertex -0.0199188 -0.0814978 0.055
         vertex -0.0200812 -0.0814978 0.055
      endloop
   endfacet
   facet normal -0.0541389 -0.998533 0
      outer loop
         vertex -0.0200812 -0.0814978 -0.02
         vertex -0.0200812 -0.0814978 0.055
         vertex -0.0202427 -0.0814802 0.055
      endloop
   endfacet
   facet normal -0.161782 -0.986827 0
      outer loop
         vertex -0.0202427 -0.0814802 -0.02
         vertex -0.0202427 -0.0814802 0.055
         vertex -0.0204013 -0.0814453 0.055
      endloop
   endfacet
   facet normal -0.267528 -0.96355 0
      outer loop
         vertex -0.0204013 -0.0814453 -0.02
         vertex -0.0204013 -0.0814453 0.055
         vertex -0.0205552 -0.0813935 0.055
      endloop
   endfacet
   facet normal -0.370138 -0.928977 0
      outer loop
         vertex -0.0205552 -0.0813935 -0.02
         vertex -0.0205552 -0.0813935 0.055
         vertex -0.0207026 -0.0813253 0.055
      endloop
   endfacet
   facet normal -0.468408 -0.883512 0
      outer loop
         vertex -0.0207026 -0.0813253 -0.02
         vertex -0.0207026 -0.0813253 0.055
         vertex -0.0208418 -0.0812415 0.055
      endloop
   endfacet
   facet normal -0.561187 -0.827689 0
      outer loop
         vertex -0.0208418 -0.0812415 -0.02
         vertex -0.0208418 -0.0812415 0.055
         vertex -0.0209711 -0.0811432 0.055
      endloop
   endfacet
   facet normal -0.647386 -0.762162 0
      outer loop
         vertex -0.0209711 -0.0811432 -0.02
         vertex -0.0209711 -0.0811432 0.055
         vertex -0.021089 -0.0810315 0.055
      endloop
   endfacet
   facet normal -0.725995 -0.687699 0
      outer loop
         vertex -0.021089 -0.0810315 -0.02
         vertex -0.021089 -0.0810315 0.055
         vertex -0.0211941 -0.0809078 0.055
      endloop
   endfacet
   facet normal -0.796093 -0.605174 0
      outer loop
         vertex -0.0211941 -0.0809078 -0.02
         vertex -0.0211941 -0.0809078 0.055
         vertex -0.0212853 -0.0807733 0.055
      endloop
   endfacet
   facet normal -0.856857 -0.515554 0
      outer loop
         vertex -0.0212853 -0.0807733 -0.02
         vertex -0.0212853 -0.0807733 0.055
         vertex -0.0213614 -0.0806298 0.055
      endloop
   endfacet
   facet normal -0.907575 -0.419889 0
      outer loop
         vertex -0.0213614 -0.0806298 -0.02
         vertex -0.0213614 -0.0806298 0.055
         vertex -0.0214215 -0.080479 0.055
      endloop
   endfacet
   facet normal -0.947653 -0.319302 0
      outer loop
         vertex -0.0214215 -0.080479 -0.02
         vertex -0.0214215 -0.080479 0.055
         vertex -0.0214649 -0.0803225 0.055
      endloop
   endfacet
   facet normal -0.976621 -0.21497 0
      outer loop
         vertex -0.0214649 -0.0803225 -0.02
         vertex -0.0214649 -0.0803225 0.055
         vertex -0.0214912 -0.0801622 0.055
      endloop
   endfacet
   facet normal -0.994138 -0.108119 0
      outer loop
         vertex -0.0214912 -0.0801622 -0.02
         vertex -0.0214912 -0.0801622 0.055
         vertex -0.0215 -0.08 0.055
      endloop
   endfacet
   facet normal -1 1.22465e-16 0
      outer loop
         vertex -0.0215 -0.08 -0.02
         vertex -0.0215 -0.08 0.055
         vertex -0.0214912 -0.0798378 0.055
      endloop
   endfacet
   facet normal -0.994138 0.108119 0
      outer loop
         vertex -0.0214912 -0.0798378 -0.02
         vertex -0.0214912 -0.0798378 0.055
         vertex -0.0214649 -0.0796775 0.055
      endloop
   endfacet
   facet normal -0.976621 0.21497 0
      outer loop
         vertex -0.0214649 -0.0796775 -0.02
         vertex -0.0214649 -0.0796775 0.055
         vertex -0.0214215 -0.079521 0.055
      endloop
   endfacet
   facet normal -0.947653 0.319302 0
      outer loop
         vertex -0.0214215 -0.079521 -0.02
         vertex -0.0214215 -0.079521 0.055
         vertex -0.0213614 -0.0793702 0.055
      endloop
   endfacet
   facet normal -0.907575 0.419889 0
      outer loop
         vertex -0.0213614 -0.0793702 -0.02
         vertex -0.0213614 -0.0793702 0.055
         vertex -0.0212853 -0.0792267 0.055
      endloop
   endfacet
   facet normal -0.856857 0.515554 0
      outer loop
         vertex -0.0212853 -0.0792267 -0.02
         vertex -0.0212853 -0.0792267 0.055
         vertex -0.0211941 -0.0790922 0.055
      endloop
   endfacet
   facet normal -0.796093 0.605174 0
      outer loop
         vertex -0.0211941 -0.0790922 -0.02
         vertex -0.0211941 -0.0790922 0.055
         vertex -0.021089 -0.0789685 0.055
      endloop
   endfacet
   facet normal -0.725995 0.687699 0
      outer loop
         vertex -0.021089 -0.0789685 -0.02
         vertex -0.021089 -0.0789685 0.055
         vertex -0.0209711 -0.0788568 0.055
      endloop
   endfacet
   facet normal -0.647386 0.762162 0
      outer loop
         vertex -0.0209711 -0.0788568 -0.02
         vertex -0.0209711 -0.0788568 0.055
         vertex -0.0208418 -0.0787585 0.055
      endloop
   endfacet
   facet normal -0.561187 0.827689 0
      outer loop
         vertex -0.0208418 -0.0787585 -0.02
         vertex -0.0208418 -0.0787585 0.055
         vertex -0.0207026 -0.0786747 0.055
      endloop
   endfacet
   facet normal -0.468408 0.883512 0
      outer loop
         vertex -0.0207026 -0.0786747 -0.02
         vertex -0.0207026 -0.0786747 0.055
         vertex -0.0205552 -0.0786065 0.055
      endloop
   endfacet
   facet normal -0.370138 0.928977 0
      outer loop
         vertex -0.0205552 -0.0786065 -0.02
         vertex -0.0205552 -0.0786065 0.055
         vertex -0.0204013 -0.0785547 0.055
      endloop
   endfacet
   facet normal -0.267528 0.96355 0
      outer loop
         vertex -0.0204013 -0.0785547 -0.02
         vertex -0.0204013 -0.0785547 0.055
         vertex -0.0202427 -0.0785198 0.055
      endloop
   endfacet
   facet normal -0.161782 0.986827 0
      outer loop
         vertex -0.0202427 -0.0785198 -0.02
         vertex -0.0202427 -0.0785198 0.055
         vertex -0.0200812 -0.0785022 0.055
      endloop
   endfacet
   facet normal -0.0541389 0.998533 0
      outer loop
         vertex -0.0200812 -0.0785022 -0.02
         vertex -0.0200812 -0.0785022 0.055
         vertex -0.0199188 -0.0785022 0.055
      endloop
   endfacet
   facet normal 0.0541389 0.998533 0
      outer loop
         vertex -0.0199188 -0.0785022 -0.02
         vertex -0.0199188 -0.0785022 0.055
         vertex -0.0197573 -0.0785198 0.055
      endloop
   endfacet
   facet normal 0.161782 0.986827 0
      outer loop
         vertex -0.0197573 -0.0785198 -0.02
         vertex -0.0197573 -0.0785198 0.055
         vertex -0.0195987 -0.0785547 0.055
      endloop
   endfacet
   facet normal 0.267528 0.96355 0
      outer loop
         vertex -0.0195987 -0.0785547 -0.02
         vertex -0.0195987 -0.0785547 0.055
         vertex -0.0194448 -0.0786065 0.055
      endloop
   endfacet
   facet normal 0.370138 0.928977 0
      outer loop
         vertex -0.0194448 -0.0786065 -0.02
         vertex -0.0194448 -0.0786065 0.055
         vertex -0.0192974 -0.0786747 0.055
      endloop
   endfacet
   facet normal 0.468408 0.883512 0
      outer loop
         vertex -0.0192974 -0.0786747 -0.02
         vertex -0.0192974 -0.0786747 0.055
         vertex -0.0191582 -0.0787585 0.055
      endloop
   endfacet
   facet normal 0.561187 0.827689 0
      outer loop
         vertex -0.0191582 -0.0787585 -0.02
         vertex -0.0191582 -0.0787585 0.055
         vertex -0.0190289 -0.0788568 0.055
      endloop
   endfacet
   facet normal 0.647386 0.762162 0
      outer loop
         vertex -0.0190289 -0.0788568 -0.02
         vertex -0.0190289 -0.0788568 0.055
         vertex -0.018911 -0.0789685 0.055
      endloop
   endfacet
   facet normal 0.725995 0.687699 0
      outer loop
         vertex -0.018911 -0.0789685 -0.02
         vertex -0.018911 -0.0789685 0.055
         vertex -0.0188059 -0.0790922 0.055
      endloop
   endfacet
   facet normal 0.796093 0.605174 0
      outer loop
         vertex -0.0188059 -0.0790922 -0.02
         vertex -0.0188059 -0.0790922 0.055
         vertex -0.0187147 -0.0792267 0.055
      endloop
   endfacet
   facet normal 0.856857 0.515554 0
      outer loop
         vertex -0.0187147 -0.0792267 -0.02
         vertex -0.0187147 -0.0792267 0.055
         vertex -0.0186386 -0.0793702 0.055
      endloop
   endfacet
   facet normal 0.907575 0.419889 0
      outer loop
         vertex -0.0186386 -0.0793702 -0.02
         vertex -0.0186386 -0.0793702 0.055
         vertex -0.0185785 -0.079521 0.055
      endloop
   endfacet
   facet normal 0.947653 0.319302 0
      outer loop
         vertex -0.0185785 -0.079521 -0.02
         vertex -0.0185785 -0.079521 0.055
         vertex -0.0185351 -0.0796775 0.055
      endloop
   endfacet
   facet normal 0.976621 0.21497 0
      outer loop
         vertex -0.0185351 -0.0796775 -0.02
         vertex -0.0185351 -0.0796775 0.055
         vertex -0.0185088 -0.0798378 0.055
      endloop
   endfacet
   facet normal 0.994138 0.108119 0
      outer loop
         vertex -0.0185088 -0.0798378 -0.02
         vertex -0.0185088 -0.0798378 0.055
         vertex -0.0185 -0.08 0.055
      endloop
   endfacet
   facet normal 0 0 -1
      outer loop
         vertex -0.02 -0.08 -0.02
         vertex -0.0214912 -0.0798378 -0.02
         vertex -0.0214649 -0.0796775 -0.02
      endloop
   endfacet
   facet normal 0 0 -1
      outer loop
         vertex -0.0214649 -0.0796775 -0.02
         vertex -0.0214215 -0.079521 -0.02
         vertex -0.02 -0.08 -0.02
      endloop
   endfacet
   facet normal 0 0 -1
      outer loop
         vertex -0.0214215 -0.079521 -0.02
         vertex -0.0213614 -0.0793702 -0.02
         vertex -0.02 -0.08 -0.02
      endloop
   endfacet
   facet normal 0 0 -1
      outer loop
         vertex -0.0213614 -0.0793702 -0.02
         vertex -0.0212853 -0.0792267 -0.02
         vertex -0.02 -0.08 -0.02
      endloop
   endfacet
   facet normal 0 0 -1
      outer loop
         vertex -0.0212853 -0.0792267 -0.02
         vertex -0.0211941 -0.0790922 -0.02
         vertex -0.02 -0.08 -0.02
      endloop
   endfacet
   facet normal 0 0 -1
      outer loop
         vertex -0.0211941 -0.0790922 -0.02
         vertex -0.021089 -0.0789685 -0.02
         vertex -0.02 -0.08 -0.02
      endloop
   endfacet
   facet normal 0 0 -1
      outer loop
         vertex -0.021089 -0.0789685 -0.02
         vertex -0.0209711 -0.0788568 -0.02
         vertex -0.02 -0.08 -0.02
      endloop
   endfacet
   facet normal 0 0 -1
      outer loop
         vertex -0.0209711 -0.0788568 -0.02
         vertex -0.0208418 -0.0787585 -0.02
         vertex -0.02 -0.08 -0.02
      endloop
   endfacet
   facet normal 0 0 -1
      outer loop
         vertex -0.0208418 -0.0787585 -0.02
         vertex -0.0207026 -0.0786747 -0.02
         vertex -0.02 -0.08 -0.02
      endloop
   endfacet
   facet normal 0 0 -1
      outer loop
         vertex -0.0207026 -0.0786747 -0.02
         vertex -0.0205552 -0.0786065 -0.02
         vertex -0.02 -0.08 -0.02
      endloop
   endfacet
   facet normal 0 0 -1
      outer loop
         vertex -0.0205552 -0.0786065 -0.02
         vertex -0.0204013 -0.0785547 -0.02
         vertex -0.02 -0.08 -0.02
      endloop
   endfacet
   facet normal 0 0 -1
      outer loop
         vertex -0.0204013 -0.0785547 -0.02
         vertex -0.0202427 -0.0785198 -0.02
         vertex -0.02 -0.08 -0.02
      endloop
   endfacet
   facet normal 0 0 -1
      outer loop
         vertex -0.0202427 -0.0785198 -0.02
         vertex -0.0200812 -0.0785022 -0.02
         vertex -0.02 -0.08 -0.02
      endloop
   endfacet
   facet normal 0 0 -1
      outer loop
         vertex -0.0200812 -0.0785022 -0.02
         vertex -0.0199188 -0.0785022 -0.02
         vertex -0.02 -0.08 -0.02
      endloop
   endfacet
   facet normal 0 0 -1
      outer loop
         vertex -0.0199188 -0.0785022 -0.02
         vertex -0.0197573 -0.0785198 -0.02
         vertex -0.02 -0.08 -0.02
      endloop
   endfacet
   facet normal 0 0 -1
      outer loop
         vertex -0.0197573 -0.0785198 -0.02
         vertex -0.0195987 -0.0785547 -0.02
         vertex -0.02 -0.08 -0.02
      endloop
   endfacet
   facet normal 0 0 -1
      outer loop
         vertex -0.0195987 -0.0785547 -0.02
         vertex -0.0194448 -0.0786065 -0.02
         vertex -0.02 -0.08 -0.02
      endloop
   endfacet
   facet normal 0 0 -1
      outer loop
         vertex -0.0194448 -0.0786065 -0.02
         vertex -0.0192974 -0.0786747 -0.02
         vertex -0.02 -0.08 -0.02
      endloop
   endfacet
   facet normal 0 0 -1
      outer loop
         vertex -0.0192974 -0.0786747 -0.02
         vertex -0.0191582 -0.0787585 -0.02
         vertex -0.02 -0.08 -0.02
      endloop
   endfacet
   facet normal 0 0 -1
      outer loop
         vertex -0.0191582 -0.0787585 -0.02
         vertex -0.0190289 -0.0788568 -0.02
         vertex -0.02 -0.08 -0.02
      endloop
   endfacet
   facet normal 0 0 -1
      outer loop
         vertex -0.0190289 -0.0788568 -0.02
         vertex -0.018911 -0.0789685 -0.02
         vertex -0.02 -0.08 -0.02
      endloop
   endfacet
   facet normal 0 0 -1
      outer loop
         vertex -0.018911 -0.0789685 -0.02
         vertex -0.0188059 -0.0790922 -0.02
         vertex -0.02 -0.08 -0.02
      endloop
   endfacet
   facet normal 0 0 -1
      outer loop
         vertex -0.0188059 -0.0790922 -0.02
         vertex -0.0187147 -0.0792267 -0.02
         vertex -0.02 -0.08 -0.02
      endloop
   endfacet
   facet normal 0 0 -1
      outer loop
         vertex -0.0187147 -0.0792267 -0.02
         vertex -0.0186386 -0.0793702 -0.02
         vertex -0.02 -0.08 -0.02
      endloop
   endfacet
   facet normal 0 0 -1
      outer loop
         vertex -0.0186386 -0.0793702 -0.02
         vertex -0.0185785 -0.079521 -0.02
         vertex -0.02 -0.08 -0.02
      endloop
   endfacet
   facet normal 0 0 -1
      outer loop
         vertex -0.0185785 -0.079521 -0.02
         vertex -0.0185351 -0.0796775 -0.02
         vertex -0.02 -0.08 -0.02
      endloop
   endfacet
   facet normal 0 0 -1
      outer loop
         vertex -0.0185351 -0.0796775 -0.02
         vertex -0.0185088 -0.0798378 -0.02
         vertex -0.02 -0.08 -0.02
      endloop
   endfacet
   facet normal 0 0 -1
      outer loop
         vertex -0.0185088 -0.0798378 -0.02
         vertex -0.0185 -0.08 -0.02
         vertex -0.02 -0.08 -0.02
      endloop
   endfacet
   facet normal 0 0 -1
      outer loop
         vertex -0.0185 -0.08 -0.02
         vertex -0.0185088 -0.0801622 -0.02
         vertex -0.02 -0.08 -0.02
      endloop
   endfacet
   facet normal 0 0 -1
      outer loop
         vertex -0.0185088 -0.0801622 -0.02
         vertex -0.0185351 -0.0803225 -0.02
         vertex -0.02 -0.08 -0.02
      endloop
   endfacet
   facet normal 0 0 -1
      outer loop
         vertex -0.0185351 -0.0803225 -0.02
         vertex -0.0185785 -0.080479 -0.02
         vertex -0.02 -0.08 -0.02
      endloop
   endfacet
   facet normal 0 0 -1
      outer loop
         vertex -0.0185785 -0.080479 -0.02
         vertex -0.0186386 -0.0806298 -0.02
         vertex -0.02 -0.08 -0.02
      endloop
   endfacet
   facet normal 0 0 -1
      outer loop
         vertex -0.0186386 -0.0806298 -0.02
         vertex -0.0187147 -0.0807733 -0.02
         vertex -0.02 -0.08 -0.02
      endloop
   endfacet
   facet normal 0 0 -1
      outer loop
         vertex -0.0187147 -0.0807733 -0.02
         vertex -0.0188059 -0.0809078 -0.02
         vertex -0.02 -0.08 -0.02
      endloop
   endfacet
   facet normal 0 0 -1
      outer loop
         vertex -0.0188059 -0.0809078 -0.02
         vertex -0.018911 -0.0810315 -0.02
         vertex -0.02 -0.08 -0.02
      endloop
   endfacet
   facet normal 0 0 -1
      outer loop
         vertex -0.018911 -0.0810315 -0.02
         vertex -0.0190289 -0.0811432 -0.02
         vertex -0.02 -0.08 -0.02
      endloop
   endfacet
   facet normal 0 0 -1
      outer loop
         vertex -0.0190289 -0.0811432 -0.02
         vertex -0.0191582 -0.0812415 -0.02
         vertex -0.02 -0.08 -0.02
      endloop
   endfacet
   facet normal 0 0 -1
      outer loop
         vertex -0.0191582 -0.0812415 -0.02
         vertex -0.0192974 -0.0813253 -0.02
         vertex -0.02 -0.08 -0.02
      endloop
   endfacet
   facet normal 0 0 -1
      outer loop
         vertex -0.0192974 -0.0813253 -0.02
         vertex -0.0194448 -0.0813935 -0.02
         vertex -0.02 -0.08 -0.02
      endloop
   endfacet
   facet normal 0 0 -1
      outer loop
         vertex -0.0194448 -0.0813935 -0.02
         vertex -0.0195987 -0.0814453 -0.02
         vertex -0.02 -0.08 -0.02
      endloop
   endfacet
   facet normal 0 0 -1
      outer loop
         vertex -0.0195987 -0.0814453 -0.02
         vertex -0.0197573 -0.0814802 -0.02
         vertex -0.02 -0.08 -0.02
      endloop
   endfacet
   facet normal 0 0 -1
      outer loop
         vertex -0.0197573 -0.0814802 -0.02
         vertex -0.0199188 -0.0814978 -0.02
         vertex -0.02 -0.08 -0.02
      endloop
   endfacet
   facet normal 0 0 -1
      outer loop
         vertex -0.0199188 -0.0814978 -0.02
         vertex -0.0200812 -0.0814978 -0.02
         vertex -0.02 -0.08 -0.02
      endloop
   endfacet
   facet normal 0 0 -1
      outer loop
         vertex -0.0200812 -0.0814978 -0.02
         vertex -0.0202427 -0.0814802 -0.02
         vertex -0.02 -0.08 -0.02
      endloop
   endfacet
   facet normal 0 0 -1
      outer loop
         vertex -0.0202427 -0.0814802 -0.02
         vertex -0.0204013 -0.0814453 -0.02
         vertex -0.02 -0.08 -0.02
      endloop
   endfacet
   facet normal 0 0 -1
      outer loop
         vertex -0.0204013 -0.0814453 -0.02
         vertex -0.0205552 -0.0813935 -0.02
         vertex -0.02 -0.08 -0.02
      endloop
   endfacet
   facet normal 0 0 -1
      outer loop
         vertex -0.0205552 -0.0813935 -0.02
         vertex -0.0207026 -0.0813253 -0.02
         vertex -0.02 -0.08 -0.02
      endloop
   endfacet
   facet normal 0 0 -1
      outer loop
         vertex -0.0207026 -0.0813253 -0.02
         vertex -0.0208418 -0.0812415 -0.02
         vertex -0.02 -0.08 -0.02
      endloop
   endfacet
   facet normal 0 0 -1
      outer loop
         vertex -0.0208418 -0.0812415 -0.02
         vertex -0.0209711 -0.0811432 -0.02
         vertex -0.02 -0.08 -0.02
      endloop
   endfacet
   facet normal 0 0 -1
      outer loop
         vertex -0.0209711 -0.0811432 -0.02
         vertex -0.021089 -0.0810315 -0.02
         vertex -0.02 -0.08 -0.02
      endloop
   endfacet
   facet normal 0 0 -1
      outer loop
         vertex -0.021089 -0.0810315 -0.02
         vertex -0.0211941 -0.0809078 -0.02
         vertex -0.02 -0.08 -0.02
      endloop
   endfacet
   facet normal 0 0 -1
      outer loop
         vertex -0.0211941 -0.0809078 -0.02
         vertex -0.0212853 -0.0807733 -0.02
         vertex -0.02 -0.08 -0.02
      endloop
   endfacet
   facet normal 0 0 -1
      outer loop
         vertex -0.0212853 -0.0807733 -0.02
         vertex -0.0213614 -0.0806298 -0.02
         vertex -0.02 -0.08 -0.02
      endloop
   endfacet
   facet normal 0 0 -1
      outer loop
         vertex -0.0213614 -0.0806298 -0.02
         vertex -0.0214215 -0.080479 -0.02
         vertex -0.02 -0.08 -0.02
      endloop
   endfacet
   facet normal 0 0 -1
      outer loop
         vertex -0.0214215 -0.080479 -0.02
         vertex -0.0214649 -0.0803225 -0.02
         vertex -0.02 -0.08 -0.02
      endloop
   endfacet
   facet normal 0 0 -1
      outer loop
         vertex -0.0214649 -0.0803225 -0.02
         vertex -0.0214912 -0.0801622 -0.02
         vertex -0.02 -0.08 -0.02
      endloop
   endfacet
   facet normal 0 0 -1
      outer loop
         vertex -0.0214912 -0.0801622 -0.02
         vertex -0.0215 -0.08 -0.02
         vertex -0.02 -0.08 -0.02
      endloop
   endfacet
   facet normal 0 0 -1
      outer loop
         vertex -0.0215 -0.08 -0.02
         vertex -0.0214912 -0.0798378 -0.02
         vertex -0.02 -0.08 -0.02
      endloop
   endfacet
   facet normal 1 0 0
      outer loop
         vertex 0.0215 -0.08 0.055
         vertex 0.0215 -0.08 -0.02
         vertex 0.0214912 -0.0798378 -0.02
      endloop
   endfacet
   facet normal 0.994138 0.108119 0
      outer loop
         vertex 0.0214912 -0.0798378 0.055
         vertex 0.0214912 -0.0798378 -0.02
         vertex 0.0214649 -0.0796775 -0.02
      endloop
   endfacet
   facet normal 0.976621 0.21497 0
      outer loop
         vertex 0.0214649 -0.0796775 0.055
         vertex 0.0214649 -0.0796775 -0.02
         vertex 0.0214215 -0.079521 -0.02
      endloop
   endfacet
   facet normal 0.947653 0.319302 0
      outer loop
         vertex 0.0214215 -0.079521 0.055
         vertex 0.0214215 -0.079521 -0.02
         vertex 0.0213614 -0.0793702 -0.02
      endloop
   endfacet
   facet normal 0.907575 0.419889 0
      outer loop
         vertex 0.0213614 -0.0793702 0.055
         vertex 0.0213614 -0.0793702 -0.02
         vertex 0.0212853 -0.0792267 -0.02
      endloop
   endfacet
   facet normal 0.856857 0.515554 0
      outer loop
         vertex 0.0212853 -0.0792267 0.055
         vertex 0.0212853 -0.0792267 -0.02
         vertex 0.0211941 -0.0790922 -0.02
      endloop
   endfacet
   facet normal 0.796093 0.605174 0
      outer loop
         vertex 0.0211941 -0.0790922 0.055
         vertex 0.0211941 -0.0790922 -0.02
         vertex 0.021089 -0.0789685 -0.02
      endloop
   endfacet
   facet normal 0.725995 0.687699 0
      outer loop
         vertex 0.021089 -0.0789685 0.055
         vertex 0.021089 -0.0789685 -0.02
         vertex 0.0209711 -0.0788568 -0.02
      endloop
   endfacet
   facet normal 0.647386 0.762162 0
      outer loop
         vertex 0.0209711 -0.0788568 0.055
         vertex 0.0209711 -0.0788568 -0.02
         vertex 0.0208418 -0.0787585 -0.02
      endloop
   endfacet
   facet normal 0.561187 0.827689 0
      outer loop
         vertex 0.0208418 -0.0787585 0.055
         vertex 0.0208418 -0.0787585 -0.02
         vertex 0.0207026 -0.0786747 -0.02
      endloop
   endfacet
   facet normal 0.468408 0.883512 0
      outer loop
         vertex 0.0207026 -0.0786747 0.055
         vertex 0.0207026 -0.0786747 -0.02
         vertex 0.0205552 -0.0786065 -0.02
      endloop
   endfacet
   facet normal 0.370138 0.928977 0
      outer loop
         vertex 0.0205552 -0.0786065 0.055
         vertex 0.0205552 -0.0786065 -0.02
         vertex 0.0204013 -0.0785547 -0.02
      endloop
   endfacet
   facet normal 0.267528 0.96355 0
      outer loop
         vertex 0.0204013 -0.0785547 0.055
         vertex 0.0204013 -0.0785547 -0.02
         vertex 0.0202427 -0.0785198 -0.02
      endloop
   endfacet
   facet normal 0.161782 0.986827 0
      outer loop
         vertex 0.0202427 -0.0785198 0.055
         vertex 0.0202427 -0.0785198 -0.02
         vertex 0.0200812 -0.0785022 -0.02
      endloop
   endfacet
   facet normal 0.0541389 0.998533 0
      outer loop
         vertex 0.0200812 -0.0785022 0.055
         vertex 0.0200812 -0.0785022 -0.02
         vertex 0.0199188 -0.0785022 -0.02
      endloop
   endfacet
   facet normal -0.0541389 0.998533 0
      outer loop
         vertex 0.0199188 -0.0785022 0.055
         vertex 0.0199188 -0.0785022 -0.02
         vertex 0.0197573 -0.0785198 -0.02
      endloop
   endfacet
   facet normal -0.161782 0.986827 0
      outer loop
         vertex 0.0197573 -0.0785198 0.055
         vertex 0.0197573 -0.0785198 -0.02
         vertex 0.0195987 -0.0785547 -0.02
      endloop
   endfacet
   facet normal -0.267528 0.96355 0
      outer loop
         vertex 0.0195987 -0.0785547 0.055
         vertex 0.0195987 -0.0785547 -0.02
         vertex 0.0194448 -0.0786065 -0.02
      endloop
   endfacet
   facet normal -0.370138 0.928977 0
      outer loop
         vertex 0.0194448 -0.0786065 0.055
         vertex 0.0194448 -0.0786065 -0.02
         vertex 0.0192974 -0.0786747 -0.02
      endloop
   endfacet
   facet normal -0.468408 0.883512 0
      outer loop
         vertex 0.0192974 -0.0786747 0.055
         vertex 0.0192974 -0.0786747 -0.02
         vertex 0.0191582 -0.0787585 -0.02
      endloop
   endfacet
   facet normal -0.561187 0.827689 0
      outer loop
         vertex 0.0191582 -0.0787585 0.055
         vertex 0.0191582 -0.0787585 -0.02
         vertex 0.0190289 -0.0788568 -0.02
      endloop
   endfacet
   facet normal -0.647386 0.762162 0
      outer loop
         vertex 0.0190289 -0.0788568 0.055
         vertex 0.0190289 -0.0788568 -0.02
         vertex 0.018911 -0.0789685 -0.02
      endloop
   endfacet
   facet normal -0.725995 0.687699 0
      outer loop
         vertex 0.018911 -0.0789685 0.055
         vertex 0.018911 -0.0789685 -0.02
         vertex 0.0188059 -0.0790922 -0.02
      endloop
   endfacet
   facet normal -0.796093 0.605174 0
      outer loop
         vertex 0.0188059 -0.0790922 0.055
         vertex 0.0188059 -0.0790922 -0.02
         vertex 0.0187147 -0.0792267 -0.02
      endloop
   endfacet
   facet normal -0.856857 0.515554 0
      outer loop
         vertex 0.0187147 -0.0792267 0.055
         vertex 0.0187147 -0.0792267 -0.02
         vertex 0.0186386 -0.0793702 -0.02
      endloop
   endfacet
   facet normal -0.907575 0.419889 0
      outer loop
         vertex 0.0186386 -0.0793702 0.055
         vertex 0.0186386 -0.0793702 -0.02
         vertex 0.0185785 -0.079521 -0.02
      endloop
   endfacet
   facet normal -0.947653 0.319302 0
      outer loop
         vertex 0.0185785 -0.079521 0.055
         vertex 0.0185785 -0.079521 -0.02
         vertex 0.0185351 -0.0796775 -0.02
      endloop
   endfacet
   facet normal -0.976621 0.21497 0
      outer loop
         vertex 0.0185351 -0.0796775 0.055
         vertex 0.0185351 -0.0796775 -0.02
         vertex 0.0185088 -0.0798378 -0.02
      endloop
   endfacet
   facet normal -0.994138 0.108119 0
      outer loop
         vertex 0.0185088 -0.0798378 0.055
         vertex 0.0185088 -0.0798378 -0.02
         vertex 0.0185 -0.08 -0.02
      endloop
   endfacet
   facet normal -1 1.22465e-16 0
      outer loop
         vertex 0.0185 -0.08 0.055
         vertex 0.0185 -0.08 -0.02
         vertex 0.0185088 -0.0801622 -0.02
      endloop
   endfacet
   facet normal -0.994138 -0.108119 0
      outer loop
         vertex 0.0185088 -0.0801622 0.055
         vertex 0.0185088 -0.0801622 -0.02
         vertex 0.0185351 -0.0803225 -0.02
      endloop
   endfacet
   facet normal -0.976621 -0.21497 0
      outer loop
         vertex 0.0185351 -0.0803225 0.055
         vertex 0.0185351 -0.0803225 -0.02
         vertex 0.0185785 -0.080479 -0.02
      endloop
   endfacet
   facet normal -0.947653 -0.319302 0
      outer loop
         vertex 0.0185785 -0.080479 0.055
         vertex 0.0185785 -0.080479 -0.02
         vertex 0.0186386 -0.0806298 -0.02
      endloop
   endfacet
   facet normal -0.907575 -0.419889 0
      outer loop
         vertex 0.0186386 -0.0806298 0.055
         vertex 0.0186386 -0.0806298 -0.02
         vertex 0.0187147 -0.0807733 -0.02
      endloop
   endfacet
   facet normal -0.856857 -0.515554 0
      outer loop
         vertex 0.0187147 -0.0807733 0.055
         vertex 0.0187147 -0.0807733 -0.02
         vertex 0.0188059 -0.0809078 -0.02
      endloop
   endfacet
   facet normal -0.796093 -0.605174 0
      outer loop
         vertex 0.0188059 -0.0809078 0.055
         vertex 0.0188059 -0.0809078 -0.02
         vertex 0.018911 -0.0810315 -0.02
      endloop
   endfacet
   facet normal -0.725995 -0.687699 0
      outer loop
         vertex 0.018911 -0.0810315 0.055
         vertex 0.018911 -0.0810315 -0.02
         vertex 0.0190289 -0.0811432 -0.02
      endloop
   endfacet
   facet normal -0.647386 -0.762162 0
      outer loop
         vertex 0.0190289 -0.0811432 0.055
         vertex 0.0190289 -0.0811432 -0.02
         vertex 0.0191582 -0.0812415 -0.02
      endloop
   endfacet
   facet normal -0.561187 -0.827689 0
      outer loop
         vertex 0.0191582 -0.0812415 0.055
         vertex 0.0191582 -0.0812415 -0.02
         vertex 0.0192974 -0.0813253 -0.02
      endloop
   endfacet
   facet normal -0.468408 -0.883512 0
      outer loop
         vertex 0.0192974 -0.0813253 0.055
         vertex 0.0192974 -0.0813253 -0.02
         vertex 0.0194448 -0.0813935 -0.02
      endloop
   endfacet
   facet normal -0.370138 -0.928977 0
      outer loop
         vertex 0.0194448 -0.0813935 0.055
         vertex 0.0194448 -0.0813935 -0.02
         vertex 0.0195987 -0.0814453 -0.02
      endloop
   endfacet
   facet normal -0.267528 -0.96355 0
      outer loop
         vertex 0.0195987 -0.0814453 0.055
         vertex 0.0195987 -0.0814453 -0.02
         vertex 0.0197573 -0.0814802 -0.02
      endloop
   endfacet
   facet normal -0.161782 -0.986827 0
      outer loop
         vertex 0.0197573 -0.0814802 0.055
         vertex 0.0197573 -0.0814802 -0.02
         vertex 0.0199188 -0.0814978 -0.02
      endloop
   endfacet
   facet normal -0.0541389 -0.998533 0
      outer loop
         vertex 0.0199188 -0.0814978 0.055
         vertex 0.0199188 -0.0814978 -0.02
         vertex 0.0200812 -0.0814978 -0.02
      endloop
   endfacet
   facet normal 0.0541389 -0.998533 0
      outer loop
         vertex 0.0200812 -0.0814978 0.055
         vertex 0.0200812 -0.0814978 -0.02
         vertex 0.0202427 -0.0814802 -0.02
      endloop
   endfacet
   facet normal 0.161782 -0.986827 0
      outer loop
         vertex 0.0202427 -0.0814802 0.055
         vertex 0.0202427 -0.0814802 -0.02
         vertex 0.0204013 -0.0814453 -0.02
      endloop
   endfacet
   facet normal 0.267528 -0.96355 0
      outer loop
         vertex 0.0204013 -0.0814453 0.055
         vertex 0.0204013 -0.0814453 -0.02
         vertex 0.0205552 -0.0813935 -0.02
      endloop
   endfacet
   facet normal 0.370138 -0.928977 0
      outer loop
         vertex 0.0205552 -0.0813935 0.055
         vertex 0.0205552 -0.0813935 -0.02
         vertex 0.0207026 -0.0813253 -0.02
      endloop
   endfacet
   facet normal 0.468408 -0.883512 0
      outer loop
         vertex 0.0207026 -0.0813253 0.055
         vertex 0.0207026 -0.0813253 -0.02
         vertex 0.0208418 -0.0812415 -0.02
      endloop
   endfacet
   facet normal 0.561187 -0.827689 0
      outer loop
         vertex 0.0208418 -0.0812415 0.055
         vertex 0.0208418 -0.0812415 -0.02
         vertex 0.0209711 -0.0811432 -0.02
      endloop
   endfacet
   facet normal 0.647386 -0.762162 0
      outer loop
         vertex 0.0209711 -0.0811432 0.055
         vertex 0.0209711 -0.0811432 -0.02
         vertex 0.021089 -0.0810315 -0.02
      endloop
   endfacet
   facet normal 0.725995 -0.687699 0
      outer loop
         vertex 0.021089 -0.0810315 0.055
         vertex 0.021089 -0.0810315 -0.02
         vertex 0.0211941 -0.0809078 -0.02
      endloop
   endfacet
   facet normal 0.796093 -0.605174 0
      outer loop
         vertex 0.0211941 -0.0809078 0.055
         vertex 0.0211941 -0.0809078 -0.02
         vertex 0.0212853 -0.0807733 -0.02
      endloop
   endfacet
   facet normal 0.856857 -0.515554 0
      outer loop
         vertex 0.0212853 -0.0807733 0.055
         vertex 0.0212853 -0.0807733 -0.02
         vertex 0.0213614 -0.0806298 -0.02
      endloop
   endfacet
   facet normal 0.907575 -0.419889 0
      outer loop
         vertex 0.0213614 -0.0806298 0.055
         vertex 0.0213614 -0.0806298 -0.02
         vertex 0.0214215 -0.080479 -0.02
      endloop
   endfacet
   facet normal 0.947653 -0.319302 0
      outer loop
         vertex 0.0214215 -0.080479 0.055
         vertex 0.0214215 -0.080479 -0.02
         vertex 0.0214649 -0.0803225 -0.02
      endloop
   endfacet
   facet normal 0.976621 -0.21497 0
      outer loop
         vertex 0.0214649 -0.0803225 0.055
         vertex 0.0214649 -0.0803225 -0.02
         vertex 0.0214912 -0.0801622 -0.02
      endloop
   endfacet
   facet normal 0.994138 -0.108119 0
      outer loop
         vertex 0.0214912 -0.0801622 0.055
         vertex 0.0214912 -0.0801622 -0.02
         vertex 0.0215 -0.08 -0.02
      endloop
   endfacet
   facet normal 1 0 0
      outer loop
         vertex 0.0215 -0.08 -0.02
         vertex 0.0215 -0.08 0.055
         vertex 0.0214912 -0.0801622 0.055
      endloop
   endfacet
   facet normal 0.994138 -0.108119 0
      outer loop
         vertex 0.0214912 -0.0801622 -0.02
         vertex 0.0214912 -0.0801622 0.055
         vertex 0.0214649 -0.0803225 0.055
      endloop
   endfacet
   facet normal 0.976621 -0.21497 0
      outer loop
         vertex 0.0214649 -0.0803225 -0.02
         vertex 0.0214649 -0.0803225 0.055
         vertex 0.0214215 -0.080479 0.055
      endloop
   endfacet
   facet normal 0.947653 -0.319302 0
      outer loop
         vertex 0.0214215 -0.080479 -0.02
         vertex 0.0214215 -0.080479 0.055
         vertex 0.0213614 -0.0806298 0.055
      endloop
   endfacet
   facet normal 0.907575 -0.419889 0
      outer loop
         vertex 0.0213614 -0.0806298 -0.02
         vertex 0.0213614 -0.0806298 0.055
         vertex 0.0212853 -0.0807733 0.055
      endloop
   endfacet
   facet normal 0.856857 -0.515554 0
      outer loop
         vertex 0.0212853 -0.0807733 -0.02
         vertex 0.0212853 -0.0807733 0.055
         vertex 0.0211941 -0.0809078 0.055
      endloop
   endfacet
   facet normal 0.796093 -0.605174 0
      outer loop
         vertex 0.0211941 -0.0809078 -0.02
         vertex 0.0211941 -0.0809078 0.055
         vertex 0.021089 -0.0810315 0.055
      endloop
   endfacet
   facet normal 0.725995 -0.687699 0
      outer loop
         vertex 0.021089 -0.0810315 -0.02
         vertex 0.021089 -0.0810315 0.055
         vertex 0.0209711 -0.0811432 0.055
      endloop
   endfacet
   facet normal 0.647386 -0.762162 0
      outer loop
         vertex 0.0209711 -0.0811432 -0.02
         vertex 0.0209711 -0.0811432 0.055
         vertex 0.0208418 -0.0812415 0.055
      endloop
   endfacet
   facet normal 0.561187 -0.827689 0
      outer loop
         vertex 0.0208418 -0.0812415 -0.02
         vertex 0.0208418 -0.0812415 0.055
         vertex 0.0207026 -0.0813253 0.055
      endloop
   endfacet
   facet normal 0.468408 -0.883512 0
      outer loop
         vertex 0.0207026 -0.0813253 -0.02
         vertex 0.0207026 -0.0813253 0.055
         vertex 0.0205552 -0.0813935 0.055
      endloop
   endfacet
   facet normal 0.370138 -0.928977 0
      outer loop
         vertex 0.0205552 -0.0813935 -0.02
         vertex 0.0205552 -0.0813935 0.055
         vertex 0.0204013 -0.0814453 0.055
      endloop
   endfacet
   facet normal 0.267528 -0.96355 0
      outer loop
         vertex 0.0204013 -0.0814453 -0.02
         vertex 0.0204013 -0.0814453 0.055
         vertex 0.0202427 -0.0814802 0.055
      endloop
   endfacet
   facet normal 0.161782 -0.986827 0
      outer loop
         vertex 0.0202427 -0.0814802 -0.02
         vertex 0.0202427 -0.0814802 0.055
         vertex 0.0200812 -0.0814978 0.055
      endloop
   endfacet
   facet normal 0.0541389 -0.998533 0
      outer loop
         vertex 0.0200812 -0.0814978 -0.02
         vertex 0.0200812 -0.0814978 0.055
         vertex 0.0199188 -0.0814978 0.055
      endloop
   endfacet
   facet normal -0.0541389 -0.998533 0
      outer loop
         vertex 0.0199188 -0.0814978 -0.02
         vertex 0.0199188 -0.0814978 0.055
         vertex 0.0197573 -0.0814802 0.055
      endloop
   endfacet
   facet normal -0.161782 -0.986827 0
      outer loop
         vertex 0.0197573 -0.0814802 -0.02
         vertex 0.0197573 -0.0814802 0.055
         vertex 0.0195987 -0.0814453 0.055
      endloop
   endfacet
   facet normal -0.267528 -0.96355 0
      outer loop
         vertex 0.0195987 -0.0814453 -0.02
         vertex 0.0195987 -0.0814453 0.055
         vertex 0.0194448 -0.0813935 0.055
      endloop
   endfacet
   facet normal -0.370138 -0.928977 0
      outer loop
         vertex 0.0194448 -0.0813935 -0.02
         vertex 0.0194448 -0.0813935 0.055
         vertex 0.0192974 -0.0813253 0.055
      endloop
   endfacet
   facet normal -0.468408 -0.883512 0
      outer loop
         vertex 0.0192974 -0.0813253 -0.02
         vertex 0.0192974 -0.0813253 0.055
         vertex 0.0191582 -0.0812415 0.055
      endloop
   endfacet
   facet normal -0.561187 -0.827689 0
      outer loop
         vertex 0.0191582 -0.0812415 -0.02
         vertex 0.0191582 -0.0812415 0.055
         vertex 0.0190289 -0.0811432 0.055
      endloop
   endfacet
   facet normal -0.647386 -0.762162 0
      outer loop
         vertex 0.0190289 -0.0811432 -0.02
         vertex 0.0190289 -0.0811432 0.055
         vertex 0.018911 -0.0810315 0.055
      endloop
   endfacet
   facet normal -0.725995 -0.687699 0
      outer loop
         vertex 0.018911 -0.0810315 -0.02
         vertex 0.018911 -0.0810315 0.055
         vertex 0.0188059 -0.0809078 0.055
      endloop
   endfacet
   facet normal -0.796093 -0.605174 0
      outer loop
         vertex 0.0188059 -0.0809078 -0.02
         vertex 0.0188059 -0.0809078 0.055
         vertex 0.0187147 -0.0807733 0.055
      endloop
   endfacet
   facet normal -0.856857 -0.515554 0
      outer loop
         vertex 0.0187147 -0.0807733 -0.02
         vertex 0.0187147 -0.0807733 0.055
         vertex 0.0186386 -0.0806298 0.055
      endloop
   endfacet
   facet normal -0.907575 -0.419889 0
      outer loop
         vertex 0.0186386 -0.0806298 -0.02
         vertex 0.0186386 -0.0806298 0.055
         vertex 0.0185785 -0.080479 0.055
      endloop
   endfacet
   facet normal -0.947653 -0.319302 0
      outer loop
         vertex 0.0185785 -0.080479 -0.02
         vertex 0.0185785 -0.080479 0.055
         vertex 0.0185351 -0.0803225 0.055
      endloop
   endfacet
   facet normal -0.976621 -0.21497 0
      outer loop
         vertex 0.0185351 -0.0803225 -0.02
         vertex 0.0185351 -0.0803225 0.055
         vertex 0.0185088 -0.0801622 0.055
      endloop
   endfacet
   facet normal -0.994138 -0.108119 0
      outer loop
         vertex 0.0185088 -0.0801622 -0.02
         vertex 0.0185088 -0.0801622 0.055
         vertex 0.0185 -0.08 0.055
      endloop
   endfacet
   facet normal -1 1.22465e-16 0
      outer loop
         vertex 0.0185 -0.08 -0.02
         vertex 0.0185 -0.08 0.055
         vertex 0.0185088 -0.0798378 0.055
      endloop
   endfacet
   facet normal -0.994138 0.108119 0
      outer loop
         vertex 0.0185088 -0.0798378 -0.02
         vertex 0.0185088 -0.0798378 0.055
         vertex 0.0185351 -0.0796775 0.055
      endloop
   endfacet
   facet normal -0.976621 0.21497 0
      outer loop
         vertex 0.0185351 -0.0796775 -0.02
         vertex 0.0185351 -0.0796775 0.055
         vertex 0.0185785 -0.079521 0.055
      endloop
   endfacet
   facet normal -0.947653 0.319302 0
      outer loop
         vertex 0.0185785 -0.079521 -0.02
         vertex 0.0185785 -0.079521 0.055
         vertex 0.0186386 -0.0793702 0.055
      endloop
   endfacet
   facet normal -0.907575 0.419889 0
      outer loop
         vertex 0.0186386 -0.0793702 -0.02
         vertex 0.0186386 -0.0793702 0.055
         vertex 0.0187147 -0.0792267 0.055
      endloop
   endfacet
   facet normal -0.856857 0.515554 0
      outer loop
         vertex 0.0187147 -0.0792267 -0.02
         vertex 0.0187147 -0.0792267 0.055
         vertex 0.0188059 -0.0790922 0.055
      endloop
   endfacet
   facet normal -0.796093 0.605174 0
      outer loop
         vertex 0.0188059 -0.0790922 -0.02
         vertex 0.0188059 -0.0790922 0.055
         vertex 0.018911 -0.0789685 0.055
      endloop
   endfacet
   facet normal -0.725995 0.687699 0
      outer loop
         vertex 0.018911 -0.0789685 -0.02
         vertex 0.018911 -0.0789685 0.055
         vertex 0.0190289 -0.0788568 0.055
      endloop
   endfacet
   facet normal -0.647386 0.762162 0
      outer loop
         vertex 0.0190289 -0.0788568 -0.02
         vertex 0.0190289 -0.0788568 0.055
         vertex 0.0191582 -0.0787585 0.055
      endloop
   endfacet
   facet normal -0.561187 0.827689 0
      outer loop
         vertex 0.0191582 -0.0787585 -0.02
         vertex 0.0191582 -0.0787585 0.055
         vertex 0.0192974 -0.0786747 0.055
      endloop
   endfacet
   facet normal -0.468408 0.883512 0
      outer loop
         vertex 0.0192974 -0.0786747 -0.02
         vertex 0.0192974 -0.0786747 0.055
         vertex 0.0194448 -0.0786065 0.055
      endloop
   endfacet
   facet normal -0.370138 0.928977 0
      outer loop
         vertex 0.0194448 -0.0786065 -0.02
         vertex 0.0194448 -0.0786065 0.055
         vertex 0.0195987 -0.0785547 0.055
      endloop
   endfacet
   facet normal -0.267528 0.96355 0
      outer loop
         vertex 0.0195987 -0.0785547 -0.02
         vertex 0.0195987 -0.0785547 0.055
         vertex 0.0197573 -0.0785198 0.055
      endloop
   endfacet
   facet normal -0.161782 0.986827 0
      outer loop
         vertex 0.0197573 -0.0785198 -0.02
         vertex 0.0197573 -0.0785198 0.055
         vertex 0.0199188 -0.0785022 0.055
      endloop
   endfacet
   facet normal -0.0541389 0.998533 0
      outer loop
         vertex 0.0199188 -0.0785022 -0.02
         vertex 0.0199188 -0.0785022 0.055
         vertex 0.0200812 -0.0785022 0.055
      endloop
   endfacet
   facet normal 0.0541389 0.998533 0
      outer loop
         vertex 0.0200812 -0.0785022 -0.02
         vertex 0.0200812 -0.0785022 0.055
         vertex 0.0202427 -0.0785198 0.055
      endloop
   endfacet
   facet normal 0.161782 0.986827 0
      outer loop
         vertex 0.0202427 -0.0785198 -0.02
         vertex 0.0202427 -0.0785198 0.055
         vertex 0.0204013 -0.0785547 0.055
      endloop
   endfacet
   facet normal 0.267528 0.96355 0
      outer loop
         vertex 0.0204013 -0.0785547 -0.02
         vertex 0.0204013 -0.0785547 0.055
         vertex 0.0205552 -0.0786065 0.055
      endloop
   endfacet
   facet normal 0.370138 0.928977 0
      outer loop
         vertex 0.0205552 -0.0786065 -0.02
         vertex 0.0205552 -0.0786065 0.055
         vertex 0.0207026 -0.0786747 0.055
      endloop
   endfacet
   facet normal 0.468408 0.883512 0
      outer loop
         vertex 0.0207026 -0.0786747 -0.02
         vertex 0.0207026 -0.0786747 0.055
         vertex 0.0208418 -0.0787585 0.055
      endloop
   endfacet
   facet normal 0.561187 0.827689 0
      outer loop
         vertex 0.0208418 -0.0787585 -0.02
         vertex 0.0208418 -0.0787585 0.055
         vertex 0.0209711 -0.0788568 0.055
      endloop
   endfacet
   facet normal 0.647386 0.762162 0
      outer loop
         vertex 0.0209711 -0.0788568 -0.02
         vertex 0.0209711 -0.0788568 0.055
         vertex 0.021089 -0.0789685 0.055
      endloop
   endfacet
   facet normal 0.725995 0.687699 0
      outer loop
         vertex 0.021089 -0.0789685 -0.02
         vertex 0.021089 -0.0789685 0.055
         vertex 0.0211941 -0.0790922 0.055
      endloop
   endfacet
   facet normal 0.796093 0.605174 0
      outer loop
         vertex 0.0211941 -0.0790922 -0.02
         vertex 0.0211941 -0.0790922 0.055
         vertex 0.0212853 -0.0792267 0.055
      endloop
   endfacet
   facet normal 0.856857 0.515554 0
      outer loop
         vertex 0.0212853 -0.0792267 -0.02
         vertex 0.0212853 -0.0792267 0.055
         vertex 0.0213614 -0.0793702 0.055
      endloop
   endfacet
   facet normal 0.907575 0.419889 0
      outer loop
         vertex 0.0213614 -0.0793702 -0.02
         vertex 0.0213614 -0.0793702 0.055
         vertex 0.0214215 -0.079521 0.055
      endloop
   endfacet
   facet normal 0.947653 0.319302 0
      outer loop
         vertex 0.0214215 -0.079521 -0.02
         vertex 0.0214215 -0.079521 0.055
         vertex 0.0214649 -0.0796775 0.055
      endloop
   endfacet
   facet normal 0.976621 0.21497 0
      outer loop
         vertex 0.0214649 -0.0796775 -0.02
         vertex 0.0214649 -0.0796775 0.055
         vertex 0.0214912 -0.0798378 0.055
      endloop
   endfacet
   facet normal 0.994138 0.108119 0
      outer loop
         vertex 0.0214912 -0.0798378 -0.02
         vertex 0.0214912 -0.0798378 0.055
         vertex 0.0215 -0.08 0.055
      endloop
   endfacet
   facet normal 0 0 -1
      outer loop
         vertex 0.02 -0.08 -0.02
         vertex 0.0185088 -0.0798378 -0.02
         vertex 0.0185351 -0.0796775 -0.02
      endloop
   endfacet
   facet normal 0 0 -1
      outer loop
         vertex 0.0185351 -0.0796775 -0.02
         vertex 0.0185785 -0.079521 -0.02
         vertex 0.02 -0.08 -0.02
      endloop
   endfacet
   facet normal 0 0 -1
      outer loop
         vertex 0.0185785 -0.079521 -0.02
         vertex 0.0186386 -0.0793702 -0.02
         vertex 0.02 -0.08 -0.02
      endloop
   endfacet
   facet normal 0 0 -1
      outer loop
         vertex 0.0186386 -0.0793702 -0.02
         vertex 0.0187147 -0.0792267 -0.02
         vertex 0.02 -0.08 -0.02
      endloop
   endfacet
   facet normal 0 0 -1
      outer loop
         vertex 0.0187147 -0.0792267 -0.02
         vertex 0.0188059 -0.0790922 -0.02
         vertex 0.02 -0.08 -0.02
      endloop
   endfacet
   facet normal 0 0 -1
      outer loop
         vertex 0.0188059 -0.0790922 -0.02
         vertex 0.018911 -0.0789685 -0.02
         vertex 0.02 -0.08 -0.02
      endloop
   endfacet
   facet normal 0 0 -1
      outer loop
         vertex 0.018911 -0.0789685 -0.02
         vertex 0.0190289 -0.0788568 -0.02
         vertex 0.02 -0.08 -0.02
      endloop
   endfacet
   facet normal 0 0 -1
      outer loop
         vertex 0.0190289 -0.0788568 -0.02
         vertex 0.0191582 -0.0787585 -0.02
         vertex 0.02 -0.08 -0.02
      endloop
   endfacet
   facet normal 0 0 -1
      outer loop
         vertex 0.0191582 -0.0787585 -0.02
         vertex 0.0192974 -0.0786747 -0.02
         vertex 0.02 -0.08 -0.02
      endloop
   endfacet
   facet normal 0 0 -1
      outer loop
         vertex 0.0192974 -0.0786747 -0.02
         vertex 0.0194448 -0.0786065 -0.02
         vertex 0.02 -0.08 -0.02
      endloop
   endfacet
   facet normal 0 0 -1
      outer loop
         vertex 0.0194448 -0.0786065 -0.02
         vertex 0.0195987 -0.0785547 -0.02
         vertex 0.02 -0.08 -0.02
      endloop
   endfacet
   facet normal 0 0 -1
      outer loop
         vertex 0.0195987 -0.0785547 -0.02
         vertex 0.0197573 -0.0785198 -0.02
         vertex 0.02 -0.08 -0.02
      endloop
   endfacet
   facet normal 0 0 -1
      outer loop
         vertex 0.0197573 -0.0785198 -0.02
         vertex 0.0199188 -0.0785022 -0.02
         vertex 0.02 -0.08 -0.02
      endloop
   endfacet
   facet normal 0 0 -1
      outer loop
         vertex 0.0199188 -0.0785022 -0.02
         vertex 0.0200812 -0.0785022 -0.02
         vertex 0.02 -0.08 -0.02
      endloop
   endfacet
   facet normal 0 0 -1
      outer loop
         vertex 0.0200812 -0.0785022 -0.02
         vertex 0.0202427 -0.0785198 -0.02
         vertex 0.02 -0.08 -0.02
      endloop
   endfacet
   facet normal 0 0 -1
      outer loop
         vertex 0.0202427 -0.0785198 -0.02
         vertex 0.0204013 -0.0785547 -0.02
         vertex 0.02 -0.08 -0.02
      endloop
   endfacet
   facet normal 0 0 -1
      outer loop
         vertex 0.0204013 -0.0785547 -0.02
         vertex 0.0205552 -0.0786065 -0.02
         vertex 0.02 -0.08 -0.02
      endloop
   endfacet
   facet normal 0 0 -1
      outer loop
         vertex 0.0205552 -0.0786065 -0.02
         vertex 0.0207026 -0.0786747 -0.02
         vertex 0.02 -0.08 -0.02
      endloop
   endfacet
   facet normal 0 0 -1
      outer loop
         vertex 0.0207026 -0.0786747 -0.02
         vertex 0.0208418 -0.0787585 -0.02
         vertex 0.02 -0.08 -0.02
      endloop
   endfacet
   facet normal 0 0 -1
      outer loop
         vertex 0.0208418 -0.0787585 -0.02
         vertex 0.0209711 -0.0788568 -0.02
         vertex 0.02 -0.08 -0.02
      endloop
   endfacet
   facet normal 0 0 -1
      outer loop
         vertex 0.0209711 -0.0788568 -0.02
         vertex 0.021089 -0.0789685 -0.02
         vertex 0.02 -0.08 -0.02
      endloop
   endfacet
   facet normal 0 0 -1
      outer loop
         vertex 0.021089 -0.0789685 -0.02
         vertex 0.0211941 -0.0790922 -0.02
         vertex 0.02 -0.08 -0.02
      endloop
   endfacet
   facet normal 0 0 -1
      outer loop
         vertex 0.0211941 -0.0790922 -0.02
         vertex 0.0212853 -0.0792267 -0.02
         vertex 0.02 -0.08 -0.02
      endloop
   endfacet
   facet normal 0 0 -1
      outer loop
         vertex 0.0212853 -0.0792267 -0.02
         vertex 0.0213614 -0.0793702 -0.02
         vertex 0.02 -0.08 -0.02
      endloop
   endfacet
   facet normal 0 0 -1
      outer loop
         vertex 0.0213614 -0.0793702 -0.02
         vertex 0.0214215 -0.079521 -0.02
         vertex 0.02 -0.08 -0.02
      endloop
   endfacet
   facet normal 0 0 -1
      outer loop
         vertex 0.0214215 -0.079521 -0.02
         vertex 0.0214649 -0.0796775 -0.02
         vertex 0.02 -0.08 -0.02
      endloop
   endfacet
   facet normal 0 0 -1
      outer loop
         vertex 0.0214649 -0.0796775 -0.02
         vertex 0.0214912 -0.0798378 -0.02
         vertex 0.02 -0.08 -0.02
      endloop
   endfacet
   facet normal 0 0 -1
      outer loop
         vertex 0.0214912 -0.0798378 -0.02
         vertex 0.0215 -0.08 -0.02
         vertex 0.02 -0.08 -0.02
      endloop
   endfacet
   facet normal 0 0 -1
      outer loop
         vertex 0.0215 -0.08 -0.02
         vertex 0.0214912 -0.0801622 -0.02
         vertex 0.02 -0.08 -0.02
      endloop
   endfacet
   facet normal 0 0 -1
      outer loop
         vertex 0.0214912 -0.0801622 -0.02
         vertex 0.0214649 -0.0803225 -0.02
         vertex 0.02 -0.08 -0.02
      endloop
   endfacet
   facet normal 0 0 -1
      outer loop
         vertex 0.0214649 -0.0803225 -0.02
         vertex 0.0214215 -0.080479 -0.02
         vertex 0.02 -0.08 -0.02
      endloop
   endfacet
   facet normal 0 0 -1
      outer loop
         vertex 0.0214215 -0.080479 -0.02
         vertex 0.0213614 -0.0806298 -0.02
         vertex 0.02 -0.08 -0.02
      endloop
   endfacet
   facet normal 0 0 -1
      outer loop
         vertex 0.0213614 -0.0806298 -0.02
         vertex 0.0212853 -0.0807733 -0.02
         vertex 0.02 -0.08 -0.02
      endloop
   endfacet
   facet normal 0 0 -1
      outer loop
         vertex 0.0212853 -0.0807733 -0.02
         vertex 0.0211941 -0.0809078 -0.02
         vertex 0.02 -0.08 -0.02
      endloop
   endfacet
   facet normal 0 0 -1
      outer loop
         vertex 0.0211941 -0.0809078 -0.02
         vertex 0.021089 -0.0810315 -0.02
         vertex 0.02 -0.08 -0.02
      endloop
   endfacet
   facet normal 0 0 -1
      outer loop
         vertex 0.021089 -0.0810315 -0.02
         vertex 0.0209711 -0.0811432 -0.02
         vertex 0.02 -0.08 -0.02
      endloop
   endfacet
   facet normal 0 0 -1
      outer loop
         vertex 0.0209711 -0.0811432 -0.02
         vertex 0.0208418 -0.0812415 -0.02
         vertex 0.02 -0.08 -0.02
      endloop
   endfacet
   facet normal 0 0 -1
      outer loop
         vertex 0.0208418 -0.0812415 -0.02
         vertex 0.0207026 -0.0813253 -0.02
         vertex 0.02 -0.08 -0.02
      endloop
   endfacet
   facet normal 0 0 -1
      outer loop
         vertex 0.0207026 -0.0813253 -0.02
         vertex 0.0205552 -0.0813935 -0.02
         vertex 0.02 -0.08 -0.02
      endloop
   endfacet
   facet normal 0 0 -1
      outer loop
         vertex 0.0205552 -0.0813935 -0.02
         vertex 0.0204013 -0.0814453 -0.02
         vertex 0.02 -0.08 -0.02
      endloop
   endfacet
   facet normal 0 0 -1
      outer loop
         vertex 0.0204013 -0.0814453 -0.02
         vertex 0.0202427 -0.0814802 -0.02
         vertex 0.02 -0.08 -0.02
      endloop
   endfacet
   facet normal 0 0 -1
      outer loop
         vertex 0.0202427 -0.0814802 -0.02
         vertex 0.0200812 -0.0814978 -0.02
         vertex 0.02 -0.08 -0.02
      endloop
   endfacet
   facet normal 0 0 -1
      outer loop
         vertex 0.0200812 -0.0814978 -0.02
         vertex 0.0199188 -0.0814978 -0.02
         vertex 0.02 -0.08 -0.02
      endloop
   endfacet
   facet normal 0 0 -1
      outer loop
         vertex 0.0199188 -0.0814978 -0.02
         vertex 0.0197573 -0.0814802 -0.02
         vertex 0.02 -0.08 -0.02
      endloop
   endfacet
   facet normal 0 0 -1
      outer loop
         vertex 0.0197573 -0.0814802 -0.02
         vertex 0.0195987 -0.0814453 -0.02
         vertex 0.02 -0.08 -0.02
      endloop
   endfacet
   facet normal 0 0 -1
      outer loop
         vertex 0.0195987 -0.0814453 -0.02
         vertex 0.0194448 -0.0813935 -0.02
         vertex 0.02 -0.08 -0.02
      endloop
   endfacet
   facet normal 0 0 -1
      outer loop
         vertex 0.0194448 -0.0813935 -0.02
         vertex 0.0192974 -0.0813253 -0.02
         vertex 0.02 -0.08 -0.02
      endloop
   endfacet
   facet normal 0 0 -1
      outer loop
         vertex 0.0192974 -0.0813253 -0.02
         vertex 0.0191582 -0.0812415 -0.02
         vertex 0.02 -0.08 -0.02
      endloop
   endfacet
   facet normal 0 0 -1
      outer loop
         vertex 0.0191582 -0.0812415 -0.02
         vertex 0.0190289 -0.0811432 -0.02
         vertex 0.02 -0.08 -0.02
      endloop
   endfacet
   facet normal 0 0 -1
      outer loop
         vertex 0.0190289 -0.0811432 -0.02
         vertex 0.018911 -0.0810315 -0.02
         vertex 0.02 -0.08 -0.02
      endloop
   endfacet
   facet normal 0 0 -1
      outer loop
         vertex 0.018911 -0.0810315 -0.02
         vertex 0.0188059 -0.0809078 -0.02
         vertex 0.02 -0.08 -0.02
      endloop
   endfacet
   facet normal 0 0 -1
      outer loop
         vertex 0.0188059 -0.0809078 -0.02
         vertex 0.0187147 -0.0807733 -0.02
         vertex 0.02 -0.08 -0.02
      endloop
   endfacet
   facet normal 0 0 -1
      outer loop
         vertex 0.0187147 -0.0807733 -0.02
         vertex 0.0186386 -0.0806298 -0.02
         vertex 0.02 -0.08 -0.02
      endloop
   endfacet
   facet normal 0 0 -1
      outer loop
         vertex 0.0186386 -0.0806298 -0.02
         vertex 0.0185785 -0.080479 -0.02
         vertex 0.02 -0.08 -0.02
      endloop
   endfacet
   facet normal 0 0 -1
      outer loop
         vertex 0.0185785 -0.080479 -0.02
         vertex 0.0185351 -0.0803225 -0.02
         vertex 0.02 -0.08 -0.02
      endloop
   endfacet
   facet normal 0 0 -1
      outer loop
         vertex 0.0185351 -0.0803225 -0.02
         vertex 0.0185088 -0.0801622 -0.02
         vertex 0.02 -0.08 -0.02
      endloop
   endfacet
   facet normal 0 0 -1
      outer loop
         vertex 0.0185088 -0.0801622 -0.02
         vertex 0.0185 -0.08 -0.02
         vertex 0.02 -0.08 -0.02
      endloop
   endfacet
   facet normal 0 0 -1
      outer loop
         vertex 0.0185 -0.08 -0.02
         vertex 0.0185088 -0.0798378 -0.02
         vertex 0.02 -0.08 -0.02
      endloop
   endfacet
endsolid Probe. Units = meters